Fighter_Name,Height_cm,Weight_lbs,Reach_cm,Age,Win_Rate,Total_Fights,SLpM,Str_Acc_f,SApM,Str_Def_f,TD_Avg,TD_Acc_f,TD_Def_f,Sub_Avg
Travis Fulton,182.9,240.0,182.9,46.6,0.8006329113924051,58,0.0,0.0,0.0,0.0,0.0,0.0,0.0,0.0
Shannon Ritch,175.3,190.0,182.9,53.3,0.4028776978417266,58,1.0,0.75,6.0,0.5,0.0,0.0,0.0,0.0
Dan Severn,188.0,250.0,182.9,59.08599999999997,0.8347107438016529,58,0.0,0.0,0.0,0.0,0.0,0.0,0.0,0.0
Jeremy Horn,185.4,185.0,188.0,48.4,0.7711864406779662,58,1.19,0.39,1.99,0.55,1.83,0.38,0.29,1.1
Ikuhisa Minowa,175.3,181.0,182.9,48.0,0.5454545454545454,58,0.88,0.4,1.66,0.49,1.82,0.41,0.05,1.9
Dennis Reed,177.8,205.0,182.9,54.3,0.4166666666666667,58,0.0,0.0,0.0,0.0,0.0,0.0,0.0,0.0
Yuki Kondo,180.3,183.0,182.9,48.5,0.5882352941176471,58,1.14,0.42,2.57,0.51,0.76,0.41,0.37,0.5
Travis Wiuff,190.5,205.0,182.9,45.8,0.78125,58,0.48,0.3,4.03,0.41,4.84,0.57,0.44,1.2
Keiichiro Yamamiya,180.3,185.0,182.9,51.5,0.5,58,0.0,0.0,0.0,0.0,0.0,0.0,0.0,0.0
Shonie Carter,177.8,170.0,182.9,51.7,0.5730337078651685,58,1.62,0.36,2.32,0.47,0.75,0.66,0.75,0.0
Adrian Serrano,172.7,170.0,182.9,59.08599999999997,0.6292134831460674,58,0.0,0.0,0.0,0.0,0.0,0.0,0.0,0.0
Jeff Monson,175.3,247.0,188.0,53.0,0.6896551724137931,58,0.97,0.3,2.87,0.59,1.06,0.12,0.66,0.7
Ricco Rodriguez,193.0,265.0,182.9,46.4,0.6794871794871795,58,1.85,0.51,1.15,0.61,2.3,0.39,0.4,1.0
Aleksei Oleinik,188.0,240.0,203.2,46.5,0.7692307692307693,58,3.29,0.48,3.8,0.44,1.82,0.46,0.37,1.9
Joe Pearson,177.8,145.0,182.9,45.8,0.5921052631578947,58,0.59,0.18,3.51,0.33,0.0,0.0,0.0,4.4
Dennis Hallman,175.3,155.0,182.9,48.1,0.7066666666666667,58,1.12,0.44,1.96,0.43,1.79,0.3,0.25,2.1
Luis Santos,185.4,170.0,182.9,44.0,0.8513513513513513,58,4.4,0.57,4.0,0.64,0.0,0.0,0.0,0.0
Brian Ebersole,182.9,170.0,185.4,43.1,0.7285714285714285,58,2.32,0.49,2.14,0.56,1.7,0.23,0.61,0.1
Rich Clementi,175.3,155.0,182.9,47.8,0.6521739130434783,58,1.43,0.37,2.29,0.6,1.72,0.42,0.25,1.1
Joe Doerksen,182.9,185.0,190.5,46.2,0.7611940298507462,58,1.43,0.42,2.79,0.5,2.02,0.33,0.33,2.3
Alistair Overeem,193.0,265.0,203.2,43.6,0.7121212121212122,58,3.67,0.64,2.44,0.57,1.42,0.55,0.73,0.8
Joe Jordan,167.6,155.0,182.9,45.4,0.7538461538461538,58,1.85,0.25,4.27,0.59,0.0,0.0,0.66,0.0
Igor Vovchanchyn,172.7,205.0,182.9,50.4,0.8461538461538461,58,1.59,0.49,0.97,0.63,1.19,0.66,0.5,0.5
Alexander Shlemenko,180.3,185.0,182.9,39.6,0.8615384615384616,58,4.36,0.6,1.71,0.63,0.0,0.0,0.0,0.0
Yves Edwards,175.3,155.0,185.4,47.3,0.6461538461538462,58,2.91,0.42,2.34,0.66,0.76,0.53,0.69,0.7
Sean Wilson,172.7,145.0,182.9,41.2,0.5538461538461539,58,1.01,0.31,5.88,0.62,0.0,0.0,0.0,0.0
Charles Bennett,172.7,155.0,182.9,44.1,0.46153846153846156,58,1.39,0.39,1.35,0.64,2.02,1.0,0.36,2.0
Hideo Tokoro,170.2,135.0,182.9,46.4,0.5230769230769231,58,1.78,0.37,2.01,0.65,0.87,0.34,0.44,2.3
Dave Menne,177.8,170.0,182.9,49.4,0.703125,58,1.84,0.44,1.99,0.42,0.46,0.5,0.57,2.5
Akihiro Gono,170.2,170.0,172.7,49.2,0.546875,58,2.18,0.48,2.67,0.63,1.01,0.84,0.46,0.5
Drew Fickett,177.8,155.0,177.8,44.0,0.6666666666666666,58,2.33,0.41,2.29,0.57,1.3,0.35,0.3,2.2
Alonzo Martinez,177.8,155.0,182.9,39.7,0.6666666666666666,58,3.07,0.27,7.33,0.52,0.0,0.0,0.0,0.0
Satoru Kitaoka,167.6,154.0,182.9,43.9,0.6349206349206349,58,0.68,0.33,2.15,0.45,0.62,0.1,0.27,2.1
Valentijn Overeem,190.5,230.0,182.9,47.4,0.4838709677419355,58,0.93,0.34,1.49,0.58,1.86,0.5,0.0,4.7
Harris Sarmiento,175.3,155.0,182.9,40.3,0.5806451612903226,58,0.84,0.25,3.46,0.36,2.36,0.6,0.57,0.0
Ron Fields,188.0,200.0,182.9,49.1,0.45901639344262296,58,0.33,0.33,2.64,0.11,0.0,0.0,0.0,0.0
Joe Riggs,182.9,185.0,177.8,41.3,0.7213114754098361,58,2.41,0.51,1.69,0.57,2.45,0.55,0.62,0.6
Vernon White,182.9,205.0,182.9,52.1,0.4262295081967213,58,2.11,0.38,2.2,0.54,0.88,0.28,0.44,0.0
Yoshiki Takahashi,180.3,199.0,182.9,54.8,0.5,58,2.26,0.51,6.47,0.44,0.0,0.0,0.66,2.3
Anthony Smith,193.0,205.0,193.0,35.4,0.6333333333333333,58,3.19,0.49,5.04,0.44,0.44,0.22,0.5,0.6
Clay Guida,170.2,155.0,177.8,42.1,0.6333333333333333,58,2.63,0.33,3.0,0.61,3.1,0.35,0.66,0.6
Rocky Long,177.8,145.0,182.9,45.9,0.3559322033898305,58,0.0,0.0,0.0,0.0,0.0,0.0,0.0,0.0
Jorge Patino,172.7,170.0,182.9,50.4,0.6440677966101694,58,1.33,0.3,3.14,0.53,0.54,0.25,0.5,0.0
Shunichi Shimizu,165.1,135.0,182.9,38.9,0.5084745762711864,58,0.14,0.33,4.68,0.3,0.0,0.0,0.0,0.0
Gerald Meerschaert,185.4,205.0,195.6,36.0,0.6271186440677966,58,2.95,0.45,3.44,0.53,1.7,0.29,0.4,1.5
Jim Miller,172.7,155.0,180.3,40.3,0.6724137931034483,58,2.92,0.42,3.43,0.56,1.49,0.45,0.47,1.7
Geronimo dos Santos,190.5,264.0,182.9,43.4,0.6724137931034483,58,1.09,0.33,8.73,0.41,0.0,0.0,0.33,0.0
Andrei Arlovski,190.5,240.0,195.6,44.9,0.5862068965517241,58,3.82,0.45,3.22,0.57,0.37,0.35,0.76,0.2
Caol Uno,170.2,155.0,177.8,48.7,0.5789473684210527,57,1.91,0.49,1.9,0.5,1.95,0.31,0.37,0.5
Pat Healy,182.9,155.0,182.9,40.5,0.5964912280701754,57,2.57,0.36,2.57,0.5,3.08,0.37,0.55,1.1
Gilbert Yvel,188.0,225.0,195.6,47.5,0.6964285714285714,56,1.05,0.47,1.78,0.5,0.0,0.0,0.25,1.0
Nate Marquardt,182.9,185.0,188.0,44.7,0.625,56,2.71,0.49,2.32,0.55,1.87,0.51,0.7,0.8
Tyrone Roberts,175.3,185.0,182.9,51.5,0.7678571428571429,56,0.0,0.0,0.0,0.0,0.0,0.0,0.0,0.0
Matt Horwich,185.4,185.0,182.9,45.2,0.5357142857142857,56,1.11,0.62,2.16,0.38,0.33,0.09,0.28,2.7
Jaime Jara,185.4,205.0,182.9,54.4,0.6785714285714286,56,2.2,0.6,1.47,0.56,0.0,0.0,0.25,0.0
Yoshiro Maeda,170.2,139.0,172.7,42.2,0.625,56,2.36,0.33,2.55,0.63,2.93,0.51,0.5,0.7
Eiji Ishikawa,177.8,170.0,182.9,44.2,0.5178571428571429,56,1.2,0.29,4.07,0.6,1.0,0.09,0.0,0.0
Dave Cochran,167.6,155.0,182.9,50.6,0.4642857142857143,56,0.0,0.0,0.0,0.0,0.0,0.0,0.0,0.0
Paul Daley,175.3,170.0,193.0,40.9,0.6964285714285714,56,3.14,0.47,2.37,0.6,0.91,0.4,0.64,0.0
Jeff Curran,167.6,135.0,175.3,46.3,0.6545454545454545,55,1.54,0.31,2.48,0.6,0.35,0.12,0.35,1.2
Naoyuki Kotani,172.7,155.0,167.6,42.1,0.6181818181818182,55,1.02,0.31,2.89,0.5,0.83,0.16,0.46,0.8
Anthony Ruiz,188.0,205.0,182.9,46.2,0.6,55,2.56,0.64,1.67,0.28,1.43,0.31,0.21,0.0
Jason DeLucia,180.3,190.0,182.9,54.4,0.6,55,0.0,0.0,0.0,0.0,0.0,0.0,0.0,0.0
Edwin DeWees,185.4,185.0,182.9,41.4,0.6909090909090909,55,1.53,0.33,6.19,0.39,2.18,0.66,0.0,3.3
Ryuta Sakurai,170.2,183.0,182.9,52.3,0.4444444444444444,54,1.8,0.48,3.44,0.58,0.52,1.0,0.36,1.6
King Green,177.8,155.0,180.3,37.3,0.6666666666666666,54,6.49,0.53,3.63,0.62,1.32,0.43,0.71,0.3
Chris Lytle,180.3,170.0,172.7,49.4,0.5740740740740741,54,3.76,0.45,3.03,0.58,0.7,0.55,0.55,2.4
Matt Hughes,175.3,170.0,185.4,50.2,0.8333333333333334,54,2.14,0.53,1.36,0.53,2.95,0.5,0.35,1.2
Masakatsu Funaki,182.9,185.0,182.9,54.8,0.7222222222222222,54,1.82,0.68,2.92,0.35,0.0,0.0,0.0,5.5
Masakazu Imanari,162.6,139.0,182.9,47.9,0.6666666666666666,54,0.55,0.3,1.74,0.57,0.0,0.0,0.0,2.1
Xavier Foupa-Pokam,185.4,185.0,182.9,41.5,0.5925925925925926,54,1.47,0.43,2.5,0.49,0.0,0.0,0.16,0.0
Donald Cerrone,185.4,155.0,185.4,40.8,0.6792452830188679,53,4.41,0.46,4.48,0.53,1.16,0.33,0.73,1.2
Josh Neer,180.3,170.0,182.9,40.8,0.6792452830188679,53,3.29,0.46,3.63,0.58,1.09,0.34,0.46,1.3
Bart Palaszewski,175.3,145.0,177.8,40.6,0.6792452830188679,53,2.67,0.32,3.97,0.57,0.65,0.31,0.53,0.5
Hayato Sakurai,170.2,168.0,182.9,48.4,0.7169811320754716,53,2.45,0.49,1.94,0.59,1.87,0.69,0.56,0.3
Nick Thompson,185.4,170.0,188.0,42.5,0.7169811320754716,53,1.87,0.42,1.8,0.49,1.06,1.0,0.35,2.6
John Gunderson,175.3,155.0,175.3,45.0,0.660377358490566,53,1.04,0.27,1.71,0.58,1.67,0.33,0.11,2.0
Ron Faircloth,175.3,205.0,182.9,44.4,0.6226415094339622,53,0.39,0.4,8.9,0.42,0.0,0.0,0.0,0.0
Miguel Torres,175.3,135.0,193.0,43.0,0.8301886792452831,53,3.98,0.43,1.86,0.74,0.0,0.0,0.17,1.6
Chris Mickle,175.3,145.0,182.9,40.5,0.5660377358490566,53,3.03,0.27,9.7,0.48,0.0,0.0,0.0,0.0
Ruben Villareal,193.0,265.0,182.9,53.7,0.41509433962264153,53,5.18,0.53,4.86,0.35,0.0,0.0,0.0,0.0
Ben Rothwell,193.0,265.0,198.1,42.2,0.7358490566037735,53,3.71,0.42,4.63,0.47,0.68,0.34,0.7,0.4
Denis Kang,180.3,185.0,195.6,46.3,0.660377358490566,53,2.27,0.35,1.65,0.67,2.51,0.65,0.38,1.2
Aaron Brink,190.5,205.0,182.9,49.1,0.5,52,3.49,0.42,5.71,0.57,0.0,0.0,0.0,0.0
Paul Buentello,188.0,245.0,195.6,50.0,0.6730769230769231,52,3.29,0.45,3.83,0.52,0.19,0.33,0.39,0.4
Ronald Jhun,180.3,170.0,182.9,53.3,0.46153846153846156,52,1.45,0.57,3.01,0.5,1.81,1.0,1.0,0.0
Brock Larson,180.3,170.0,180.3,46.4,0.8076923076923077,52,1.39,0.46,1.5,0.55,2.67,0.34,0.43,2.0
Jeremy Stephens,175.3,155.0,180.3,37.6,0.5576923076923077,52,3.13,0.4,3.25,0.57,1.1,0.38,0.61,0.4
Sam Alvey,188.0,185.0,190.5,37.7,0.6346153846153846,52,3.28,0.44,3.63,0.52,0.06,0.14,0.82,0.1
Melvin Guillard,175.3,155.0,180.3,40.8,0.6153846153846154,52,2.96,0.4,1.85,0.66,1.3,0.63,0.61,0.2
Jorge Masvidal,180.3,170.0,188.0,39.1,0.6730769230769231,52,4.05,0.47,3.05,0.64,1.38,0.59,0.72,0.3
Daniel McWilliams,185.4,185.0,182.9,41.0,0.28846153846153844,52,3.36,0.75,0.0,0.0,0.0,0.0,1.0,6.985999999999967
John Alessio,177.8,155.0,182.9,44.5,0.6730769230769231,52,2.1,0.39,2.91,0.54,1.85,0.38,0.7,1.2
Hiromitsu Kanehara,177.8,200.0,182.9,53.2,0.37254901960784315,51,0.76,0.22,4.39,0.4,0.0,0.0,0.4,0.4
Shayilan Nuerdanbieke,172.7,145.0,175.3,29.7,0.7647058823529411,51,1.95,0.45,2.64,0.5,3.3,0.35,0.28,0.2
Dave Dalgliesh,188.0,205.0,182.9,45.7,0.5882352941176471,51,0.0,0.0,1.85,0.5,0.0,0.0,0.0,0.0
Tim Means,188.0,170.0,190.5,39.9,0.6470588235294118,51,5.04,0.49,3.65,0.6,1.14,0.4,0.64,0.2
Alexander Volkov,198.1,250.0,203.2,35.2,0.7843137254901961,51,4.84,0.57,2.9,0.54,0.54,0.62,0.68,0.2
Brian Gassaway,185.4,170.0,182.9,51.4,0.5686274509803921,51,0.34,0.26,3.65,0.44,0.0,0.0,0.42,0.0
Chad Reiner,180.3,170.0,182.9,42.5,0.6470588235294118,51,0.53,0.2,1.97,0.46,0.99,0.33,0.25,2.0
Gegard Mousasi,188.0,185.0,193.0,38.4,0.84,50,3.75,0.5,1.21,0.68,1.59,0.6,0.59,1.1
Brandon Melendez,180.3,155.0,182.9,40.8,0.5,50,0.84,0.26,0.56,0.63,0.0,0.0,0.25,0.0
Carlo Prater,180.3,155.0,182.9,42.5,0.62,50,2.03,0.47,4.07,0.35,0.43,0.09,0.57,1.7
John Renken,182.9,190.0,182.9,51.0,0.36,50,0.0,0.0,0.0,0.0,0.0,0.0,0.0,0.0
Nursulton Ruziboev,195.6,185.0,193.0,30.1,0.7551020408163265,49,1.91,0.44,2.2,0.5,1.52,0.75,0.45,0.2
Takanori Gomi,170.2,155.0,177.8,45.3,0.7142857142857143,49,3.81,0.41,3.52,0.6,1.23,0.65,0.63,0.8
Rafael Dos Anjos,172.7,155.0,177.8,39.2,0.6530612244897959,49,3.48,0.47,3.23,0.6,1.95,0.35,0.54,0.6
Wanderlei Silva,180.3,205.0,188.0,47.5,0.7142857142857143,49,2.79,0.4,2.19,0.6,0.97,0.53,0.62,0.6
Daijiro Matsui,175.3,200.0,182.9,51.1,0.2653061224489796,49,0.84,0.45,1.69,0.55,1.83,0.3,0.43,0.4
Quinton Jackson,185.4,205.0,185.4,45.5,0.7551020408163265,49,3.25,0.54,2.51,0.55,1.52,0.56,0.73,0.1
Dion Staring,185.4,235.0,182.9,45.6,0.7142857142857143,49,1.09,0.37,5.0,0.47,0.0,0.0,0.33,0.0
Yuki Sasaki,188.0,185.0,182.9,47.3,0.5102040816326531,49,1.09,0.43,1.2,0.57,0.43,1.0,0.66,0.0
Tatsuya Kawajiri,170.2,145.0,175.3,45.7,0.7346938775510204,49,2.04,0.44,2.01,0.5,3.63,0.48,0.63,1.1
Laverne Clark,180.3,170.0,182.9,50.1,0.5510204081632653,49,0.0,0.0,0.0,0.0,0.0,0.0,0.0,0.0
Joe Stevenson,170.2,145.0,177.8,41.5,0.673469387755102,49,2.05,0.44,2.44,0.6,2.75,0.44,0.39,2.2
Thomas Denny,177.8,170.0,182.9,52.7,0.5510204081632653,49,2.36,0.45,4.69,0.4,1.48,0.17,0.42,1.5
Lucas Lopes,188.0,185.0,182.9,44.2,0.6041666666666666,48,0.0,0.0,0.0,0.0,0.0,0.0,0.0,0.0
Pete Spratt,175.3,170.0,182.9,53.0,0.5208333333333334,48,1.63,0.48,1.33,0.55,0.3,1.0,0.46,0.3
Daniel Acacio,172.7,180.0,182.9,46.0,0.625,48,3.52,0.36,2.85,0.62,0.33,0.2,0.81,0.0
Rodney Faverus,182.9,215.0,182.9,49.0,0.5208333333333334,48,2.3,0.53,1.6,0.54,4.5,1.0,0.25,0.0
Donald Sanchez,177.8,145.0,182.9,39.4,0.6458333333333334,48,0.58,0.5,1.16,0.55,0.0,0.0,0.5,0.0
Charles Oliveira,177.8,155.0,188.0,34.2,0.7708333333333334,48,3.23,0.55,3.05,0.48,2.29,0.39,0.54,2.6
Daisuke Nakamura,170.2,154.0,182.9,43.6,0.5833333333333334,48,0.94,0.3,1.38,0.61,0.46,0.4,0.3,3.6
Mirko Filipovic,188.0,230.0,185.4,49.3,0.7291666666666666,48,2.11,0.5,1.89,0.63,0.19,0.4,0.78,0.3
Andre Santos,182.9,170.0,182.9,36.8,0.7916666666666666,48,2.77,0.34,4.17,0.41,2.5,0.29,0.75,0.0
Tsuyoshi Kohsaka,180.3,225.0,182.9,53.8,0.5625,48,1.88,0.38,4.41,0.54,1.32,0.2,0.33,0.4
Daniel Weichel,177.8,145.0,177.8,39.1,0.8125,48,5.71,0.42,4.05,0.61,0.84,0.5,0.83,0.0
Renato Sobral,185.4,205.0,190.5,48.3,0.7708333333333334,48,2.23,0.45,1.53,0.57,2.48,0.42,0.65,2.6
Kiyoshi Tamura,180.3,185.0,182.9,54.0,0.6666666666666666,48,2.44,0.53,1.44,0.6,0.58,0.6,0.45,0.2
Antony Rea,182.9,205.0,182.9,47.5,0.6875,48,2.89,0.28,5.42,0.42,0.0,0.0,1.0,0.0
Jutaro Nakao,175.3,170.0,182.9,53.1,0.5208333333333334,48,0.53,0.38,1.06,0.44,0.38,0.5,0.56,0.0
Jens Pulver,170.2,145.0,177.8,49.1,0.574468085106383,47,2.12,0.37,3.13,0.56,0.22,0.33,0.63,0.3
Ken Shamrock,185.4,205.0,182.9,59.08599999999997,0.5957446808510638,47,1.47,0.46,4.3,0.39,0.94,0.6,0.44,2.5
Dan Henderson,180.3,185.0,188.0,53.4,0.6808510638297872,47,2.44,0.47,2.7,0.51,1.52,0.52,0.57,0.3
Bobby Hoffman,188.0,245.0,182.9,55.2,0.7659574468085106,47,2.02,0.7,1.32,0.19,1.17,0.5,0.0,1.2
Jinensibieke Asikeerbai,167.6,155.0,175.3,35.5,0.7659574468085106,47,2.0,0.5,10.0,0.0,0.0,0.0,0.0,0.0
Michel Pereira,185.4,185.0,185.4,30.2,0.6808510638297872,47,4.28,0.51,4.32,0.5,1.11,0.52,0.75,0.6
Jason Guida,177.8,214.0,182.9,46.4,0.40425531914893614,47,1.87,0.4,3.33,0.52,1.0,0.14,0.5,1.0
Gleison Tibau,177.8,155.0,180.3,40.2,0.7021276595744681,47,1.95,0.31,2.51,0.63,4.08,0.53,0.92,0.8
Neil Magny,190.5,170.0,203.2,36.4,0.6808510638297872,47,3.39,0.47,2.41,0.51,2.13,0.39,0.55,0.3
Joilton Lutterbach,185.4,185.0,190.5,31.2,0.8085106382978723,47,0.0,0.0,0.0,0.0,0.0,0.0,0.0,0.0
Dustin Neace,175.3,145.0,175.3,37.3,0.5319148936170213,47,2.08,0.32,2.66,0.56,0.0,0.0,0.0,1.7
Trevor Prangley,185.4,185.0,190.5,51.4,0.723404255319149,47,2.59,0.6,2.02,0.48,3.38,0.55,0.74,1.0
Maiquel Falcao,180.3,185.0,182.9,42.8,0.7872340425531915,47,1.67,0.55,0.53,0.7985999999999968,1.0,1.0,0.71,3.0
Patricio Pitbull,167.6,145.0,170.2,36.5,0.8085106382978723,47,3.06,0.46,4.66,0.55,1.21,0.33,0.74,0.5
Motonobu Tezuka,170.2,135.0,182.9,36.8,0.5957446808510638,47,0.0,0.0,0.0,0.0,0.0,0.0,0.0,0.0
Will Chope,193.0,145.0,182.9,33.3,0.723404255319149,47,4.43,0.27,9.93,0.46,0.0,0.0,0.0,0.0
Nick Rossborough,195.6,205.0,182.9,42.1,0.5652173913043478,46,2.8,0.35,4.33,0.35,0.0,0.0,1.0,0.0
Shinya Aoki,180.3,154.0,182.9,40.6,0.8478260869565217,46,0.97,0.58,1.25,0.58,2.54,0.41,0.6,4.0
Guy Mezger,185.4,200.0,182.9,56.0,0.6521739130434783,46,2.3,0.32,1.36,0.72,0.39,0.5,0.88,0.0
Jesse Taylor,182.9,170.0,185.4,41.0,0.6739130434782609,46,1.94,0.65,0.55,0.38,7.28,0.5,1.0,3.1
Edilberto de Oliveira,182.9,170.0,182.9,41.1,0.6304347826086957,46,4.12,0.32,6.79,0.61,0.0,0.0,0.0,0.0
Yushin Okami,188.0,170.0,190.5,42.4,0.7391304347826086,46,2.06,0.38,2.25,0.6,1.98,0.39,0.84,0.5
Stefan Struve,198.1,265.0,203.2,35.9,0.717391304347826,46,3.12,0.47,4.04,0.46,0.56,0.46,0.55,1.7
Carlos Condit,188.0,170.0,190.5,39.7,0.6956521739130435,46,3.66,0.39,2.67,0.55,0.59,0.46,0.38,1.0
Steve Berger,180.3,170.0,182.9,50.6,0.45652173913043476,46,1.0,0.27,3.26,0.36,0.84,0.4,0.16,1.7
Keita Nakamura,180.3,170.0,185.4,39.6,0.7391304347826086,46,2.23,0.36,3.2,0.58,1.65,0.48,0.63,0.3
Gary Goodridge,190.5,249.0,182.9,58.0,0.5,46,1.84,0.56,2.14,0.48,0.4,1.0,0.53,0.8
Urijah Faber,167.6,135.0,170.2,44.6,0.7608695652173914,46,2.65,0.4,2.59,0.64,1.54,0.3,0.58,0.8
Ding Meng,188.0,170.0,185.4,29.3,0.7608695652173914,46,3.4,0.46,3.8,0.49,0.33,0.33,0.63,0.0
Robbie Lawler,180.3,170.0,188.0,41.8,0.6521739130434783,46,3.85,0.47,4.67,0.59,0.65,0.64,0.65,0.0
Roxanne Modafferi,170.2,125.0,175.3,41.3,0.5434782608695652,46,3.35,0.3,5.7,0.51,1.35,0.23,0.3,0.1
Jake Ellenberger,175.3,170.0,180.3,38.8,0.6739130434782609,46,2.47,0.39,2.83,0.6,2.04,0.47,0.86,0.4
Matt Brown,182.9,170.0,190.5,43.0,0.5777777777777777,45,3.76,0.55,2.92,0.55,1.68,0.46,0.63,1.3
Cub Swanson,172.7,145.0,177.8,40.2,0.6888888888888889,45,4.84,0.51,3.99,0.59,1.0,0.5,0.63,0.4
Hidehiko Hasegawa,175.3,170.0,182.9,45.5,0.4222222222222222,45,0.0,0.0,0.0,0.0,0.0,0.0,0.0,0.0
Michael Johnson,177.8,155.0,185.4,37.6,0.5555555555555556,45,4.27,0.39,3.78,0.58,0.57,0.38,0.81,0.0
Phil Johns,157.5,170.0,182.9,55.2,0.6666666666666666,45,1.2,0.66,1.8,0.5,0.0,0.0,0.5,0.0
Julian Erosa,185.4,145.0,188.0,34.4,0.6888888888888889,45,6.18,0.48,6.31,0.48,1.73,0.43,0.61,0.7
Chris Curtis,177.8,170.0,190.5,36.5,0.7111111111111111,45,5.52,0.5,5.75,0.54,0.0,0.0,0.64,0.0
Edwin Aguilar,177.8,185.0,182.9,52.0,0.5777777777777777,45,0.0,0.0,0.0,0.0,0.0,0.0,0.0,0.0
Daniel Pineda,170.2,145.0,175.3,38.4,0.6222222222222222,45,2.85,0.49,3.26,0.45,1.42,0.24,0.54,1.5
Seichi Ikemoto,180.3,168.0,182.9,48.4,0.4666666666666667,45,2.59,0.32,3.74,0.57,1.23,0.26,0.6,0.0
Anderson Silva,188.0,185.0,195.6,48.7,0.7555555555555555,45,3.05,0.61,2.05,0.6,0.5,0.77,0.69,0.8
Steven Siler,180.3,145.0,177.8,36.9,0.6444444444444445,45,3.21,0.41,2.96,0.54,0.47,0.21,0.55,1.6
Brian Geraghty,170.2,155.0,182.9,43.2,0.5777777777777777,45,0.47,0.25,9.77,0.36,0.0,0.0,0.5,0.0
Bobby Sanchez,170.2,155.0,182.9,34.0,0.2222222222222222,45,0.0,0.0,0.0,0.7985999999999968,0.0,0.0,1.0,0.0
Chael Sonnen,185.4,205.0,185.4,46.7,0.6444444444444445,45,3.08,0.43,1.1,0.62,3.81,0.59,0.66,0.4
Jose Landi-Jons,180.3,170.0,182.9,50.3,0.6444444444444445,45,0.99,0.4,0.77,0.43,2.2,0.8,0.4,2.2
Koji Oishi,172.7,170.0,182.9,46.6,0.5555555555555556,45,1.43,0.09,12.828599999999996,0.43,0.0,0.0,0.0,0.0
Iuri Alcantara,175.3,135.0,180.3,43.4,0.7777777777777778,45,2.72,0.45,2.79,0.49,1.44,0.62,0.6,0.8
Andrei Semenov,182.9,185.0,182.9,46.5,0.7555555555555555,45,0.78,0.15,2.44,0.6,1.74,0.8,0.55,0.4
Antonio Rodrigo Nogueira,190.5,240.0,195.6,47.6,0.7555555555555555,45,1.95,0.42,2.4,0.55,1.3,0.29,0.36,2.4
Matt Horning,162.6,125.0,182.9,47.4,0.4444444444444444,45,0.0,0.0,0.0,0.0,0.0,0.0,0.0,0.0
Hector Lombard,175.3,185.0,180.3,45.9,0.7555555555555555,45,3.02,0.46,3.35,0.53,1.69,0.48,0.77,0.5
Aaron Riley,172.7,155.0,175.3,43.1,0.6666666666666666,45,3.45,0.34,3.78,0.61,1.18,0.34,0.6,0.1
Ovince Saint Preux,190.5,205.0,203.2,40.7,0.6,45,3.03,0.47,3.33,0.47,1.09,0.36,0.67,0.5
Yasuhito Namekawa,175.3,205.0,182.9,49.2,0.5555555555555556,45,0.14,0.5,3.65,0.38,2.11,0.25,0.0,4.2
Melvin Manhoef,175.3,185.0,182.9,47.6,0.6666666666666666,45,3.52,0.48,2.64,0.51,0.33,0.25,0.78,0.0
Drew Dober,172.7,155.0,177.8,35.2,0.6590909090909091,44,4.48,0.41,4.33,0.53,0.61,0.16,0.58,0.1
Heath Herring,193.0,250.0,198.1,45.8,0.6363636363636364,44,2.37,0.5,1.77,0.54,1.22,0.5,0.32,0.7
Diego Sanchez,177.8,170.0,182.9,42.0,0.7045454545454546,44,2.69,0.37,3.02,0.56,1.51,0.24,0.46,0.8
Maxim Grishin,190.5,205.0,198.1,39.7,0.7272727272727273,44,3.26,0.52,2.27,0.58,0.21,0.16,0.66,0.0
Joe Lauzon,177.8,155.0,180.3,39.6,0.6363636363636364,44,2.84,0.39,5.39,0.54,2.39,0.45,0.54,2.0
Keith Wisniewski,182.9,170.0,182.9,42.2,0.6363636363636364,44,2.32,0.52,4.86,0.42,1.57,0.4,0.78,0.3
Nik Lentz,172.7,145.0,172.7,39.4,0.6818181818181818,44,3.44,0.47,3.25,0.5,3.3,0.32,0.43,1.2
Kevin Holland,190.5,170.0,203.2,31.2,0.6590909090909091,44,4.24,0.49,3.21,0.5,0.79,0.36,0.57,0.6
Jose Maria,165.1,125.0,182.9,42.0,0.8409090909090909,44,3.2,0.53,3.98,0.52,2.32,0.27,0.33,2.3
Kazushi Sakuraba,182.9,185.0,182.9,54.5,0.5909090909090909,44,1.26,0.41,2.03,0.51,1.26,0.31,0.48,1.7
Mitch Whitesel,175.3,185.0,182.9,42.5,0.38636363636363635,44,0.0,0.0,0.0,0.0,0.0,0.0,0.0,0.0
Yuji Hisamatsu,177.8,185.0,182.9,52.3,0.36363636363636365,44,0.0,0.0,0.0,0.0,0.0,0.0,0.0,0.0
Joshua Burkman,177.8,170.0,182.9,43.7,0.6363636363636364,44,2.69,0.43,3.13,0.51,2.53,0.36,0.72,0.3
Anthony Macias,175.3,185.0,182.9,54.9,0.5909090909090909,44,0.0,0.0,0.0,0.0,0.0,0.0,0.0,0.0
Iliarde Santos,165.1,125.0,170.2,43.3,0.6818181818181818,44,3.0,0.3,6.1,0.57,1.66,0.23,0.83,0.0
Jordan Mein,182.9,170.0,185.4,34.2,0.7209302325581395,43,3.35,0.44,2.55,0.69,1.56,0.58,0.66,0.2
Brendan Seguin,182.9,185.0,182.9,47.5,0.5348837209302325,43,2.6,0.45,0.6,0.7985999999999968,5.0,0.62,1.0,0.0
Jan Blachowicz,188.0,205.0,198.1,40.9,0.6744186046511628,43,3.53,0.5,3.23,0.51,0.97,0.48,0.7,0.4
Josh Barnett,190.5,250.0,198.1,46.1,0.813953488372093,43,3.2,0.5,2.11,0.57,1.26,0.55,0.55,1.4
Ed Herman,185.4,205.0,195.6,43.2,0.627906976744186,43,3.31,0.48,3.71,0.42,1.96,0.47,0.59,1.0
Derrick Lewis,190.5,260.0,200.7,38.9,0.6744186046511628,43,2.41,0.48,2.79,0.38,0.53,0.25,0.51,0.0
Derrick Noble,175.3,170.0,182.9,45.4,0.627906976744186,43,6.21,0.4,3.79,0.59,0.0,0.0,0.0,0.0
Nikita Krylov,190.5,205.0,195.6,31.8,0.7209302325581395,43,4.38,0.54,2.75,0.48,2.19,0.38,0.53,1.1
Sanae Kikuta,175.3,200.0,182.9,52.3,0.7209302325581395,43,0.7,0.45,0.9,0.52,1.6,0.63,0.25,1.8
Renan Barao,167.6,145.0,177.8,36.9,0.7906976744186046,43,3.78,0.36,3.9,0.57,1.49,0.41,0.91,0.5
Masanori Kanehara,170.2,135.0,170.2,41.1,0.6046511627906976,43,1.88,0.49,1.63,0.62,1.44,0.5,0.63,0.9
Michael Knaap,188.0,220.0,182.9,39.8,0.4186046511627907,43,0.0,0.0,0.0,0.0,0.0,0.0,0.0,0.0
Diego Saraiva,167.6,155.0,182.9,41.7,0.5116279069767442,43,1.64,0.32,3.58,0.62,1.33,0.4,0.0,0.7
Glover Teixeira,188.0,205.0,193.0,44.2,0.7857142857142857,42,3.73,0.49,4.43,0.51,2.11,0.33,0.6,0.9
Yuya Shirai,172.7,168.0,182.9,43.7,0.6190476190476191,42,1.02,0.75,4.07,0.55,0.0,0.0,0.0,0.0
Mike Pyle,182.9,170.0,188.0,48.3,0.6428571428571429,42,2.74,0.45,2.84,0.6,1.8,0.35,0.7,1.5
Kyoji Horiguchi,162.6,125.0,160.0,33.2,0.8571428571428571,42,3.64,0.47,2.08,0.64,1.67,0.4,0.61,0.1
Mikhail Iloukhine,175.3,205.0,182.9,57.1,0.7142857142857143,42,0.16,0.2,2.95,0.26,0.0,0.0,0.0,6.985999999999967
Wuziazibieke Jiahefu,175.3,145.0,177.8,33.7,0.6904761904761905,42,0.41,0.5,2.84,0.41,6.08,0.5,0.0,0.0
Mauricio Rua,185.4,205.0,193.0,42.1,0.6428571428571429,42,3.57,0.5,2.79,0.54,2.01,0.48,0.49,0.7
Rodney Wallace,175.3,205.0,182.9,42.1,0.6190476190476191,42,1.13,0.46,3.44,0.45,6.0,0.54,0.28,1.0
Darren Elkins,177.8,145.0,180.3,39.6,0.6904761904761905,42,3.39,0.38,3.34,0.51,2.86,0.33,0.56,1.1
Jose Aldo,170.2,135.0,177.8,37.3,0.7619047619047619,42,3.65,0.46,3.81,0.6,0.47,0.51,0.92,0.1
Falaniko Vitale,177.8,185.0,182.9,49.5,0.7317073170731707,41,1.88,0.49,3.68,0.47,0.72,0.33,0.86,0.0
Sean Sherk,167.6,155.0,170.2,50.4,0.8780487804878049,41,2.17,0.35,2.71,0.55,4.09,0.46,0.56,0.4
Jake Shields,182.9,170.0,182.9,45.0,0.7560975609756098,41,2.45,0.36,1.8,0.56,2.83,0.29,0.35,1.2
Semmy Schilt,198.1,265.0,182.9,50.2,0.6341463414634146,41,1.2,0.5,1.31,0.53,0.0,0.0,0.47,1.1
Luigi Fioravanti,172.7,170.0,177.8,42.9,0.6341463414634146,41,2.23,0.42,2.21,0.69,3.76,0.63,0.67,0.9
Rani Yahya,167.6,135.0,170.2,39.3,0.6829268292682927,41,1.71,0.38,2.08,0.5,2.73,0.3,0.29,1.8
Johnny Eduardo,170.2,135.0,180.3,45.4,0.6829268292682927,41,2.95,0.39,3.22,0.63,0.22,0.2,0.58,0.4
Hatsu Hioki,180.3,145.0,185.4,40.5,0.7073170731707317,41,2.42,0.42,2.12,0.65,2.55,0.56,0.54,0.6
Igor Pokrajac,182.9,205.0,188.0,45.0,0.6829268292682927,41,2.25,0.45,4.26,0.4,0.87,0.29,0.51,0.2
Alexander Sarnavskiy,180.3,155.0,182.9,35.0,0.8536585365853658,41,1.43,0.66,2.06,0.42,0.0,0.0,0.75,0.0
Wayne Cole,185.4,205.0,182.9,53.0,0.3902439024390244,41,0.57,0.2,8.33,0.27,4.31,0.25,0.0,4.3
Jason MacDonald,190.5,185.0,203.2,48.6,0.6097560975609756,41,1.55,0.52,2.7,0.46,1.43,0.16,0.35,2.0
Hermes Franca,167.6,155.0,180.3,49.3,0.5853658536585366,41,1.78,0.39,2.85,0.55,1.53,0.36,0.37,2.4
Jessica Andrade,157.5,115.0,160.0,32.3,0.6341463414634146,41,6.37,0.48,5.58,0.54,2.1,0.54,0.75,0.3
Egidijus Valavicius,182.9,200.0,182.9,45.0,0.7073170731707317,41,0.0,0.0,0.0,0.0,0.0,0.0,0.0,0.0
Akitoshi Tamura,175.3,135.0,177.8,43.6,0.5121951219512195,41,3.73,0.43,1.94,0.78,0.0,0.0,0.2,1.0
Eddie Wineland,170.2,135.0,175.3,39.5,0.5853658536585366,41,3.4,0.29,3.76,0.68,0.34,0.33,0.86,0.1
Dakota Cochrane,172.7,155.0,182.9,37.7,0.7073170731707317,41,2.66,0.75,2.66,0.3,4.43,0.33,0.0,0.0
Santiago Ponzinibbio,182.9,170.0,185.4,37.3,0.7560975609756098,41,4.67,0.4,4.79,0.61,0.58,0.26,0.71,0.0
Fedor Emelianenko,182.9,230.0,188.0,47.3,0.8780487804878049,41,3.18,0.51,1.0,0.63,2.0,0.63,0.82,1.9
Tim Sylvia,198.1,265.0,203.2,47.8,0.7560975609756098,41,4.23,0.41,2.61,0.61,0.11,1.0,0.75,0.1
Charon Spain,175.3,155.0,182.9,35.8,0.35,40,0.0,0.0,0.0,0.0,0.0,0.0,0.0,0.0
Poppies Martinez,175.3,145.0,182.9,40.4,0.725,40,2.88,0.5,2.16,0.51,1.54,0.33,0.5,6.985999999999967
Shang Zhifa,170.2,125.0,160.0,37.8,0.8,40,1.27,0.32,1.27,0.6,2.0,1.0,0.0,0.0
Kendall Grove,198.1,185.0,200.7,41.1,0.575,40,2.31,0.41,2.4,0.54,0.49,0.45,0.56,1.7
Darrick Minner,170.2,145.0,175.3,33.7,0.65,40,2.63,0.65,2.28,0.35,2.4,0.72,0.66,2.7
Ryan Healy,185.4,155.0,182.9,40.5,0.625,40,1.67,0.35,3.0,0.38,3.0,0.5,0.4,1.0
Fernando Gonzalez,175.3,170.0,172.7,40.3,0.65,40,4.47,0.47,4.03,0.65,0.86,0.33,0.43,1.4
Tyler Stinson,190.5,170.0,182.9,38.0,0.75,40,2.8,0.23,4.6,0.56,0.5,1.0,0.0,0.5
Dustin Poirier,175.3,155.0,182.9,34.9,0.75,40,5.24,0.5,4.57,0.52,1.15,0.35,0.64,1.2
Vitor Belfort,182.9,185.0,188.0,46.8,0.65,40,1.59,0.46,2.83,0.5,1.02,0.6,0.53,0.6
Aoriqileng,170.2,135.0,175.3,30.5,0.65,40,4.29,0.49,5.62,0.46,1.05,0.46,0.6,0.1
Jim Wallhead,177.8,170.0,182.9,39.8,0.725,40,3.19,0.26,6.65,0.49,0.0,0.0,1.0,0.0
Reynaldo Trujillo,175.3,155.0,182.9,42.0,0.525,40,0.0,0.0,0.0,0.0,0.0,0.0,0.0,0.0
Efrain Escudero,175.3,155.0,180.3,38.0,0.7,40,2.92,0.44,2.3,0.63,1.31,0.4,0.66,0.8
Yoshihisa Yamamoto,188.0,220.0,182.9,53.5,0.35,40,1.65,0.38,3.05,0.53,1.0,0.2,0.5,0.6
John Lineker,160.0,135.0,170.2,33.6,0.775,40,5.36,0.4,4.27,0.56,0.56,0.58,0.67,0.6
Mark Weir,188.0,185.0,182.9,56.3,0.525,40,1.54,0.56,2.5,0.38,0.8,0.5,0.25,2.4
Evan Tanner,182.9,185.0,188.0,52.9,0.8,40,3.05,0.59,2.64,0.56,2.55,0.43,0.25,1.3
Ronys Torres,170.2,155.0,182.9,48.4,0.875,40,0.87,0.26,1.93,0.57,4.0,0.47,0.16,0.5
Brian Kelleher,167.6,135.0,167.6,37.4,0.6,40,3.31,0.41,4.59,0.54,1.68,0.41,0.6,0.7
Gleristone Santos,175.3,145.0,182.9,35.4,0.825,40,3.4,0.31,4.4,0.64,0.0,0.0,0.75,0.0
Joey Villasenor,182.9,185.0,182.9,48.2,0.7435897435897436,39,2.05,0.38,3.26,0.52,0.71,0.4,0.53,1.1
Emanuel Newton,185.4,205.0,182.9,40.0,0.6666666666666666,39,1.92,0.49,1.35,0.51,2.02,1.0,0.0,0.0
Wendell Oliveira Marques,177.8,170.0,182.9,40.6,0.7435897435897436,39,3.77,0.47,4.4,0.47,0.0,0.0,1.0,0.0
David Gardner,180.3,155.0,182.9,46.6,0.46153846153846156,39,0.17,0.75,0.34,0.0,0.0,0.0,0.66,0.0
Michael Bisping,185.4,185.0,190.5,44.8,0.7692307692307693,39,4.33,0.38,2.71,0.65,1.05,0.43,0.63,0.3
Krzysztof Soszynski,185.4,205.0,195.6,46.4,0.6666666666666666,39,3.37,0.39,3.13,0.58,0.52,0.25,0.71,1.0
Marcin Tybura,190.5,254.0,198.1,38.1,0.6923076923076923,39,3.49,0.46,3.34,0.54,1.23,0.32,0.7,0.1
Cheick Kongo,193.0,240.0,203.2,48.6,0.6923076923076923,39,3.33,0.56,1.28,0.54,2.3,0.56,0.52,0.2
Demian Maia,185.4,170.0,182.9,46.2,0.717948717948718,39,1.8,0.43,2.07,0.63,2.49,0.24,0.61,1.0
Dan Hooker,182.9,155.0,190.5,33.9,0.6153846153846154,39,4.82,0.48,4.94,0.48,0.67,0.33,0.77,0.6
Wes Sims,198.1,260.0,182.9,44.4,0.6153846153846154,39,0.98,0.51,2.95,0.37,0.0,0.0,0.4,2.3
Edson Barboza,180.3,155.0,190.5,37.9,0.6153846153846154,39,4.15,0.44,4.76,0.55,0.42,0.5,0.73,0.1
Del Hawkins,165.1,135.0,182.9,36.8,0.5641025641025641,39,1.15,0.27,2.01,0.46,0.0,0.0,0.0,0.0
Jason Lambert,190.5,185.0,190.5,48.6,0.6666666666666666,39,3.21,0.58,1.84,0.5,1.35,0.36,0.28,2.4
Sean Salmon,177.8,185.0,182.9,46.3,0.46153846153846156,39,1.49,0.33,2.03,0.65,4.06,0.5,0.0,0.0
Dominic Brown,180.3,190.0,182.9,41.6,0.41025641025641024,39,0.0,0.0,0.0,0.0,0.0,0.0,0.0,0.0
Jimmy Ambriz,188.0,265.0,182.9,53.9,0.4358974358974359,39,0.83,0.29,3.76,0.4,3.13,0.57,1.0,0.8
Naoki Matsushita,167.6,155.0,182.9,47.8,0.3076923076923077,39,3.3,0.32,2.2,0.63,1.5,1.0,0.0,0.0
Jiri Prochazka,190.5,205.0,203.2,31.2,0.8205128205128205,39,5.61,0.55,5.67,0.45,0.49,0.6,0.68,0.2
Andre Fili,180.3,145.0,188.0,33.5,0.6410256410256411,39,3.89,0.37,4.55,0.49,2.24,0.46,0.71,0.2
Delson Heleno,180.3,185.0,182.9,46.1,0.7435897435897436,39,0.69,0.75,4.83,0.19,0.0,0.0,0.0,0.0
Xiao Long,172.7,135.0,177.8,25.7,0.6923076923076923,39,5.05,0.47,3.92,0.5,0.73,0.27,0.82,0.0
Evangelista Santos,177.8,170.0,193.0,46.1,0.5384615384615384,39,3.94,0.36,6.01,0.49,0.78,1.0,0.5,0.4
Brad Pickett,167.6,135.0,172.7,45.3,0.6410256410256411,39,3.02,0.31,4.63,0.55,2.47,0.44,0.58,0.4
Robert McDaniel,190.5,185.0,190.5,40.7,0.7368421052631579,38,1.64,0.44,1.98,0.56,0.93,0.5,0.5,1.4
Sean Strickland,185.4,185.0,193.0,32.8,0.8157894736842105,38,5.98,0.42,4.53,0.6,0.66,0.62,0.68,0.1
Thiago Alves,175.3,170.0,177.8,40.2,0.6052631578947368,38,3.73,0.41,3.42,0.62,0.71,0.6,0.63,0.3
Kazuo Misaki,172.7,183.0,182.9,47.7,0.6578947368421053,38,2.85,0.4,2.74,0.63,0.72,0.38,0.51,0.6
Eddy Ellis,175.3,170.0,182.9,40.5,0.5526315789473685,38,3.4,0.69,1.53,0.68,4.0,0.66,0.5,2.0
Chidi Njokuani,190.5,170.0,203.2,35.0,0.6842105263157895,38,5.78,0.62,3.51,0.57,0.0,0.0,0.75,0.1
Kotetsu Boku,175.3,154.0,182.9,46.6,0.6578947368421053,38,2.47,0.42,2.8,0.53,0.0,0.0,0.0,0.0
Nam Phan,167.6,135.0,177.8,40.8,0.5526315789473685,38,4.52,0.37,6.55,0.59,0.18,0.18,0.6,0.2
Yibugele,170.2,145.0,175.3,34.1,0.631578947368421,38,2.87,0.41,5.5,0.54,0.0,0.0,0.81,0.0
Bob Schrijber,182.9,240.0,182.9,58.8,0.5263157894736842,38,0.0,0.0,0.0,0.0,0.0,0.0,0.0,0.0
Tim Elliott,170.2,125.0,167.6,37.0,0.6052631578947368,38,3.55,0.42,3.05,0.56,3.69,0.45,0.59,1.0
Pat Miletich,177.8,170.0,182.9,55.8,0.7631578947368421,38,1.79,0.45,1.66,0.63,1.96,1.0,0.54,1.0
Raphael Assuncao,165.1,135.0,167.6,41.5,0.7368421052631579,38,3.22,0.42,2.5,0.66,1.65,0.39,0.78,0.2
Jeremiah O'Neal,172.7,260.0,182.9,46.2,0.34210526315789475,38,1.15,0.4,7.5,0.23,0.0,0.0,0.0,0.0
Vicente Luque,180.3,185.0,190.5,32.1,0.631578947368421,38,4.69,0.5,5.19,0.51,0.83,0.46,0.6,0.7
Chase Beebe,170.2,135.0,170.2,38.8,0.631578947368421,38,2.17,0.38,1.64,0.69,2.49,0.42,0.41,0.9
Joachim Hansen,170.2,150.0,182.9,44.6,0.6052631578947368,38,2.01,0.43,2.04,0.58,2.21,0.58,0.34,1.9
Jon Fitch,182.9,170.0,188.0,45.9,0.7894736842105263,38,2.61,0.5,1.65,0.54,3.6,0.51,0.56,0.8
Max Holloway,180.3,155.0,175.3,32.1,0.7567567567567568,37,6.92,0.48,4.6,0.58,0.22,0.53,0.81,0.3
Thales Leites,185.4,185.0,198.1,42.3,0.7567567567567568,37,2.13,0.4,2.99,0.52,2.1,0.27,0.3,1.1
John Dixson,182.9,265.0,182.9,59.08599999999997,0.40540540540540543,37,0.0,0.0,0.0,0.0,0.0,0.0,0.0,0.0
Alex Perez,167.6,125.0,165.1,31.8,0.7027027027027027,37,3.79,0.44,3.18,0.57,2.31,0.46,0.75,0.7
Homer Moore,177.8,205.0,182.9,52.1,0.7027027027027027,37,0.68,0.5,0.68,0.0,5.07,0.66,0.0,0.0
Hiroyuki Takaya,167.6,139.0,182.9,46.6,0.5675675675675675,37,3.18,0.33,3.16,0.6,0.9,0.45,0.66,0.0
Brian Foster,175.3,170.0,180.3,39.7,0.7297297297297297,37,3.3,0.39,1.63,0.65,3.67,0.6,0.37,1.8
Moise Rimbon,177.8,205.0,182.9,46.7,0.6216216216216216,37,0.8,0.34,1.0,0.71,1.0,0.5,0.37,0.0
Marlon Vera,172.7,135.0,177.8,31.1,0.6486486486486487,37,4.24,0.47,5.39,0.49,0.57,0.45,0.72,0.7
Jong Man Kim,170.2,139.0,182.9,45.8,0.6216216216216216,37,1.33,0.21,3.0,0.6,0.0,0.0,0.0,0.0
John Howard,170.2,170.0,182.9,40.8,0.6486486486486487,37,2.15,0.5,3.08,0.51,2.7,0.49,0.53,0.4
Adriano Martins,177.8,155.0,182.9,41.0,0.7567567567567568,37,1.8,0.38,2.14,0.65,0.83,0.8,0.81,0.4
Ivan Menjivar,167.6,145.0,162.6,41.6,0.6756756756756757,37,2.78,0.37,2.76,0.65,0.56,0.28,0.38,1.0
Patrick Smith,188.0,225.0,182.9,59.08599999999997,0.5405405405405406,37,0.0,0.0,0.0,0.0,0.0,0.0,0.0,0.0
Maimaitituoheti Keremuaili,167.6,135.0,167.6,32.8,0.7027027027027027,37,1.47,0.52,1.67,0.37,1.0,0.33,0.84,0.0
Tony Ferguson,180.3,170.0,193.0,39.9,0.7027027027027027,37,4.91,0.45,4.37,0.55,0.39,0.35,0.66,0.9
Kajan Johnson,180.3,155.0,190.5,39.7,0.6216216216216216,37,2.47,0.42,1.59,0.64,1.54,0.37,0.62,0.2
Abus Magomedov,188.0,185.0,198.1,33.3,0.7837837837837838,37,3.06,0.48,3.34,0.56,2.5,0.59,1.0,0.6
Robert Whittaker,182.9,205.0,185.4,33.0,0.7567567567567568,37,4.41,0.43,3.4,0.59,0.71,0.38,0.8,0.0
Jorge Santiago,185.4,170.0,190.5,43.2,0.6756756756756757,37,1.69,0.35,2.62,0.56,0.58,0.3,0.52,0.8
Francisco Trinaldo,175.3,170.0,177.8,45.4,0.7567567567567568,37,3.13,0.45,2.67,0.6,0.98,0.42,0.6,0.5
Chris Camozzi,188.0,185.0,190.5,37.1,0.6486486486486487,37,3.57,0.44,2.96,0.56,0.27,0.19,0.57,0.5
Chris Haseman,180.3,205.0,182.9,54.6,0.5405405405405406,37,0.93,0.7,4.67,0.28,0.0,0.0,0.4,2.0
James Krause,188.0,170.0,185.4,37.6,0.7567567567567568,37,4.79,0.49,4.11,0.61,0.96,0.18,0.59,0.9
Court McGee,180.3,170.0,190.5,39.1,0.6216216216216216,37,4.5,0.36,3.65,0.6,1.78,0.24,0.7,0.5
Francis Carmont,190.5,205.0,198.1,42.2,0.6756756756756757,37,2.22,0.42,1.64,0.59,1.79,0.36,0.73,0.6
Takafumi Otsuka,167.6,139.0,182.9,37.4,0.5945945945945946,37,1.29,0.27,2.12,0.67,1.64,0.27,0.65,0.0
Alex Morono,180.3,170.0,182.9,33.4,0.6486486486486487,37,4.9,0.39,4.88,0.55,0.32,0.24,0.47,0.3
Jason Medina,175.3,180.0,182.9,36.8,0.5675675675675675,37,0.0,0.0,0.0,0.0,0.0,0.0,0.0,0.0
Alexandre Pantoja,165.1,125.0,170.2,33.7,0.8108108108108109,37,4.54,0.5,4.23,0.48,2.82,0.44,0.69,0.9
Kerry Schall,188.0,265.0,182.9,52.4,0.6486486486486487,37,0.94,0.11,4.84,0.63,0.0,0.0,0.0,0.0
Kai Kara-France,162.6,125.0,175.3,30.8,0.6756756756756757,37,4.46,0.4,3.24,0.64,0.56,0.3,0.83,0.0
Tom Sauer,185.4,263.0,182.9,53.1,0.6756756756756757,37,0.0,0.0,0.0,0.0,0.0,0.0,0.0,0.0
Takenori Sato,177.8,170.0,182.9,38.6,0.5135135135135135,37,0.46,0.33,12.828599999999996,0.09,0.0,0.0,0.0,0.0
Ben Saunders,188.0,170.0,195.6,40.7,0.5945945945945946,37,3.23,0.5,3.58,0.51,0.2,0.4,0.66,1.3
Antonio McKee,172.7,155.0,182.9,53.8,0.7837837837837838,37,1.37,0.45,0.74,0.74,1.47,0.33,0.57,0.0
Mike Kyle,193.0,205.0,195.6,43.8,0.5945945945945946,37,3.93,0.51,3.35,0.49,1.33,0.62,0.5,0.8
Jean Francois Lenogue,182.9,185.0,182.9,51.1,0.4444444444444444,36,1.13,0.34,0.27,0.6,0.0,0.0,0.33,0.0
Joseph Benavidez,162.6,125.0,165.1,39.4,0.7777777777777778,36,3.52,0.34,2.67,0.61,1.41,0.3,0.62,0.6
Kevin Croom,180.3,135.0,185.4,36.5,0.5833333333333334,36,2.65,0.34,3.1,0.41,0.48,0.05,0.3,0.5
James Thompson,195.6,265.0,182.9,45.0,0.5555555555555556,36,5.13,0.52,3.19,0.41,3.14,0.36,0.53,1.3
Ryan Spann,195.6,264.0,200.7,32.4,0.6666666666666666,36,3.06,0.39,4.16,0.41,1.14,0.33,0.51,1.7
Gabriel Benitez,172.7,155.0,180.3,35.5,0.6388888888888888,36,5.26,0.41,4.49,0.63,0.22,0.5,0.55,0.9
Douglas Silva de Andrade,170.2,145.0,172.7,38.5,0.8055555555555556,36,3.54,0.38,4.09,0.56,0.54,0.42,0.71,0.2
Jacare Souza,185.4,185.0,182.9,44.1,0.7222222222222222,36,2.53,0.47,2.83,0.62,2.57,0.39,0.57,1.3
Wesley Correira,190.5,260.0,182.9,45.1,0.5555555555555556,36,2.6,0.36,8.8,0.4,0.0,0.0,0.9,0.0
Diego Lopes,180.3,145.0,182.9,29.0,0.7777777777777778,36,3.79,0.47,4.65,0.46,0.82,0.46,0.68,1.3
Karl Amoussou,180.3,185.0,182.9,38.1,0.75,36,1.47,0.34,2.67,0.54,0.0,0.0,0.25,1.0
Elizeu Zaleski dos Santos,180.3,170.0,185.4,37.1,0.6944444444444444,36,4.16,0.41,3.56,0.55,0.79,0.2,0.67,0.4
Brandon Moreno,170.2,125.0,177.8,30.1,0.6666666666666666,36,3.86,0.43,3.69,0.59,1.39,0.41,0.67,0.4
Sean Loeffler,190.5,185.0,182.9,41.6,0.8611111111111112,36,0.0,0.0,0.0,0.0,0.0,0.0,0.0,0.0
Eric Wisely,172.7,145.0,182.9,39.4,0.7222222222222222,36,1.42,0.47,2.08,0.56,0.0,0.0,0.27,0.9
Bendy Casimir,165.1,145.0,182.9,43.6,0.5555555555555556,36,0.74,0.27,3.42,0.54,0.0,0.0,1.0,0.0
Bruno Silva,182.9,185.0,188.0,34.5,0.6388888888888888,36,3.86,0.48,5.35,0.41,0.77,0.22,0.74,0.0
Rameau Thierry Sokoudjou,177.8,205.0,198.1,39.7,0.5,36,2.26,0.45,2.61,0.56,1.93,0.47,0.78,0.9
Forrest Petz,175.3,170.0,180.3,48.3,0.7222222222222222,36,2.27,0.29,2.2,0.57,1.3,1.0,0.66,0.0
David Bielkheden,177.8,155.0,180.3,44.6,0.6666666666666666,36,1.11,0.57,1.64,0.54,2.65,0.63,0.14,0.0
Rich Franklin,185.4,185.0,193.0,49.2,0.8055555555555556,36,4.1,0.44,2.07,0.62,1.31,0.66,0.63,0.7
Masanori Suda,175.3,183.0,182.9,36.8,0.6111111111111112,36,1.8,0.5,1.2,0.63,0.0,0.0,0.6,0.0
Roy Nelson,182.9,263.0,185.4,47.5,0.6111111111111112,36,2.18,0.36,4.79,0.46,1.14,0.27,0.65,0.1
Tyson Nam,170.2,125.0,172.7,40.2,0.5833333333333334,36,3.87,0.33,4.97,0.65,0.0,0.0,0.87,0.0
Jong Wang Kim,185.4,240.0,182.9,36.8,0.3611111111111111,36,0.0,0.0,0.0,0.0,0.0,0.0,0.0,0.0
Brian Warren,182.9,185.0,182.9,49.6,0.5,36,1.16,0.21,4.63,0.57,0.0,0.0,0.0,0.0
Nick Diaz,185.4,170.0,193.0,40.4,0.7222222222222222,36,5.71,0.42,3.84,0.59,1.28,0.32,0.6,1.0
Ross Pearson,172.7,155.0,175.3,39.3,0.5555555555555556,36,3.68,0.4,4.09,0.62,0.74,0.35,0.75,0.0
Alex Caceres,177.8,145.0,185.4,35.5,0.5833333333333334,36,4.21,0.49,3.09,0.62,0.54,0.68,0.64,0.7
Akira Shoji,172.7,195.0,182.9,49.9,0.3888888888888889,36,1.03,0.34,2.63,0.53,1.79,0.73,0.82,0.4
Eddie Alvarez,175.3,155.0,175.3,40.0,0.8285714285714286,35,4.32,0.41,4.39,0.55,2.92,0.36,0.92,0.5
Yasuhiro Urushitani,165.1,125.0,182.9,47.3,0.6,35,3.47,0.39,4.71,0.65,0.0,0.0,0.8,0.0
Frankie Edgar,167.6,135.0,172.7,42.2,0.6571428571428571,35,3.77,0.4,2.82,0.65,2.29,0.31,0.65,0.3
Alexander Yakovlev,190.5,155.0,188.0,39.5,0.6857142857142857,35,1.74,0.47,2.41,0.58,1.66,0.35,0.72,0.1
Rongzhu,175.3,155.0,180.3,23.8,0.8285714285714286,35,6.2,0.5,5.32,0.54,1.18,0.62,0.85,0.1
Jonathan Goulet,182.9,170.0,185.4,44.5,0.6571428571428571,35,1.61,0.41,2.01,0.46,4.17,0.7,0.45,0.6
Ryuki Ueyama,180.3,180.0,182.9,47.7,0.34285714285714286,35,0.13,0.21,1.4,0.46,0.5,1.0,0.0,1.5
Ryo Chonan,175.3,170.0,177.8,47.2,0.6285714285714286,35,2.57,0.43,2.25,0.6,0.61,0.41,0.39,0.3
Mike Brown,167.6,145.0,177.8,48.3,0.7428571428571429,35,2.98,0.44,2.45,0.6,3.23,0.4,0.66,0.6
Duane Ludwig,177.8,170.0,177.8,45.4,0.6,35,4.62,0.44,3.05,0.57,0.43,0.25,0.59,0.1
Sergey Khandozhko,185.4,170.0,188.0,31.6,0.8,35,3.41,0.41,2.37,0.6,0.76,0.28,0.61,0.0
Morgan Charriere,172.7,145.0,175.3,28.2,0.6,35,3.65,0.43,5.18,0.52,1.59,0.38,0.71,0.5
Alex Oliveira,180.3,170.0,193.0,35.9,0.6285714285714286,35,2.99,0.51,2.55,0.46,2.35,0.38,0.63,0.6
Jesse Juarez,185.4,170.0,182.9,42.7,0.6571428571428571,35,1.71,0.48,2.87,0.52,2.69,0.33,0.5,0.0
Angela Hill,160.0,115.0,162.6,39.0,0.5428571428571428,35,5.46,0.5,5.0,0.6,0.76,0.3,0.72,0.2
Karo Parisyan,177.8,170.0,182.9,41.3,0.6857142857142857,35,2.49,0.41,2.19,0.58,5.27,0.59,0.59,1.0
Jason Dent,177.8,155.0,180.3,43.6,0.6285714285714286,35,2.01,0.39,3.7,0.62,0.0,0.0,0.26,1.4
Akbarh Arreola,177.8,155.0,180.3,41.0,0.6571428571428571,35,2.32,0.45,4.01,0.56,1.07,1.0,0.33,0.4
Dan Hardy,182.9,170.0,188.0,41.6,0.7142857142857143,35,2.46,0.35,3.44,0.51,0.73,0.35,0.35,0.4
Nate Diaz,182.9,170.0,193.0,38.7,0.6285714285714286,35,4.57,0.45,3.77,0.52,1.05,0.3,0.41,1.3
Vladimir Matyushenko,182.9,205.0,188.0,53.0,0.7714285714285715,35,1.9,0.44,1.62,0.59,3.25,0.46,0.7,0.1
Chris Culley,177.8,145.0,182.9,37.8,0.5714285714285714,35,0.0,0.0,0.0,0.0,0.0,0.0,0.0,0.0
Cody Gibson,177.8,135.0,180.3,36.3,0.6285714285714286,35,3.59,0.46,3.42,0.54,2.01,0.37,0.68,0.9
Kenji Arai,177.8,145.0,182.9,44.2,0.42857142857142855,35,8.79,0.27,10.29,0.39,0.0,0.0,0.0,0.0
Frank Shamrock,177.8,185.0,182.9,51.1,0.6571428571428571,35,4.75,0.53,4.66,0.57,0.35,0.5,0.37,1.1
Joe Camacho,175.3,155.0,182.9,51.8,0.37142857142857144,35,0.31,0.17,5.0,0.42,0.0,0.0,0.0,0.0
Chris Brennan,172.7,170.0,182.9,52.2,0.6,35,0.6,0.4,0.97,0.5,0.0,0.0,0.25,2.1
Jameel Massouh,177.8,145.0,182.9,39.3,0.7428571428571429,35,1.91,0.54,2.62,0.55,0.67,0.15,0.5,0.7
Din Thomas,175.3,155.0,182.9,47.3,0.7428571428571429,35,1.85,0.37,2.6,0.59,1.38,0.52,0.76,1.2
Mike Whitehead,185.4,205.0,182.9,42.5,0.7714285714285715,35,1.62,0.33,2.36,0.59,3.59,0.43,0.77,0.3
Ray Perales,177.8,170.0,182.9,48.5,0.37142857142857144,35,0.18,0.25,2.39,0.32,0.0,0.0,0.33,0.0
Daiki Hata,167.6,139.0,182.9,41.4,0.4857142857142857,35,1.44,0.39,1.42,0.55,0.67,1.0,0.35,0.7
Johnny Bedford,177.8,135.0,180.3,41.0,0.6,35,4.53,0.5,1.75,0.63,1.83,0.62,0.62,0.0
Marcos Vinicius,175.3,125.0,182.9,44.1,0.6571428571428571,35,1.93,0.49,2.91,0.47,0.0,0.0,0.25,0.5
JJ Ambrose,177.8,170.0,182.9,36.9,0.8,35,3.16,0.69,6.32,0.33,0.0,0.0,0.5,0.0
Brett Cooper,182.9,170.0,182.9,36.5,0.6571428571428571,35,0.0,0.0,0.0,0.0,0.0,0.0,0.0,0.0
Douglas Lima,185.4,170.0,182.9,36.0,0.8285714285714286,35,1.92,0.36,2.84,0.6,0.6,1.0,0.46,0.0
Kazunori Yokota,172.7,154.0,182.9,45.7,0.7142857142857143,35,0.67,0.31,1.13,0.57,0.0,0.0,0.0,0.0
Ivan Jorge,175.3,155.0,185.4,43.1,0.7941176470588235,34,3.41,0.49,2.91,0.59,1.56,0.16,0.75,0.6
Brad Tavares,185.4,185.0,188.0,36.0,0.6176470588235294,34,3.41,0.43,3.32,0.54,0.7,0.26,0.8,0.0
Tanner Boser,188.0,245.0,190.5,32.4,0.6470588235294118,34,4.82,0.53,3.0,0.57,0.0,0.0,0.69,0.0
Makhmud Muradov,188.0,185.0,190.5,33.9,0.7647058823529411,34,4.21,0.43,2.57,0.61,3.03,0.66,0.77,0.2
Kazuhiro Nakamura,180.3,205.0,177.8,44.5,0.6176470588235294,34,1.56,0.37,1.83,0.59,1.73,0.36,0.42,0.6
Takeya Mizugaki,170.2,135.0,175.3,40.0,0.6176470588235294,34,3.37,0.37,3.27,0.57,1.46,0.57,0.7,0.1
Marlon Moraes,167.6,135.0,170.2,35.7,0.6764705882352942,34,3.37,0.4,4.53,0.54,0.87,0.41,0.46,0.3
Keisuke Fujiwara,167.6,139.0,182.9,41.3,0.5,34,0.73,0.44,1.2,0.47,0.0,0.0,0.23,2.5
Luke Caudillo,170.2,155.0,182.9,43.1,0.5,34,1.97,0.28,5.07,0.55,0.44,0.2,0.85,0.0
Tim Boetsch,182.9,185.0,188.0,42.9,0.6176470588235294,34,2.93,0.5,2.9,0.57,1.45,0.34,0.59,0.8
Michael Chandler,172.7,155.0,180.3,37.7,0.6764705882352942,34,3.91,0.49,4.51,0.43,1.88,0.37,0.61,0.5
Julio Cesar Neves Jr.,172.7,145.0,182.9,29.7,0.9705882352941176,34,1.98,0.35,4.81,0.51,1.06,0.25,0.76,0.0
Georgi Karakhanyan,172.7,145.0,182.9,38.6,0.7647058823529411,34,4.49,0.39,5.0,0.54,1.41,0.5,0.33,1.9
Derrick Krantz,177.8,170.0,182.9,36.0,0.6470588235294118,34,2.07,0.37,4.03,0.5,3.18,0.5,0.0,0.8
Tim Hague,193.0,260.0,193.0,40.6,0.6176470588235294,34,2.79,0.47,4.14,0.46,1.72,0.33,0.85,0.9
Phil Harris,162.6,125.0,165.1,40.3,0.6470588235294118,34,2.34,0.26,3.16,0.68,1.76,0.21,0.6,0.0
Andre Winner,180.3,155.0,185.4,42.1,0.6176470588235294,34,2.52,0.33,4.57,0.51,0.0,0.0,0.74,0.0
Rafael Silva,170.2,135.0,182.9,38.8,0.8235294117647058,34,0.67,0.5,0.73,0.67,0.0,0.0,0.25,1.0
Patrick Cote,180.3,170.0,190.5,43.8,0.6764705882352942,34,2.81,0.48,3.21,0.48,0.68,0.2,0.43,0.2
Marvin Eastman,175.3,185.0,185.4,52.6,0.5294117647058824,34,2.21,0.35,3.92,0.42,1.38,0.33,0.81,0.0
Jack Hermansson,185.4,170.0,195.6,35.6,0.7058823529411765,34,5.15,0.45,3.72,0.56,1.48,0.29,0.8,0.4
Ante Delija,190.5,239.0,198.1,33.4,0.7647058823529411,34,4.28,0.38,3.95,0.52,0.0,0.0,0.75,0.0
Song Yadong,172.7,135.0,170.2,26.1,0.7058823529411765,34,4.26,0.43,3.76,0.54,0.79,0.41,0.73,0.3
Brendan Allen,188.0,185.0,190.5,28.0,0.7941176470588235,34,3.75,0.52,3.78,0.47,1.52,0.41,0.57,1.1
Anton Kuivanen,172.7,155.0,182.9,39.7,0.7058823529411765,34,2.27,0.38,1.63,0.67,1.2,1.0,0.71,0.4
Jean Silva,167.6,160.0,182.9,46.2,0.5588235294117647,34,0.73,0.22,2.93,0.52,0.0,0.0,0.0,0.0
Ryan Roberts,167.6,155.0,182.9,45.5,0.6176470588235294,34,0.0,0.0,12.828599999999996,0.45,0.0,0.0,0.0,0.0
Fabricio Werdum,193.0,231.0,195.6,46.4,0.7058823529411765,34,3.59,0.52,2.64,0.55,1.75,0.31,0.31,1.2
Fabio Maldonado,185.4,205.0,190.5,43.8,0.6764705882352942,34,5.29,0.58,4.31,0.53,0.44,0.57,0.61,0.6
John Dodson,160.0,135.0,167.6,39.3,0.6470588235294118,34,3.2,0.4,3.58,0.61,0.71,0.28,0.82,0.0
Melquizael Costa,177.8,145.0,180.3,27.3,0.7647058823529411,34,4.29,0.47,3.19,0.5,1.53,0.35,0.5,0.8
Igor Araujo,185.4,170.0,195.6,43.1,0.7352941176470589,34,1.52,0.42,2.86,0.49,0.86,0.15,0.22,0.6
Kestutis Smirnovas,177.8,200.0,182.9,47.7,0.7058823529411765,34,4.95,0.52,5.05,0.54,1.55,0.5,1.0,1.6
Seth Baczynski,190.5,170.0,190.5,42.2,0.5882352941176471,34,3.08,0.31,3.14,0.51,0.89,0.16,0.48,0.8
George Allen,188.0,205.0,182.9,57.0,0.38235294117647056,34,0.8,0.38,3.1,0.43,0.0,0.0,0.5,0.0
Anthony Pettis,177.8,155.0,182.9,36.9,0.7058823529411765,34,3.05,0.47,3.44,0.54,0.61,0.5,0.6,1.1
Terry Martin,172.7,185.0,180.3,43.2,0.6764705882352942,34,2.82,0.43,3.13,0.54,3.1,0.42,0.92,0.0
Dennis Siver,167.6,145.0,177.8,45.0,0.6764705882352942,34,3.87,0.32,2.67,0.65,0.87,0.32,0.65,0.3
Mac Danzig,172.7,155.0,177.8,44.0,0.6176470588235294,34,3.39,0.48,3.44,0.57,1.2,0.37,0.46,0.6
Mike Hayes,193.0,230.0,182.9,43.2,0.5882352941176471,34,4.87,0.55,1.47,0.77,0.0,0.0,0.75,4.0
Rob Kimmons,177.8,185.0,185.4,42.9,0.7352941176470589,34,1.86,0.48,4.79,0.38,2.08,0.46,0.25,2.4
Murilo Rua,180.3,185.0,182.9,43.6,0.5882352941176471,34,2.48,0.45,1.85,0.53,1.97,0.45,0.37,1.2
Katsunori Kikuno,172.7,145.0,167.6,42.2,0.7058823529411765,34,2.64,0.4,2.47,0.61,1.88,0.75,0.76,0.8
David Loiseau,182.9,185.0,193.0,44.0,0.6764705882352942,34,1.59,0.44,3.64,0.43,0.43,0.42,0.36,0.1
Dave Strasser,177.8,170.0,182.9,54.5,0.7575757575757576,33,3.04,0.45,1.88,0.59,0.72,0.33,0.33,0.0
Sam Stout,175.3,155.0,177.8,39.7,0.6060606060606061,33,4.17,0.28,4.08,0.57,0.63,0.38,0.77,0.1
Deiveson Figueiredo,165.1,135.0,172.7,36.0,0.7575757575757576,33,2.57,0.53,3.43,0.49,1.61,0.34,0.57,1.2
Johil de Oliveira,167.6,170.0,182.9,54.4,0.5151515151515151,33,0.51,0.34,0.73,0.58,1.1,0.5,0.44,0.6
Levi Avera,185.4,170.0,182.9,41.6,0.5454545454545454,33,0.0,0.0,0.0,0.0,0.0,0.0,0.0,0.0
Justin Robbins,165.1,135.0,182.9,43.4,0.42424242424242425,33,0.67,0.37,3.2,0.47,0.0,0.0,0.0,0.0
Justin Gaethje,180.3,155.0,177.8,35.1,0.8484848484848485,33,6.29,0.57,6.83,0.5,0.3,0.26,0.73,0.0
Hans Stringer,190.5,205.0,182.9,36.5,0.6666666666666666,33,3.16,0.61,2.84,0.41,2.4,0.36,0.62,0.0
Diego Brandao,170.2,145.0,162.6,36.6,0.6666666666666666,33,2.94,0.47,3.38,0.62,3.21,0.68,0.8,0.6
Jared Papazian,172.7,135.0,170.2,35.9,0.6060606060606061,33,3.33,0.39,3.81,0.44,0.0,0.0,0.5,0.0
Rogerio Nogueira,188.0,205.0,190.5,47.6,0.696969696969697,33,2.43,0.35,2.34,0.59,0.64,0.44,0.62,0.8
Rodolfo Marques Diniz,167.6,135.0,182.9,39.9,0.696969696969697,33,1.08,0.32,2.36,0.33,0.0,0.0,0.5,1.8
Chris Leben,180.3,185.0,185.4,43.4,0.6666666666666666,33,2.87,0.42,2.87,0.52,1.14,0.41,0.53,0.8
Jared Gooden,182.9,170.0,195.6,30.1,0.696969696969697,33,4.4,0.48,6.74,0.45,0.91,0.45,0.65,0.4
Jesse Ronson,177.8,155.0,177.8,38.0,0.6363636363636364,33,3.54,0.47,3.39,0.57,0.46,0.28,0.57,0.5
Atsushi Yamamoto,167.6,139.0,182.9,43.2,0.5757575757575758,33,1.97,0.39,1.27,0.7,1.12,0.33,1.0,0.0
Houston Alexander,182.9,205.0,182.9,51.8,0.5151515151515151,33,3.06,0.54,3.2,0.52,1.19,0.57,0.33,0.0
James Zikic,188.0,205.0,182.9,46.8,0.6363636363636364,33,1.47,0.35,1.6,0.44,0.5,0.25,0.74,0.5
John Phillips,180.3,185.0,190.5,38.6,0.6666666666666666,33,1.72,0.34,4.03,0.49,0.0,0.0,0.07,0.0
Jack Marshman,182.9,185.0,185.4,34.0,0.696969696969697,33,2.74,0.25,4.19,0.56,0.0,0.0,0.2,0.0
Bas Rutten,185.4,205.0,182.9,58.9,0.8484848484848485,33,5.59,0.61,2.06,0.79,0.0,0.0,0.0,0.0
Max Griffin,180.3,170.0,193.0,38.1,0.6060606060606061,33,3.7,0.47,3.69,0.58,1.44,0.41,0.69,0.2
Chuck Grigsby,198.1,205.0,182.9,51.4,0.696969696969697,33,0.71,0.16,3.29,0.46,0.0,0.0,0.66,0.0
Mairbek Taisumov,175.3,155.0,185.4,35.4,0.8181818181818182,33,2.98,0.39,3.03,0.64,1.34,0.63,0.88,0.0
Alejandro Perez,167.6,135.0,170.2,34.3,0.696969696969697,33,3.45,0.35,3.18,0.61,0.54,0.22,0.7,0.3
Riki Fukuda,182.9,185.0,185.4,43.0,0.7272727272727273,33,4.24,0.43,3.71,0.64,2.17,0.43,0.7,0.0
John Doyle,180.3,205.0,182.9,47.1,0.3333333333333333,33,3.5,0.44,10.51,0.27,0.0,0.0,0.0,0.0
Thiago Santos,188.0,205.0,193.0,40.0,0.6666666666666666,33,3.72,0.48,2.57,0.53,0.88,0.33,0.65,0.1
Ricky Glenn,182.9,170.0,177.8,34.7,0.6666666666666666,33,3.79,0.42,4.3,0.51,0.72,0.13,0.69,0.4
Bryson Kamaka,180.3,170.0,182.9,36.8,0.36363636363636365,33,9.008599999999996,0.6,12.63,0.0,0.0,0.0,1.0,0.0
Marcus Davis,177.8,170.0,177.8,50.4,0.6666666666666666,33,2.72,0.39,2.79,0.65,1.6,0.48,0.47,1.4
Shungo Oyama,180.3,185.0,182.9,49.7,0.42424242424242425,33,0.64,0.25,1.96,0.57,1.07,0.57,0.62,0.5
Marcos Rogerio de Lima,185.4,253.0,190.5,38.5,0.6666666666666666,33,3.7,0.57,2.9,0.51,1.4,0.45,0.59,0.5
Kevin Randleman,177.8,205.0,182.9,52.4,0.5151515151515151,33,1.26,0.54,1.12,0.57,2.0,0.56,0.3,0.8
Zhang Lipeng,180.3,155.0,180.3,33.8,0.696969696969697,33,1.28,0.48,1.88,0.53,1.75,0.3,0.69,0.8
Gideon Ray,177.8,185.0,182.9,50.6,0.5151515151515151,33,2.08,0.4,2.58,0.53,1.49,1.0,0.0,0.0
John Maguire,175.3,155.0,175.3,40.6,0.7272727272727273,33,1.41,0.41,2.44,0.65,2.8,0.46,0.77,1.1
Jamie Varner,172.7,155.0,180.3,39.2,0.6363636363636364,33,2.92,0.34,2.55,0.58,3.49,0.53,0.66,0.8
Jason Miller,185.4,185.0,182.9,43.0,0.696969696969697,33,1.83,0.43,2.3,0.49,1.31,0.28,0.43,1.3
Aurelijus Kerpe,177.8,155.0,182.9,36.8,0.3333333333333333,33,1.26,0.16,8.21,0.31,0.0,0.0,0.0,0.0
Tomoya Miyashita,170.2,139.0,182.9,42.5,0.5151515151515151,33,1.67,0.65,0.93,0.33,4.0,0.8,0.0,2.0
Dequan Townsend,190.5,205.0,200.7,37.6,0.6363636363636364,33,1.23,0.34,3.92,0.38,0.0,0.0,0.46,0.0
Alexandre Barros,175.3,170.0,182.9,47.1,0.6666666666666666,33,0.98,0.4,4.05,0.36,1.84,0.5,1.0,0.0
Phil Baroni,175.3,170.0,182.9,47.7,0.45454545454545453,33,2.77,0.45,3.93,0.4,1.46,0.47,0.6,0.5
Chris Barnett,175.3,261.0,190.5,37.5,0.696969696969697,33,3.36,0.47,6.55,0.36,0.0,0.0,0.35,0.0
Takeshi Inoue,172.7,145.0,182.9,43.8,0.696969696969697,33,2.54,0.44,3.32,0.61,0.0,0.0,0.47,0.0
Ismail Naurdiev,177.8,185.0,188.0,27.4,0.7575757575757576,33,3.66,0.52,1.75,0.64,1.48,0.4,0.73,0.2
Wilson Reis,162.6,125.0,165.1,39.0,0.696969696969697,33,1.83,0.29,3.04,0.55,5.15,0.42,0.47,0.6
Hidetaka Monma,182.9,168.0,182.9,50.2,0.5454545454545454,33,1.67,0.25,9.76,0.34,0.0,0.0,0.0,0.0
Kenji Osawa,170.2,135.0,167.6,47.2,0.6060606060606061,33,2.34,0.35,2.14,0.63,0.91,0.58,0.68,0.7
Spencer Fisher,170.2,155.0,172.7,47.6,0.7272727272727273,33,3.17,0.43,3.03,0.64,0.67,0.3,0.6,0.8
Roger Huerta,175.3,155.0,177.8,40.6,0.696969696969697,33,3.64,0.36,2.33,0.56,2.13,0.46,0.52,0.5
Ion Cutelaba,185.4,205.0,190.5,30.0,0.6060606060606061,33,4.13,0.43,3.42,0.46,4.02,0.51,0.76,0.3
Calvin Kattar,180.3,145.0,182.9,35.8,0.696969696969697,33,4.41,0.37,6.55,0.54,0.34,0.29,0.77,0.1
Dustin Jacoby,190.5,205.0,193.0,35.7,0.6666666666666666,33,5.31,0.47,4.02,0.57,0.3,0.25,0.62,0.0
Siyar Bahadurzada,180.3,170.0,185.4,39.7,0.7272727272727273,33,2.91,0.4,3.23,0.49,1.32,0.61,0.62,0.3
Kyle Noke,185.4,170.0,193.0,43.8,0.6666666666666666,33,3.23,0.5,2.09,0.64,1.53,0.54,0.66,0.8
Anthony Morrison,170.2,145.0,182.9,39.8,0.625,32,1.7,0.33,0.49,0.7985999999999968,0.0,0.0,0.5,0.0
Tony Gravely,165.1,135.0,175.3,32.3,0.71875,32,3.82,0.48,4.47,0.44,5.4,0.41,0.52,0.3
Derek Brunson,185.4,185.0,195.6,40.0,0.71875,32,3.51,0.47,3.05,0.51,3.14,0.33,0.85,0.6
Michal Oleksiejczuk,182.9,185.0,188.0,28.9,0.6875,32,5.73,0.52,4.45,0.6,0.99,0.42,0.52,0.0
Mark Hominick,172.7,145.0,172.7,41.4,0.625,32,4.08,0.42,4.18,0.69,0.25,0.66,0.71,0.9
Kurt Holobaugh,180.3,155.0,177.8,37.3,0.6875,32,4.58,0.44,4.24,0.49,0.65,0.33,0.38,0.8
David Hulett,177.8,170.0,182.9,43.3,0.6875,32,0.0,0.0,0.0,0.0,0.0,0.0,0.0,0.0
Luis Ramos,172.7,170.0,182.9,43.0,0.625,32,2.4,0.35,5.6,0.42,1.5,0.2,1.0,0.0
Kelvin Gastelum,175.3,185.0,180.3,32.2,0.65625,32,3.65,0.42,3.52,0.57,1.04,0.35,0.6,0.1
Leonard Garcia,177.8,145.0,172.7,44.5,0.5625,32,2.77,0.24,4.79,0.52,0.3,0.26,0.42,0.5
Askar Mozharov,190.5,205.0,188.0,29.2,0.59375,32,0.43,0.18,4.07,0.13,0.0,0.0,0.33,0.0
Katsuya Inoue,175.3,168.0,182.9,44.4,0.59375,32,3.41,0.24,12.828599999999996,0.51,0.0,0.0,0.66,0.0
Gilbert Burns,177.8,170.0,180.3,37.5,0.6875,32,3.16,0.48,3.68,0.52,2.04,0.35,0.53,0.4
Beneil Dariush,177.8,155.0,182.9,34.7,0.71875,32,3.74,0.49,2.63,0.57,2.21,0.38,0.82,0.8
Kevin Roddy,180.3,145.0,182.9,36.8,0.46875,32,2.64,0.3,2.38,0.6,0.0,0.0,0.5,0.0
Frank Camacho,177.8,155.0,185.4,34.6,0.6875,32,6.56,0.46,7.44,0.51,1.11,0.31,0.73,0.0
Greg Rebello,182.9,240.0,185.4,41.6,0.75,32,2.61,0.39,2.92,0.58,0.0,0.0,0.0,0.0
Victor Henry,170.2,135.0,172.7,36.7,0.78125,32,7.17,0.53,5.19,0.48,1.04,0.42,0.81,0.3
Roan Carneiro,180.3,170.0,193.0,45.6,0.65625,32,1.46,0.46,1.82,0.62,3.05,0.42,0.83,1.4
Paulo Filho,172.7,185.0,182.9,45.6,0.71875,32,1.86,0.48,1.67,0.66,2.4,0.32,0.42,1.6
Willamy Freire,172.7,155.0,182.9,36.4,0.8125,32,1.53,0.37,0.93,0.62,0.5,1.0,0.73,0.0
Tito Ortiz,190.5,205.0,188.0,48.9,0.59375,32,2.59,0.46,2.88,0.6,2.47,0.35,0.54,0.6
Stevie Ray,177.8,155.0,177.8,33.8,0.71875,32,3.73,0.44,2.93,0.54,0.75,0.46,0.55,0.6
Christos Giagos,177.8,155.0,180.3,33.9,0.625,32,3.03,0.41,3.21,0.5,2.84,0.36,0.52,0.4
Zak Cummings,182.9,205.0,190.5,39.4,0.78125,32,2.96,0.35,2.91,0.55,0.62,0.28,0.66,0.6
Alavutdin Gadjiev,188.0,185.0,182.9,41.5,0.5625,32,0.99,0.27,0.99,0.57,0.0,0.0,0.5,0.0
Michihiro Omigawa,167.6,145.0,172.7,48.0,0.53125,32,2.01,0.39,3.06,0.64,1.19,0.36,0.49,1.5
Kuniyoshi Hironaka,177.8,168.0,177.8,47.5,0.71875,32,1.98,0.4,3.01,0.54,1.91,0.3,0.25,0.6
Rob Font,172.7,135.0,180.3,36.5,0.6875,32,5.11,0.45,3.53,0.57,0.7,0.29,0.37,0.3
BJ Penn,175.3,155.0,177.8,45.1,0.5,32,2.76,0.48,3.2,0.56,1.19,0.55,0.74,0.5
Alexis Davis,167.6,135.0,172.7,39.2,0.65625,32,4.63,0.49,4.45,0.54,0.95,0.44,0.34,0.7
Gesias Cavalcante,172.7,155.0,180.3,40.5,0.65625,32,1.98,0.35,3.11,0.51,1.25,0.36,0.66,1.1
Antonio Silva,193.0,264.0,203.2,44.3,0.59375,32,2.89,0.45,3.09,0.5,0.82,0.29,0.66,0.8
Andre Muniz,185.4,185.0,198.1,33.9,0.75,32,2.08,0.48,2.46,0.51,3.98,0.48,0.35,1.1
Jason Godsey,188.0,230.0,182.9,59.08599999999997,0.5,32,0.0,0.0,0.0,0.0,0.0,0.0,0.0,0.0
Damon Jackson,180.3,155.0,180.3,35.4,0.71875,32,2.96,0.42,3.47,0.49,2.3,0.32,0.37,1.2
Milco Voorn,177.8,220.0,182.9,36.8,0.625,32,0.0,0.0,0.0,0.7985999999999968,0.0,0.0,0.0,0.0
Nariman Abbasov,172.7,155.0,167.6,29.9,0.875,32,3.0,0.2,5.67,0.46,0.0,0.0,0.66,0.0
Antonio Banuelos,165.1,135.0,160.0,44.3,0.625,32,2.69,0.33,3.15,0.58,1.62,0.62,0.86,0.4
Ike Villanueva,185.4,205.0,185.4,39.7,0.5625,32,3.66,0.38,7.24,0.36,0.6,0.5,1.0,0.0
Meng Bo,162.6,115.0,160.0,27.8,0.75,32,2.97,0.48,1.9,0.63,3.5,0.87,0.72,0.5
Yaotzin Meza,175.3,145.0,180.3,42.9,0.65625,32,1.43,0.41,1.62,0.64,1.06,0.2,0.18,1.4
Nazareno Malegarie,172.7,155.0,182.9,37.6,0.875,32,3.87,0.34,3.27,0.69,1.0,0.33,0.0,0.0
Bobby Voelker,182.9,170.0,188.0,44.7,0.59375,32,4.01,0.35,5.84,0.42,1.04,0.5,0.66,0.0
Alexander Volkanovski,167.6,145.0,180.3,35.3,0.875,32,5.99,0.57,3.31,0.58,1.63,0.34,0.68,0.2
Yizha,170.2,145.0,180.3,27.0,0.8125,32,3.25,0.47,2.88,0.49,3.42,0.33,0.64,0.9
Cole Miller,185.4,145.0,185.4,39.7,0.65625,32,3.0,0.33,3.88,0.59,0.6,0.36,0.38,1.8
Rafael Alves,172.7,155.0,172.7,33.1,0.625,32,1.85,0.48,3.3,0.58,0.29,0.25,0.44,1.5
Jennifer Maia,162.6,125.0,162.6,35.2,0.65625,32,4.35,0.38,4.52,0.55,0.42,0.27,0.58,0.1
Steve Kennedy,180.3,170.0,182.9,40.8,0.75,32,2.28,0.35,5.52,0.45,2.51,0.33,0.0,0.0
Johnny Walker,198.1,205.0,203.2,31.8,0.6875,32,3.9,0.54,2.99,0.46,0.36,0.5,0.57,0.7
Lyoto Machida,185.4,185.0,188.0,45.6,0.75,32,2.59,0.53,1.57,0.61,1.21,0.65,0.75,0.4
Brad Blackburn,177.8,170.0,185.4,46.6,0.5625,32,4.55,0.35,3.59,0.65,0.93,0.5,0.76,0.7
Sergei Kharitonov,182.9,245.0,182.9,43.4,0.8125,32,3.9,0.44,3.03,0.54,1.16,0.53,0.7,1.0
Ildemar Alcantara,188.0,185.0,198.1,41.1,0.65625,32,1.93,0.38,2.63,0.5,2.0,0.68,0.81,0.9
Marcus Aurelio,177.8,155.0,188.0,50.4,0.6875,32,1.42,0.33,2.27,0.59,1.69,0.27,0.27,1.3
Amar Suloev,175.3,183.0,182.9,47.5,0.7741935483870968,31,1.98,0.37,2.19,0.7,0.27,1.0,0.88,0.3
Benson Henderson,175.3,170.0,177.8,40.1,0.7741935483870968,31,2.93,0.45,1.79,0.63,2.4,0.45,0.63,0.8
Gian Villante,190.5,230.0,193.0,38.4,0.5483870967741935,31,4.38,0.44,5.47,0.55,0.45,0.23,0.83,0.0
Demetrious Johnson,160.0,125.0,167.6,37.4,0.8709677419354839,31,3.43,0.54,1.66,0.67,3.35,0.56,0.65,0.5
Nicolas Dalby,180.3,170.0,188.0,39.1,0.7741935483870968,31,3.88,0.43,3.51,0.52,0.9,0.26,0.59,0.1
LC Davis,172.7,135.0,175.3,43.2,0.7419354838709677,31,2.04,0.3,2.1,0.59,2.27,0.46,0.66,0.2
Valentina Shevchenko,165.1,125.0,167.6,35.8,0.8387096774193549,31,3.04,0.52,2.0,0.63,2.65,0.61,0.76,0.3
Josh Thomson,177.8,155.0,180.3,45.3,0.7096774193548387,31,2.59,0.47,2.12,0.64,1.92,0.39,0.54,1.3
Daniel Swain,175.3,145.0,177.8,32.9,0.6451612903225806,31,0.8,0.44,3.2,0.4,0.0,0.0,0.0,6.0
Michelle Waterson-Gomez,160.0,115.0,160.0,38.0,0.5806451612903226,31,3.42,0.46,4.25,0.48,1.39,0.33,0.69,0.6
Alvin Cacdac,167.6,125.0,182.9,36.8,0.5806451612903226,31,1.21,0.66,0.61,0.0,0.0,0.0,0.0,0.0
Jason Day,182.9,185.0,182.9,42.6,0.6129032258064516,31,3.61,0.54,3.46,0.47,1.13,1.0,0.0,0.0
Landon Showalter,182.9,185.0,182.9,47.5,0.3548387096774194,31,0.0,0.0,0.0,0.0,0.0,0.0,0.0,0.0
Paul Bradley,175.3,170.0,182.9,40.6,0.7419354838709677,31,2.26,0.32,4.13,0.56,1.12,0.16,1.0,0.0
Kyle Bradley,175.3,155.0,180.3,41.4,0.6129032258064516,31,1.99,0.4,3.45,0.58,0.65,0.5,0.4,0.0
Aljamain Sterling,170.2,145.0,180.3,34.4,0.8387096774193549,31,4.26,0.52,2.15,0.59,2.54,0.32,0.44,0.6
Marc Stevens,175.3,155.0,182.9,38.6,0.6774193548387096,31,0.45,0.26,1.79,0.46,0.0,0.0,0.0,0.0
Ryo Kawamura,180.3,205.0,182.9,42.5,0.5806451612903226,31,0.6,0.16,3.93,0.39,0.0,0.0,0.06,0.0
Yves Jabouin,170.2,135.0,172.7,44.6,0.6451612903225806,31,3.06,0.41,2.93,0.62,1.94,0.6,0.82,0.1
Tom Niinimaki,175.3,145.0,175.3,41.4,0.7096774193548387,31,1.91,0.54,2.31,0.58,2.97,0.46,0.33,0.5
Dan Ige,170.2,135.0,180.3,32.4,0.6129032258064516,31,3.51,0.43,3.56,0.56,0.88,0.25,0.55,0.2
Alex Stiebling,188.0,205.0,182.9,47.0,0.6129032258064516,31,1.77,0.42,1.45,0.52,0.35,0.66,0.66,0.7
Song Kenan,182.9,170.0,180.3,33.8,0.7096774193548387,31,4.49,0.46,5.82,0.51,0.42,0.3,0.73,0.0
Matt Bessette,177.8,145.0,177.8,39.0,0.7096774193548387,31,4.36,0.41,4.45,0.58,0.64,0.28,0.61,0.3
Marloes Coenen,175.3,145.0,170.2,42.8,0.7419354838709677,31,2.15,0.51,1.9,0.67,0.82,0.3,0.41,2.5
Devin Cole,193.0,240.0,182.9,47.2,0.6451612903225806,31,3.5,0.55,2.14,0.48,2.18,0.42,0.66,0.0
Ludovit Klein,170.2,155.0,182.9,28.9,0.7741935483870968,31,3.83,0.53,3.57,0.53,1.29,0.5,0.76,0.0
Joey Beltran,185.4,185.0,190.5,42.1,0.5483870967741935,31,4.92,0.36,5.27,0.54,0.48,0.18,0.75,0.0
Rudy Bears,180.3,170.0,182.9,45.0,0.5161290322580645,31,1.27,0.29,2.53,0.5,0.0,0.0,0.0,0.0
Bob Sapp,195.6,265.0,182.9,49.3,0.3548387096774194,31,3.19,0.55,1.88,0.49,0.58,1.0,0.72,0.0
Daniel Straus,170.2,145.0,180.3,39.4,0.7741935483870968,31,4.76,0.43,2.99,0.57,0.84,0.15,0.81,1.1
Antonio Mendes,190.5,205.0,195.6,42.7,0.5806451612903226,31,1.34,0.47,6.85,0.22,2.51,0.5,1.0,0.0
Jake Matthews,180.3,170.0,185.4,29.4,0.7419354838709677,31,3.36,0.44,2.58,0.6,1.36,0.41,0.66,0.7
Rafael Dias,175.3,145.0,182.9,44.2,0.5483870967741935,31,1.13,0.27,2.19,0.6,3.17,0.47,1.0,1.2
Tommy Lee,170.2,145.0,182.9,46.9,0.8064516129032258,31,0.0,0.0,0.3,0.75,4.57,0.33,0.0,0.0
Joe Taimanglo,162.6,135.0,182.9,39.5,0.7419354838709677,31,4.18,0.42,4.55,0.59,5.45,0.4,1.0,1.4
John Castaneda,167.6,135.0,180.3,32.0,0.6774193548387096,31,4.81,0.51,4.74,0.55,1.34,0.37,0.72,0.3
Mateusz Gamrot,177.8,155.0,177.8,33.1,0.8387096774193549,31,3.14,0.51,2.79,0.6,5.08,0.38,0.76,0.4
Junye Gao,177.8,125.0,182.9,36.8,0.6129032258064516,31,0.0,0.0,0.0,0.0,0.0,0.0,0.0,0.0
Ibragim Magomedov,182.9,250.0,182.9,48.6,0.7096774193548387,31,0.26,0.04,3.86,0.42,0.0,0.0,0.0,0.0
Ricky Simon,167.6,135.0,175.3,31.3,0.7096774193548387,31,2.99,0.41,3.91,0.6,4.47,0.42,0.77,0.2
Jussier Formiga,165.1,125.0,170.2,38.7,0.7419354838709677,31,1.42,0.39,2.34,0.64,1.82,0.35,0.87,0.6
Pedro Rizzo,185.4,241.0,182.9,49.7,0.6451612903225806,31,1.93,0.34,3.02,0.5,0.26,0.28,0.78,0.0
Carlos Prates,185.4,170.0,198.1,30.4,0.7741935483870968,31,4.41,0.54,4.3,0.47,0.18,1.0,0.77,0.0
Matt Lindland,182.9,185.0,188.0,53.6,0.7096774193548387,31,2.62,0.5,1.56,0.52,3.01,0.48,0.6,1.3
Jess Liaudin,175.3,170.0,182.9,36.8,0.6451612903225806,31,2.46,0.51,2.76,0.41,3.28,0.53,0.3,1.6
Jamall Emmers,177.8,145.0,188.0,34.4,0.7419354838709677,31,5.09,0.49,3.91,0.57,2.49,0.53,0.81,0.3
Desmond Green,177.8,155.0,185.4,34.2,0.7419354838709677,31,3.7,0.46,2.51,0.69,1.62,0.5,0.75,0.0
Rafael Natal,182.9,185.0,195.6,41.0,0.6774193548387096,31,3.1,0.47,2.48,0.57,2.55,0.34,0.77,0.5
Mike Santiago,177.8,145.0,175.3,34.4,0.6129032258064516,31,3.44,0.49,3.58,0.36,2.66,0.5,0.53,1.1
Yaroslav Amosov,182.9,170.0,190.5,30.3,0.967741935483871,31,2.65,0.53,1.38,0.6,8.49,0.53,0.0,3.2
Chris Gutierrez,175.3,135.0,170.2,32.7,0.7096774193548387,31,4.4,0.57,2.65,0.63,0.3,0.3,0.67,0.1
Cody Durden,170.2,125.0,170.2,32.8,0.6,30,3.27,0.44,3.89,0.51,3.82,0.48,0.56,0.6
Yamato Nishikawa,170.2,155.0,182.9,21.6,0.7,30,0.0,0.0,0.0,0.0,0.0,0.0,0.0,0.0
Israel Adesanya,193.0,185.0,203.2,34.4,0.8,30,4.03,0.48,3.22,0.55,0.05,0.09,0.76,0.1
Abner Lloveras,180.3,155.0,182.9,41.3,0.6666666666666666,30,6.27,0.49,6.87,0.43,2.0,0.2,0.0,0.0
Roger Carroll,177.8,170.0,182.9,36.8,0.5333333333333333,30,7.62,0.61,10.48,0.43,0.0,0.0,1.0,0.0
Islam Makhachev,177.8,170.0,177.8,32.2,0.9666666666666667,30,2.27,0.58,1.42,0.61,3.22,0.54,0.91,0.9
Keith Berry,185.4,185.0,182.9,36.2,0.5,30,0.27,0.12,6.27,0.28,0.0,0.0,0.0,0.0
Edson Berto,167.6,155.0,182.9,40.5,0.5666666666666667,30,1.76,0.36,4.62,0.47,5.47,0.4,0.0,2.7
Bao Quach,160.0,145.0,182.9,44.3,0.6333333333333333,30,0.0,0.0,0.0,0.0,0.0,0.0,0.0,0.0
Victor Hugo,170.2,135.0,180.3,31.1,0.8333333333333334,30,3.27,0.44,2.95,0.56,0.81,0.33,0.73,1.2
Hacran Dias,172.7,155.0,175.3,39.5,0.7666666666666667,30,2.08,0.41,3.31,0.55,2.5,0.39,0.76,0.5
Dokonjonosuke Mishima,170.2,155.0,182.9,51.7,0.7,30,1.06,0.41,1.22,0.52,2.47,0.4,0.25,1.4
Jesse Sanders,182.9,170.0,182.9,36.8,0.7666666666666667,30,0.0,0.0,6.45,0.35,0.0,0.0,0.5,0.0
Jadson Costa,170.2,155.0,182.9,43.1,0.7333333333333333,30,0.2,0.5,3.05,0.5,0.0,0.0,0.0,0.0
Joao Zeferino,180.3,170.0,182.9,38.0,0.7,30,0.83,0.36,2.6,0.48,0.5,0.05,0.5,1.0
Roman Zentsov,185.4,230.0,182.9,50.3,0.6,30,1.18,0.36,0.53,0.7,1.6,1.0,0.33,3.2
Carlos Newton,175.3,170.0,182.9,47.4,0.5333333333333333,30,0.65,0.41,1.55,0.44,2.47,0.7,0.43,0.9
Zhang Weili,162.6,115.0,160.0,34.4,0.8666666666666667,30,4.66,0.52,2.63,0.53,1.96,0.44,0.63,0.5
Frank Trigg,175.3,170.0,180.3,51.7,0.7,30,2.79,0.46,1.9,0.56,2.35,0.47,0.75,0.8
Anderson Dos Santos,165.1,135.0,177.8,38.4,0.7,30,2.7,0.25,5.37,0.49,0.98,0.14,0.66,0.7
Cody Stamann,167.6,135.0,162.6,34.1,0.7,30,4.32,0.46,3.91,0.6,2.17,0.37,0.76,0.0
Don Frye,185.4,219.0,182.9,58.1,0.6666666666666666,30,2.87,0.64,3.57,0.37,0.91,0.57,0.45,0.7
Junior Dos Santos,193.0,238.0,195.6,39.9,0.7,30,4.49,0.47,3.33,0.56,0.3,0.5,0.81,0.1
Leigh Remedios,170.2,155.0,182.9,48.0,0.6,30,0.75,0.41,1.36,0.68,0.0,0.0,0.33,0.0
Nick Agallar,172.7,155.0,182.9,45.0,0.8,30,0.69,0.11,4.56,0.42,0.0,0.0,0.0,0.0
Michel Prazeres,167.6,170.0,170.2,42.4,0.8666666666666667,30,2.38,0.47,2.51,0.57,3.94,0.36,0.47,0.6
Alessio Sakara,182.9,185.0,182.9,42.3,0.6333333333333333,30,3.96,0.47,2.8,0.59,2.18,0.78,0.62,0.0
Bryan Barberena,182.9,185.0,182.9,34.7,0.6,30,5.35,0.48,4.59,0.44,0.13,0.22,0.5,0.3
Marcin Held,175.3,155.0,180.3,32.0,0.7666666666666667,30,1.41,0.34,2.02,0.47,2.46,0.46,0.37,1.3
James McSweeney,193.0,230.0,195.6,43.2,0.5,30,3.94,0.55,4.33,0.42,0.52,0.33,1.0,1.1
Ross Ebanez,175.3,154.0,182.9,48.6,0.6666666666666666,30,0.74,0.5,0.74,0.62,3.7,1.0,0.0,0.0
Alatengheili,165.1,135.0,167.6,32.0,0.6,30,2.71,0.31,4.96,0.56,1.88,0.42,0.75,0.0
Josh Hendricks,188.0,235.0,182.9,47.3,0.6333333333333333,30,0.98,0.2,11.8,0.29,0.0,0.0,0.0,0.0
Nathaniel Wood,167.6,145.0,175.3,30.7,0.7666666666666667,30,5.36,0.5,4.19,0.54,1.25,0.48,0.75,0.4
Anthony Lapsley,175.3,170.0,182.9,43.9,0.7666666666666667,30,0.53,0.34,0.58,0.66,0.0,0.0,0.2,0.0
Steven Peterson,177.8,145.0,177.8,33.6,0.6333333333333333,30,4.76,0.4,5.94,0.53,1.42,0.26,0.64,0.7
Aleksander Emelianenko,198.1,255.0,182.9,42.4,0.7666666666666667,30,2.75,0.41,1.7,0.65,2.32,0.72,0.66,0.9
Rob Emerson,175.3,155.0,177.8,42.4,0.6,30,2.5,0.3,2.83,0.64,2.02,0.52,0.65,0.4
Joe Wilk,175.3,145.0,182.9,41.7,0.6333333333333333,30,1.0,0.54,2.0,0.72,0.0,0.0,0.0,0.0
Jared Gordon,175.3,155.0,172.7,35.3,0.7,30,5.57,0.53,4.11,0.55,1.91,0.34,0.6,0.0
Randy Couture,185.4,205.0,190.5,59.08599999999997,0.6333333333333333,30,2.85,0.57,1.53,0.59,2.78,0.46,0.58,0.5
Dong Hyun Ma,180.3,155.0,177.8,35.3,0.5333333333333333,30,2.84,0.41,4.1,0.54,1.27,0.53,0.33,0.0
Gilbert Melendez,175.3,145.0,185.4,41.7,0.7333333333333333,30,3.44,0.33,2.53,0.63,1.64,0.41,0.71,0.2
Raja Shippen,167.6,145.0,182.9,37.2,0.6,30,0.0,0.0,0.0,0.0,0.0,0.0,0.0,0.0
Dmitry Poberezhets,190.5,237.0,182.9,38.6,0.8,30,0.0,0.0,0.0,0.0,0.0,0.0,0.0,0.0
Carlos Leal,180.3,170.0,188.0,29.7,0.7666666666666667,30,8.75,0.47,7.78,0.48,0.43,0.11,0.9,0.0
Yan Qihui,160.0,125.0,160.0,27.2,0.8333333333333334,30,4.38,0.46,5.06,0.54,3.68,0.69,0.62,0.0
Jay Hieron,182.9,170.0,190.5,47.4,0.7666666666666667,30,1.66,0.32,1.89,0.61,4.05,0.6,0.66,1.0
Norman Parke,180.3,155.0,177.8,37.0,0.7666666666666667,30,3.06,0.35,2.88,0.64,1.98,0.26,0.77,0.0
Marvin Vettori,182.9,185.0,188.0,30.3,0.6333333333333333,30,4.74,0.45,4.55,0.56,1.41,0.43,0.68,0.4
Cyrille Diabate,198.1,205.0,203.2,50.2,0.6333333333333333,30,4.06,0.71,1.78,0.6,1.17,0.83,0.53,0.2
Mizuto Hirota,170.2,155.0,170.2,42.7,0.6,30,3.36,0.4,3.5,0.54,1.36,0.5,0.58,0.1
Takeshi Yamazaki,172.7,139.0,182.9,46.6,0.5,30,0.57,0.25,1.57,0.47,4.5,0.5,1.0,1.0
Sammy Morgan,177.8,170.0,182.9,42.3,0.6,30,1.05,0.22,3.74,0.4,1.43,0.2,0.0,0.5
Yusuke Kawaguchi,182.9,255.0,182.9,43.4,0.6,30,2.87,0.47,3.93,0.5,0.0,0.0,0.72,0.0
Kyung Ho Kang,175.3,135.0,185.4,36.3,0.6333333333333333,30,3.13,0.47,3.32,0.54,1.97,0.5,0.68,0.8
Belal Muhammad,180.3,170.0,182.9,35.5,0.8,30,4.36,0.42,3.92,0.55,1.98,0.35,0.9,0.1
Pedro Munhoz,167.6,135.0,165.1,37.3,0.6666666666666666,30,5.38,0.41,6.29,0.55,0.48,0.16,0.82,0.5
Tofiq Musayev,175.3,155.0,175.3,34.0,0.8,30,2.86,0.43,2.79,0.48,1.57,0.5,0.57,0.0
Miesha Tate,167.6,135.0,165.1,37.4,0.6666666666666666,30,2.62,0.44,3.05,0.51,1.97,0.3,0.56,1.2
DaMarques Johnson,185.4,170.0,190.5,41.5,0.5,30,2.11,0.37,3.75,0.51,1.18,0.55,0.19,0.7
Tetsuji Kato,177.8,155.0,182.9,46.1,0.6666666666666666,30,1.2,0.29,2.1,0.7,2.0,0.57,0.8,0.5
Bryan Caraway,172.7,135.0,172.7,39.4,0.7,30,2.53,0.34,3.61,0.54,2.57,0.25,0.8,0.8
Keith Jardine,188.0,185.0,193.0,48.2,0.5666666666666667,30,3.25,0.36,2.98,0.59,1.18,0.45,0.62,0.7
Krzysztof Jotko,185.4,185.0,195.6,34.4,0.8,30,2.98,0.42,2.23,0.57,1.33,0.39,0.82,0.1
Manel Kape,165.1,125.0,172.7,30.1,0.7666666666666667,30,4.68,0.55,3.88,0.57,0.36,0.3,0.78,0.2
Scott Smith,182.9,185.0,177.8,44.6,0.6206896551724138,29,1.9,0.27,5.87,0.5,0.12,0.06,0.58,0.5
Jon Jones,193.0,248.0,203.2,36.5,0.9655172413793104,29,4.38,0.58,2.24,0.64,1.89,0.45,0.95,0.5
Felipe Arantes,172.7,135.0,185.4,35.9,0.6206896551724138,29,2.37,0.45,2.66,0.64,0.93,0.47,0.41,0.7
David Mitchell,182.9,170.0,190.5,44.2,0.7586206896551724,29,1.74,0.32,2.06,0.55,0.66,0.5,0.29,2.0
Uriah Hall,182.9,185.0,200.7,39.4,0.6206896551724138,29,3.23,0.48,3.85,0.54,0.54,0.38,0.64,0.1
Isao Kobayashi,172.7,145.0,182.9,35.2,0.7241379310344828,29,1.01,0.33,1.66,0.45,2.17,1.0,1.0,0.0
Charles Johnson,175.3,125.0,177.8,33.0,0.6896551724137931,29,4.6,0.49,3.93,0.55,0.44,0.14,0.66,0.4
Tiago dos Santos e Silva,175.3,145.0,177.8,36.7,0.6896551724137931,29,3.69,0.35,4.23,0.59,0.63,0.11,0.33,0.3
Sherman Pendergarst,185.4,235.0,182.9,56.4,0.3793103448275862,29,1.23,0.36,3.08,0.16,4.62,1.0,0.0,0.0
Chris Guillen,182.9,240.0,182.9,51.1,0.4482758620689655,29,0.82,0.27,1.91,0.36,0.0,0.0,0.0,0.0
Thiago Moises,175.3,155.0,177.8,28.8,0.6551724137931034,29,2.52,0.42,4.4,0.52,1.37,0.29,0.52,1.1
Danny Mitchell,188.0,170.0,182.9,37.4,0.6551724137931034,29,2.53,0.49,2.53,0.52,0.0,0.0,1.0,3.0
Billy Vaughan,167.6,155.0,182.9,40.1,0.41379310344827586,29,0.0,0.0,1.36,0.5,0.0,0.0,0.0,0.0
Yoko Takahashi,172.7,150.0,182.9,50.7,0.5172413793103449,29,5.11,0.54,8.78,0.48,0.0,0.0,0.0,0.0
Daiju Takase,182.9,170.0,182.9,45.7,0.41379310344827586,29,0.49,0.3,1.64,0.47,0.84,0.17,0.21,1.2
Danny Martinez,167.6,125.0,170.2,38.5,0.7241379310344828,29,2.73,0.28,3.77,0.63,3.0,0.45,0.36,0.0
Volkan Oezdemir,188.0,205.0,190.5,34.3,0.7241379310344828,29,4.99,0.48,4.19,0.55,0.5,0.29,0.8,0.1
Marcus LeVesseur,175.3,155.0,177.8,41.5,0.7586206896551724,29,2.55,0.64,3.7,0.37,3.89,0.36,0.83,0.6
Jason Brilz,180.3,205.0,180.3,48.5,0.7586206896551724,29,2.66,0.4,1.78,0.65,2.37,0.25,0.25,1.3
Allan Nascimento,172.7,125.0,175.3,32.3,0.7586206896551724,29,3.2,0.51,2.53,0.53,1.04,0.2,0.41,0.9
Pat Curran,175.3,145.0,182.9,36.3,0.7586206896551724,29,4.7,0.58,4.4,0.63,2.5,0.62,0.66,0.0
Yuta Sasaki,177.8,125.0,180.3,34.2,0.7241379310344828,29,2.16,0.41,2.5,0.5,3.03,0.43,0.41,1.2
Khabib Nurmagomedov,177.8,155.0,177.8,35.3,1.0,29,4.1,0.48,1.75,0.65,5.32,0.48,0.84,0.8
Frank Mir,190.5,264.0,200.7,44.6,0.6206896551724138,29,2.18,0.47,3.84,0.38,2.02,0.4,0.54,2.0
Abubakar Vagaev,180.3,170.0,185.4,30.7,0.8620689655172413,29,1.8,0.38,2.2,0.6,4.0,0.4,0.71,0.0
Brian Cobb,180.3,155.0,182.9,43.3,0.6896551724137931,29,0.0,0.0,3.68,0.55,5.81,0.5,0.0,0.0
Anistavio Medeiros,167.6,145.0,182.9,35.7,0.6551724137931034,29,3.64,0.44,5.0,0.47,0.0,0.0,0.0,0.0
Saad Awad,180.3,155.0,182.9,40.6,0.6896551724137931,29,2.13,0.26,1.87,0.6,0.5,0.16,1.0,0.5
Justin Davis,180.3,205.0,182.9,40.8,0.4482758620689655,29,0.0,0.0,0.0,0.0,0.0,0.0,0.0,0.0
Damacio Page,167.6,135.0,167.6,41.3,0.6551724137931034,29,2.05,0.38,2.47,0.51,2.63,0.64,0.23,0.9
Michael Page,190.5,185.0,200.7,36.7,0.896551724137931,29,2.04,0.56,1.36,0.63,0.16,0.12,0.65,0.2
Ryan Jensen,185.4,185.0,193.0,46.3,0.7241379310344828,29,2.84,0.39,2.99,0.59,1.55,0.5,0.31,1.9
Neil Seery,162.6,125.0,162.6,44.3,0.5517241379310345,29,3.56,0.41,3.79,0.58,0.78,0.27,0.53,1.6
Conor McGregor,175.3,155.0,188.0,35.5,0.7586206896551724,29,5.27,0.49,4.71,0.53,0.66,0.55,0.66,0.1
Chris Horodecki,175.3,155.0,175.3,36.3,0.7241379310344828,29,4.59,0.41,3.16,0.65,1.52,0.55,0.37,0.9
Mike Seal,193.0,185.0,182.9,46.4,0.4482758620689655,29,5.5,0.68,3.33,0.5,0.0,0.0,0.33,0.0
Kenny Ento,188.0,192.0,182.9,36.8,0.4827586206896552,29,8.41,0.75,0.0,0.7985999999999968,5.49,1.0,0.0,6.985999999999967
Bryan Pardoe,185.4,205.0,182.9,55.2,0.4482758620689655,29,1.11,0.36,4.59,0.45,4.75,0.4,0.33,0.0
Kai Asakura,172.7,135.0,175.3,30.2,0.7931034482758621,29,3.07,0.39,3.15,0.51,0.0,0.0,0.5,0.0
Wulijiburen,175.3,135.0,175.3,34.8,0.6896551724137931,29,1.61,0.42,3.02,0.56,3.28,0.42,0.77,0.4
Muslim Salikhov,180.3,170.0,177.8,39.6,0.7586206896551724,29,3.31,0.49,3.2,0.6,1.27,0.33,0.72,0.0
Nick Gonzalez,167.6,155.0,182.9,42.8,0.5862068965517241,29,0.59,0.2,2.35,0.33,0.0,0.0,0.5,0.0
Renato Moicano,180.3,155.0,182.9,34.6,0.7241379310344828,29,4.1,0.49,3.55,0.59,1.68,0.4,0.64,0.6
Tom Gallicchio,177.8,170.0,182.9,37.3,0.6551724137931034,29,3.53,0.26,7.07,0.43,1.0,0.11,0.0,0.0
Javier Reyes,170.2,145.0,185.4,30.2,0.7931034482758621,29,6.28,0.47,3.06,0.41,1.27,0.5,0.5,0.0
Sam Adkins,190.5,225.0,182.9,58.7,0.2413793103448276,29,0.0,0.0,0.0,0.0,0.0,0.0,0.0,0.0
Kyle Prepolec,177.8,155.0,177.8,34.3,0.6206896551724138,29,3.01,0.33,6.59,0.45,0.0,0.0,0.41,0.0
Jorge Rivera,185.4,185.0,185.4,51.8,0.6896551724137931,29,3.16,0.48,2.64,0.54,0.84,0.5,0.63,0.1
Damien Brown,177.8,155.0,172.7,39.0,0.5862068965517241,29,3.66,0.38,4.86,0.5,0.68,0.27,0.53,0.7
Julie Kedzie,165.1,135.0,182.9,42.8,0.5517241379310345,29,2.9,0.36,3.18,0.46,1.14,0.23,0.78,0.0
Mitsuhiro Ishida,167.6,154.0,182.9,45.0,0.6896551724137931,29,1.46,0.41,1.13,0.61,4.76,0.53,0.33,0.7
Eiji Mitsuoka,170.2,145.0,182.9,48.0,0.6206896551724138,29,1.49,0.49,2.26,0.45,2.3,0.36,0.2,1.6
Joaquin Buckley,177.8,170.0,193.0,29.7,0.7241379310344828,29,3.62,0.36,3.1,0.58,1.43,0.45,0.7,0.1
Kalib Starnes,190.5,185.0,188.0,49.0,0.5862068965517241,29,2.71,0.48,4.43,0.53,1.46,0.33,0.25,0.6
Thiago Tavares,170.2,145.0,177.8,39.1,0.7241379310344828,29,2.0,0.4,2.31,0.62,3.83,0.42,0.62,1.5
Chuck Liddell,188.0,205.0,193.0,54.0,0.7241379310344828,29,2.97,0.35,2.71,0.56,0.44,0.75,0.81,0.0
Tatsuya Mizuno,185.4,205.0,182.9,42.6,0.5517241379310345,29,2.25,0.37,3.52,0.53,1.19,0.25,0.4,3.6
Juan Puerta,175.3,125.0,180.3,35.9,0.7931034482758621,29,1.27,0.39,1.27,0.67,1.0,1.0,0.0,0.0
Marius Zaromskis,175.3,170.0,182.9,43.4,0.6896551724137931,29,5.02,0.34,5.93,0.5,0.73,0.42,0.73,0.0
Megumi Fujii,160.0,115.0,182.9,49.7,0.896551724137931,29,2.4,0.42,0.0,0.7985999999999968,0.0,0.0,0.0,6.985999999999967
Jason Ireland,175.3,161.0,182.9,44.0,0.6551724137931034,29,1.2,0.25,2.07,0.51,3.59,0.75,0.0,1.2
Artem Lobov,175.3,145.0,165.1,37.4,0.4482758620689655,29,3.52,0.41,4.82,0.5,0.39,0.25,0.52,0.0
George Roop,185.4,135.0,182.9,42.1,0.5172413793103449,29,3.43,0.34,2.47,0.6,1.05,0.57,0.59,0.1
Chase Sherman,193.0,250.0,198.1,34.1,0.5714285714285714,28,6.04,0.45,6.65,0.52,0.09,0.5,0.74,0.0
Li Jingliang,182.9,170.0,180.3,35.8,0.6785714285714286,28,4.46,0.42,3.95,0.56,1.19,0.41,0.6,0.0
Ramiro Hernandez,175.3,135.0,182.9,37.4,0.6785714285714286,28,2.72,0.28,5.51,0.64,0.0,0.0,0.0,0.0
Derrick Mehmen,193.0,205.0,182.9,38.6,0.6785714285714286,28,1.93,0.14,4.53,0.48,1.0,0.16,0.0,0.0
Ariane da Silva,167.6,125.0,170.2,29.9,0.6071428571428571,28,4.05,0.41,4.4,0.5,0.47,0.38,0.68,0.3
Ian Loveland,172.7,145.0,182.9,40.3,0.6428571428571429,28,2.71,0.4,2.36,0.64,1.0,0.37,0.69,0.3
Tae Hyun Bang,175.3,155.0,180.3,40.7,0.6428571428571429,28,2.72,0.38,2.07,0.66,0.49,0.33,0.57,0.5
Dave Herman,193.0,242.0,195.6,39.2,0.7857142857142857,28,4.98,0.6,3.78,0.48,1.49,1.0,0.58,0.0
David Branch,185.4,185.0,198.1,42.3,0.7857142857142857,28,1.66,0.39,1.91,0.56,2.55,0.32,0.43,0.0
Brendson Ribeiro,190.5,205.0,203.2,27.3,0.6071428571428571,28,2.94,0.4,3.56,0.53,0.66,0.37,0.32,0.4
Daniel Omielanczuk,182.9,247.0,188.0,41.3,0.6785714285714286,28,3.09,0.57,3.29,0.47,0.56,0.26,0.68,0.1
Ian Freeman,180.3,225.0,182.9,57.1,0.7142857142857143,28,2.54,0.48,3.11,0.44,1.44,0.4,0.8,0.7
Jorge Ortiz,182.9,185.0,182.9,36.8,0.6428571428571429,28,3.53,0.58,2.8,0.73,0.0,0.0,0.0,0.0
TJ Brown,175.3,145.0,182.9,33.6,0.6071428571428571,28,3.37,0.44,2.89,0.49,3.41,0.57,0.36,1.3
Dominick Cruz,172.7,135.0,172.7,38.8,0.8571428571428571,28,3.91,0.33,2.61,0.7,2.82,0.42,0.83,0.1
Daron Cruickshank,172.7,155.0,182.9,38.6,0.6428571428571429,28,2.88,0.38,2.98,0.57,2.04,0.41,0.6,0.2
Marc-Andre Barriault,185.4,185.0,188.0,33.9,0.6071428571428571,28,5.65,0.47,5.94,0.49,0.34,0.28,0.68,0.1
Matt Kovacs,182.9,244.0,182.9,42.6,0.42857142857142855,28,1.47,0.22,4.87,0.44,1.0,0.25,0.0,0.0
Vinicius Oliveira,175.3,145.0,177.8,28.1,0.8571428571428571,28,5.44,0.47,2.86,0.58,1.27,0.43,0.71,0.2
Branden Lee Hinkle,190.5,235.0,182.9,50.4,0.6071428571428571,28,2.61,0.69,3.91,0.26,4.34,0.57,0.66,4.3
Paul Craig,190.5,205.0,193.0,36.1,0.6071428571428571,28,2.5,0.45,3.04,0.43,1.43,0.18,0.35,1.3
Josh Koscheck,177.8,170.0,185.4,46.1,0.6071428571428571,28,1.79,0.36,2.27,0.63,2.46,0.48,0.64,0.4
Jared Cannonier,180.3,185.0,195.6,39.8,0.6428571428571429,28,4.25,0.49,4.36,0.55,0.77,0.45,0.64,0.0
Erick Silva,182.9,170.0,188.0,39.5,0.6785714285714286,28,2.5,0.48,4.18,0.49,0.85,0.35,0.56,1.4
Katsuhisa Fujii,182.9,205.0,182.9,51.4,0.32142857142857145,28,4.0,0.5,4.43,0.64,2.14,0.25,0.5,2.1
Raoni Barcelos,170.2,135.0,170.2,36.7,0.7857142857142857,28,4.77,0.52,4.34,0.59,2.88,0.33,0.86,1.0
Ryan Bader,188.0,205.0,188.0,40.6,0.8214285714285714,28,2.82,0.43,1.39,0.71,3.37,0.44,0.8,0.4
Anthony Johnson,188.0,205.0,198.1,39.8,0.7857142857142857,28,3.25,0.47,1.83,0.6,2.43,0.57,0.77,0.6
Jordan Radev,170.2,185.0,182.9,47.3,0.8214285714285714,28,1.35,0.23,2.38,0.66,0.0,0.0,0.8,0.0
Evan Dunham,177.8,155.0,177.8,42.0,0.6428571428571429,28,5.33,0.39,3.54,0.61,1.82,0.33,0.79,1.0
Ihor Potieria,190.5,185.0,190.5,27.6,0.7142857142857143,28,4.44,0.5,4.96,0.5,0.73,0.18,0.66,0.0
Vaughan Lee,167.6,125.0,167.6,41.2,0.5,28,3.47,0.47,2.07,0.7,0.81,0.33,0.72,1.0
Hitomi Akano,162.6,135.0,182.9,49.4,0.6428571428571429,28,0.59,0.45,2.58,0.55,0.0,0.0,0.08,0.5
Omari Akhmedov,182.9,185.0,185.4,36.2,0.75,28,2.97,0.34,2.84,0.55,2.58,0.45,0.65,0.2
Gabriel Gonzaga,188.0,242.0,193.0,44.6,0.6071428571428571,28,2.12,0.45,2.94,0.57,2.8,0.39,0.66,1.1
TJ O'Brien,188.0,155.0,182.9,37.0,0.7142857142857143,28,3.77,0.46,4.78,0.57,0.94,1.0,0.0,0.0
Rashad Evans,182.9,205.0,190.5,44.3,0.6785714285714286,28,2.14,0.37,2.42,0.63,2.98,0.44,0.73,0.0
Gadzhimurad Antigulov,180.3,205.0,177.8,36.9,0.7142857142857143,28,2.08,0.55,4.21,0.4,5.08,0.36,0.0,1.4
Chris Wilson,185.4,170.0,190.5,46.6,0.6428571428571429,28,2.32,0.5,1.36,0.55,1.31,0.5,0.6,1.6
Joel Alvarez,190.5,170.0,195.6,30.8,0.8214285714285714,28,4.59,0.52,4.13,0.47,0.15,0.33,0.48,0.9
Jason Witt,177.8,170.0,177.8,37.1,0.6785714285714286,28,2.15,0.44,2.54,0.52,6.9,0.48,1.0,0.9
Leon Edwards,188.0,170.0,188.0,32.4,0.7857142857142857,28,2.6,0.54,2.44,0.52,1.25,0.37,0.63,0.4
Mike Bronzoulis,182.9,155.0,182.9,45.0,0.6428571428571429,28,1.13,0.34,2.54,0.37,0.0,0.0,0.33,0.0
Carla Esparza,157.5,115.0,160.0,36.2,0.7142857142857143,28,2.19,0.39,2.87,0.54,3.28,0.36,0.47,0.3
Jessica Aguilar,160.0,115.0,160.0,41.7,0.7142857142857143,28,4.93,0.5,7.19,0.53,0.94,0.25,0.5,0.2
James Terry,177.8,170.0,182.9,42.8,0.6785714285714286,28,3.23,0.32,4.77,0.64,3.31,0.36,0.75,0.0
Bill Mahood,190.5,200.0,182.9,56.9,0.7142857142857143,28,1.54,0.75,3.59,0.17,0.0,0.0,0.0,3.9
Matt Schnell,172.7,125.0,177.8,34.0,0.6071428571428571,28,4.05,0.4,4.18,0.54,0.59,0.45,0.43,1.2
Grant Dawson,177.8,155.0,182.9,29.9,0.8571428571428571,28,3.14,0.51,2.14,0.44,3.58,0.39,0.66,1.4
Benji Radach,177.8,185.0,182.9,44.7,0.75,28,2.62,0.49,2.31,0.51,1.06,0.41,0.71,0.4
Charles Jourdain,175.3,135.0,175.3,28.1,0.6428571428571429,28,5.44,0.5,4.22,0.55,0.36,0.2,0.44,0.6
Paddy Pimblett,177.8,155.0,185.4,29.0,0.8571428571428571,28,5.48,0.52,3.86,0.42,0.68,0.21,0.46,1.4
Shamil Abdurakhimov,190.5,235.0,193.0,42.3,0.7142857142857143,28,2.41,0.44,3.02,0.55,1.01,0.23,0.45,0.1
Ricardo Lamas,172.7,145.0,180.3,41.6,0.7142857142857143,28,3.13,0.47,2.87,0.57,1.84,0.33,0.46,0.9
Jimmie Rivera,162.6,135.0,172.7,34.5,0.8214285714285714,28,4.03,0.4,3.9,0.6,0.88,0.27,0.92,0.1
Estevan Payan,177.8,145.0,182.9,41.8,0.5714285714285714,28,4.25,0.42,3.58,0.57,0.36,1.0,0.6,0.4
Randy Brown,190.5,170.0,198.1,33.5,0.7142857142857143,28,4.39,0.47,3.35,0.53,0.71,0.34,0.74,0.5
Gerald Harris,180.3,185.0,195.6,44.1,0.8214285714285714,28,1.41,0.29,1.58,0.62,2.96,0.54,0.72,0.0
Zach Makovsky,162.6,125.0,162.6,40.7,0.7142857142857143,28,1.94,0.43,2.24,0.62,3.71,0.3,0.56,0.3
Lavar Johnson,193.0,240.0,203.2,46.6,0.6428571428571429,28,5.39,0.55,2.54,0.55,0.61,0.66,0.54,0.6
Modestas Bukauskas,190.5,205.0,193.0,29.9,0.75,28,3.1,0.43,3.89,0.49,0.21,0.66,0.77,0.1
Julio Paulino,182.9,170.0,182.9,48.1,0.8214285714285714,28,0.97,0.27,1.87,0.48,0.0,0.0,0.37,0.5
Rick Story,175.3,170.0,180.3,39.3,0.6785714285714286,28,3.8,0.41,2.17,0.62,2.53,0.48,0.63,0.9
Ryan Thomas,182.9,170.0,182.9,39.2,0.7142857142857143,28,2.01,0.36,4.17,0.3,5.59,0.33,0.0,2.2
Amanda Nunes,172.7,135.0,175.3,35.6,0.8214285714285714,28,4.55,0.51,2.62,0.57,2.73,0.54,0.82,0.7
Kengo Ura,175.3,165.0,182.9,42.5,0.5,28,1.05,0.37,2.38,0.48,2.85,0.28,0.5,1.4
Victor Valimaki,182.9,205.0,182.9,42.0,0.6428571428571429,28,3.94,0.3,2.99,0.67,0.9,0.14,0.0,0.0
Jason Black,172.7,155.0,182.9,51.5,0.8214285714285714,28,1.06,0.47,2.6,0.45,0.48,0.33,0.28,6.2
Micah Miller,182.9,145.0,182.9,36.9,0.7142857142857143,28,1.33,0.33,2.15,0.54,0.98,0.37,0.21,2.0
Mark Hunt,177.8,265.0,182.9,49.8,0.4642857142857143,28,2.81,0.43,2.9,0.51,0.51,0.55,0.64,0.2
Tommy Speer,177.8,170.0,180.3,39.4,0.75,28,2.56,0.51,5.12,0.35,2.02,0.33,0.33,0.0
Aziz Khaydarov,180.3,155.0,182.9,30.3,0.75,28,2.6,0.61,2.8,0.61,0.0,0.0,0.85,0.0
Hector Urbina,180.3,170.0,185.4,36.3,0.6071428571428571,28,0.97,0.38,2.44,0.39,0.0,0.0,0.38,3.8
Johnny Case,177.8,155.0,182.9,34.5,0.7857142857142857,28,3.95,0.38,2.66,0.61,1.7,0.45,0.72,0.2
Georges St-Pierre,180.3,185.0,193.0,42.6,0.9285714285714286,28,3.78,0.53,1.4,0.72,4.16,0.74,0.83,1.1
Rustam Khabilov,172.7,155.0,185.4,37.2,0.8571428571428571,28,1.98,0.34,2.16,0.65,3.95,0.41,0.61,0.1
Marcio Navarro,182.9,155.0,182.9,45.3,0.5,28,0.0,0.0,0.0,0.0,0.0,0.0,0.0,0.0
Anthony Njokuani,185.4,155.0,190.5,43.8,0.5714285714285714,28,3.94,0.46,2.41,0.65,0.5,0.45,0.53,0.2
Eryk Anders,185.4,185.0,190.5,36.7,0.6666666666666666,27,3.44,0.47,4.03,0.5,1.83,0.25,0.8,0.1
Mike Bourke,182.9,265.0,182.9,55.1,0.37037037037037035,27,0.0,0.0,0.0,0.0,0.0,0.0,0.0,0.0
Kiichi Kunimoto,177.8,170.0,180.3,42.7,0.6666666666666666,27,1.87,0.44,3.92,0.41,1.59,0.2,0.28,0.3
Balajin,175.3,145.0,182.9,31.8,0.8518518518518519,27,1.4,0.33,2.73,0.5,2.0,0.2,0.66,0.0
Alexander Hernandez,175.3,155.0,182.9,31.2,0.6666666666666666,27,4.23,0.4,4.45,0.59,1.05,0.35,0.68,0.1
Pedro Otavio,190.5,245.0,182.9,56.0,0.7037037037037037,27,0.0,0.0,0.0,0.0,0.0,0.0,0.0,0.0
Zhang Mingyang,188.0,205.0,190.5,25.4,0.7037037037037037,27,7.01,0.58,5.55,0.43,0.0,0.0,0.75,0.0
Shamar Bailey,175.3,155.0,190.5,41.3,0.5925925925925926,27,1.56,0.2,3.91,0.69,1.5,0.33,0.37,0.0
Yui Chul Nam,175.3,145.0,182.9,42.5,0.6666666666666666,27,3.53,0.51,2.0,0.48,1.33,0.16,0.57,0.3
Sherron Leggett,172.7,155.0,182.9,45.2,0.7777777777777778,27,2.86,0.51,2.08,0.47,5.19,0.8,0.33,0.0
Yoshiyuki Yoshida,180.3,170.0,177.8,49.6,0.6666666666666666,27,0.85,0.36,3.67,0.36,1.41,0.28,0.25,2.8
Martin Kampmann,182.9,170.0,182.9,41.7,0.7407407407407407,27,3.22,0.42,3.28,0.62,1.86,0.41,0.78,2.0
Manny Tapia,165.1,135.0,170.2,42.8,0.4444444444444444,27,2.69,0.21,4.74,0.58,0.49,0.4,0.66,0.2
Marcos Galvao,170.2,135.0,182.9,42.5,0.6666666666666666,27,1.97,0.32,3.86,0.61,2.27,0.28,0.88,1.1
Dustin Ortiz,165.1,125.0,165.1,35.0,0.7037037037037037,27,2.94,0.44,2.17,0.56,3.01,0.36,0.52,0.1
Niko Price,182.9,170.0,193.0,34.3,0.5925925925925926,27,5.11,0.43,5.57,0.48,1.06,0.3,0.5,0.6
Rob McCullough,175.3,155.0,175.3,46.6,0.7037037037037037,27,2.47,0.36,2.84,0.59,0.46,1.0,0.68,0.0
Westin Wilson,185.4,145.0,185.4,34.9,0.6296296296296297,27,1.57,0.31,6.71,0.3,1.57,0.16,0.33,6.985999999999967
Amilcar Alves,182.9,170.0,182.9,35.4,0.5555555555555556,27,0.5,0.46,2.02,0.3,0.0,0.0,0.53,0.0
Damir Ismagulov,177.8,155.0,188.0,32.9,0.8888888888888888,27,3.36,0.42,2.44,0.61,1.0,0.28,0.7,0.0
Michael Chiesa,185.4,170.0,190.5,36.1,0.7407407407407407,27,2.02,0.4,1.73,0.57,3.11,0.47,0.65,1.0
Jamie Mullarkey,182.9,155.0,188.0,29.4,0.6666666666666666,27,4.1,0.46,4.28,0.54,2.46,0.3,0.7,0.1
Anatoly Tokov,177.8,185.0,182.9,33.9,0.9259259259259259,27,3.51,0.72,0.54,0.66,2.03,1.0,1.0,0.0
Kuya Ito,165.1,135.0,167.6,27.2,0.6296296296296297,27,3.4,0.39,3.13,0.55,0.0,0.0,0.62,1.0
Luiz Firmino,167.6,154.0,182.9,41.8,0.7037037037037037,27,1.23,0.5,1.22,0.51,3.86,0.45,0.2,0.9
Dricus Du Plessis,185.4,185.0,193.0,30.0,0.8888888888888888,27,5.21,0.48,4.24,0.54,1.9,0.48,0.5,0.6
Alexandre Franca Nogueira,170.2,145.0,182.9,46.0,0.6666666666666666,27,0.6,0.2,4.18,0.57,0.0,0.0,0.0,0.0
Rousimar Palhares,172.7,170.0,180.3,43.8,0.7037037037037037,27,1.75,0.51,2.04,0.59,3.93,0.45,0.0,4.1
Soa Palelei,193.0,265.0,203.2,46.5,0.8148148148148148,27,2.47,0.57,2.68,0.48,2.2,0.47,0.66,0.0
Scott Jorgensen,165.1,135.0,167.6,41.3,0.5555555555555556,27,3.37,0.4,3.41,0.65,2.61,0.45,0.59,0.7
Sumudaerji,172.7,125.0,182.9,27.9,0.7407407407407407,27,4.21,0.5,2.1,0.64,0.68,0.33,0.7,0.5
Sai Wang,182.9,170.0,182.9,38.0,0.7407407407407407,27,3.17,0.46,2.27,0.53,0.0,0.0,0.77,0.0
Dong Hyun Kim,188.0,170.0,193.0,42.1,0.8148148148148148,27,2.12,0.49,1.89,0.58,2.93,0.43,0.71,0.6
Muhammed Lawal,182.9,205.0,198.1,43.0,0.7777777777777778,27,3.79,0.52,1.61,0.66,5.96,0.75,0.87,0.0
Danny Castillo,175.3,155.0,180.3,44.4,0.6296296296296297,27,2.57,0.42,1.96,0.62,2.95,0.38,0.63,0.2
Ismael Bonfim,172.7,155.0,180.3,28.0,0.7407407407407407,27,5.1,0.54,3.96,0.62,1.22,0.33,0.76,0.0
Ryan Diaz,177.8,145.0,182.9,44.9,0.48148148148148145,27,0.0,0.0,0.0,0.0,0.0,0.0,0.0,0.0
Shawn Jordan,182.9,260.0,190.5,39.2,0.7037037037037037,27,2.87,0.5,3.3,0.47,1.97,0.38,0.76,0.1
Paulo Thiago,180.3,170.0,188.0,42.9,0.6666666666666666,27,1.71,0.39,1.99,0.63,1.42,0.31,0.63,1.2
WonBin Ki,180.3,155.0,185.4,32.9,0.6666666666666666,27,6.73,0.5,4.21,0.55,0.73,0.2,0.5,0.0
Dan Christison,198.1,265.0,182.9,51.7,0.7407407407407407,27,4.23,0.51,3.88,0.54,0.0,0.0,0.37,1.1
Tomasz Drwal,185.4,205.0,193.0,41.9,0.7777777777777778,27,3.29,0.38,2.26,0.57,3.55,0.6,0.82,0.4
Charlie Brenneman,177.8,155.0,177.8,42.9,0.7037037037037037,27,1.52,0.56,1.55,0.46,4.23,0.42,0.72,0.0
Jason Von Flue,182.9,170.0,182.9,48.4,0.5185185185185185,27,1.89,0.36,3.23,0.52,0.62,0.16,0.58,1.5
Austin Hubbard,177.8,155.0,180.3,32.0,0.6296296296296297,27,3.97,0.42,4.1,0.55,1.63,0.28,0.68,0.1
Kai Kamaka III,170.2,145.0,175.3,29.0,0.6666666666666666,27,5.49,0.59,6.03,0.55,1.45,0.53,0.55,0.2
Virna Jandiroba,160.0,115.0,162.6,35.6,0.8518518518518519,27,2.27,0.41,2.86,0.55,3.13,0.39,0.72,1.4
Terrance McKinney,177.8,155.0,185.4,29.3,0.6666666666666666,27,6.83,0.55,4.07,0.42,3.27,0.42,0.72,1.8
Oli Thompson,185.4,242.0,190.5,44.0,0.6296296296296297,27,1.66,0.46,5.31,0.46,0.0,0.0,0.5,0.5
Luciano Azevedo,190.5,161.0,182.9,42.5,0.6296296296296297,27,0.76,0.45,1.97,0.27,2.28,0.11,0.0,0.0
John Makdessi,172.7,155.0,172.7,38.7,0.6666666666666666,27,5.52,0.49,4.15,0.68,0.0,0.0,0.86,0.0
Kaleo Kwan,170.2,155.0,182.9,53.4,0.4074074074074074,27,0.0,0.0,0.0,0.0,0.0,0.0,0.0,0.0
Stephen Thompson,182.9,170.0,190.5,40.9,0.6296296296296297,27,4.05,0.46,3.0,0.54,0.23,0.35,0.63,0.0
Jailton Almeida,190.5,225.0,200.7,32.5,0.8148148148148148,27,2.23,0.62,1.3,0.43,5.64,0.55,0.6,1.7
Justin Guthrie,185.4,170.0,182.9,42.9,0.6666666666666666,27,0.16,0.33,3.74,0.14,2.44,0.25,0.0,4.9
Jordan Griffin,177.8,145.0,185.4,33.8,0.6666666666666666,27,2.52,0.46,3.02,0.5,1.45,0.35,0.42,1.9
Carlston Harris,182.9,170.0,193.0,36.5,0.7037037037037037,27,3.34,0.42,3.5,0.51,1.13,0.2,0.55,0.5
Tyron Woodley,175.3,170.0,188.0,41.7,0.7037037037037037,27,2.36,0.48,2.76,0.54,1.06,0.4,0.87,0.4
James Irvin,188.0,205.0,190.5,45.3,0.6296296296296297,27,2.03,0.48,3.86,0.35,0.0,0.0,0.36,0.5
Bill Algeo,182.9,145.0,185.4,34.6,0.6666666666666666,27,5.88,0.51,4.38,0.47,1.03,0.5,0.55,0.1
Lucio Linhares,188.0,185.0,182.9,50.1,0.7037037037037037,27,0.99,0.22,3.47,0.34,1.86,0.5,0.5,1.9
Dave Courchaine,172.7,170.0,182.9,40.9,0.7407407407407407,27,0.0,0.0,0.0,0.0,0.0,0.0,0.0,0.0
Leandro Silva,175.3,155.0,182.9,38.1,0.7407407407407407,27,2.39,0.48,2.08,0.63,1.76,0.37,0.65,0.4
Vince Morales,170.2,135.0,177.8,33.1,0.5925925925925926,27,3.54,0.37,3.91,0.54,0.71,0.47,0.63,0.5
Brad Kohler,175.3,220.0,182.9,59.08599999999997,0.4444444444444444,27,0.0,0.0,0.0,0.0,0.0,0.0,0.0,0.0
Joe Vedepo,182.9,185.0,182.9,41.0,0.6666666666666666,27,1.43,0.42,5.71,0.38,1.07,0.2,0.0,0.0
Zubaira Tukhugov,172.7,155.0,172.7,33.0,0.7407407407407407,27,3.17,0.39,3.07,0.63,2.13,0.39,1.0,0.0
Karol Rosa,165.1,135.0,170.2,29.0,0.7037037037037037,27,5.47,0.55,4.28,0.49,1.08,0.48,0.72,0.1
Lyle Beerbohm,177.8,155.0,182.9,44.9,0.8888888888888888,27,1.98,0.55,1.61,0.54,2.1,0.23,0.64,0.3
Kazuyuki Fujita,182.9,235.0,182.9,53.2,0.5555555555555556,27,1.05,0.49,1.99,0.52,2.78,0.36,0.85,0.6
Diego Ferreira,175.3,155.0,188.0,39.0,0.7407407407407407,27,4.95,0.4,3.58,0.57,1.08,0.33,0.58,0.5
Callan Potter,182.9,170.0,182.9,39.6,0.6666666666666666,27,3.18,0.5,4.72,0.58,3.29,0.66,1.0,0.0
Brett Rogers,195.6,265.0,203.2,42.9,0.6296296296296297,27,3.17,0.44,3.2,0.46,0.0,0.0,0.58,0.0
Lyman Good,182.9,170.0,188.0,38.6,0.7777777777777778,27,5.34,0.48,4.01,0.63,0.27,1.0,0.75,0.0
Tonya Evinger,170.2,135.0,177.8,42.6,0.7037037037037037,27,1.16,0.42,4.02,0.38,0.93,0.3,0.33,0.9
Alexander Poppeck,188.0,215.0,190.5,31.7,0.7777777777777778,27,3.88,0.54,8.69,0.33,0.0,0.0,0.0,0.0
Adam Lynn,177.8,155.0,182.9,46.1,0.6296296296296297,27,1.47,0.63,6.95,0.1,0.0,0.0,0.5,0.0
Yair Rodriguez,180.3,145.0,180.3,31.2,0.7777777777777778,27,4.65,0.46,3.78,0.52,0.71,0.29,0.59,0.6
Arman Tsarukyan,170.2,155.0,182.9,27.2,0.8888888888888888,27,3.78,0.49,1.77,0.54,3.25,0.34,0.75,0.1
Cody Carrillo,177.8,155.0,182.9,36.8,0.4074074074074074,27,0.0,0.0,0.0,0.0,0.0,0.0,0.0,0.0
Kalindra Faria,170.2,125.0,182.9,37.4,0.6666666666666666,27,2.23,0.56,1.44,0.45,1.31,0.66,0.2,0.7
Brandon Royval,175.3,125.0,172.7,31.4,0.6666666666666666,27,5.6,0.42,4.24,0.42,0.89,0.64,0.45,1.2
Liang Na,165.1,125.0,170.2,27.4,0.7037037037037037,27,1.99,0.42,3.95,0.36,3.6,0.58,0.25,0.5
Rodolfo Rubio Perez,165.1,145.0,182.9,36.9,0.37037037037037035,27,1.13,0.36,1.0,0.62,2.0,0.33,0.33,0.0
Pat Sabatini,172.7,145.0,177.8,33.1,0.8148148148148148,27,1.69,0.54,1.16,0.54,4.27,0.41,0.5,1.3
Thomas Almeida,170.2,145.0,177.8,32.4,0.8148148148148148,27,4.84,0.43,4.93,0.61,0.17,0.14,0.75,0.0
Jason High,172.7,155.0,185.4,42.2,0.7777777777777778,27,1.28,0.42,1.56,0.48,2.36,0.63,0.37,2.8
Muin Gafurov,170.2,135.0,172.7,27.6,0.7407407407407407,27,3.36,0.47,2.51,0.55,1.57,0.28,0.7,0.0
John Hosman,177.8,135.0,182.9,43.1,0.6666666666666666,27,1.11,0.38,1.52,0.45,0.0,0.0,0.46,0.0
Asu Almabayev,162.6,125.0,165.1,29.9,0.8888888888888888,27,2.28,0.51,1.94,0.53,4.74,0.45,0.44,1.4
Justin Eilers,185.4,235.0,182.9,45.5,0.7037037037037037,27,2.86,0.43,5.66,0.49,0.82,0.25,0.5,0.0
David Dvorak,165.1,125.0,172.7,31.6,0.7692307692307693,26,3.48,0.43,3.29,0.59,0.58,0.3,0.7,0.2
Merab Dvalishvili,167.6,135.0,172.7,33.0,0.8076923076923077,26,4.42,0.41,2.8,0.54,5.97,0.35,0.76,0.3
Jonathan Brookins,182.9,145.0,188.0,38.4,0.6153846153846154,26,2.69,0.39,3.63,0.56,1.94,0.17,0.8,0.3
Marcelo Rojo,172.7,145.0,180.3,35.5,0.6153846153846154,26,4.92,0.39,6.42,0.55,0.46,0.5,0.66,0.0
John Moraga,167.6,125.0,167.6,39.8,0.7307692307692307,26,2.57,0.43,2.55,0.56,0.62,0.23,0.44,1.1
Matheus Nicolau,167.6,125.0,167.6,31.0,0.7307692307692307,26,3.31,0.51,2.98,0.65,1.22,0.43,0.9,0.8
Fabricio Guerreiro,177.8,145.0,182.9,33.4,0.8076923076923077,26,1.87,0.31,2.2,0.67,2.0,0.5,0.0,0.0
Billy Quarantillo,177.8,155.0,177.8,35.1,0.6923076923076923,26,7.18,0.52,6.02,0.44,1.42,0.24,0.6,0.9
Gillian Robertson,165.1,115.0,160.0,28.6,0.6538461538461539,26,2.63,0.47,2.83,0.56,2.53,0.4,0.37,0.8
Ben Alloway,180.3,170.0,193.0,42.9,0.6923076923076923,26,1.28,0.49,1.9,0.59,0.62,0.5,0.26,0.0
CB Dollaway,188.0,185.0,193.0,40.4,0.6538461538461539,26,2.65,0.47,2.58,0.54,3.55,0.54,0.62,1.2
Jimmy Flick,170.2,125.0,172.7,33.3,0.6538461538461539,26,1.67,0.5,4.7,0.43,2.36,0.33,0.0,3.5
Kaik Brito,182.9,170.0,188.0,26.8,0.7692307692307693,26,5.95,0.52,6.19,0.53,0.6,0.33,0.55,1.2
Andre Ewell,172.7,145.0,190.5,35.9,0.6538461538461539,26,4.28,0.4,4.87,0.51,0.36,0.75,0.72,0.1
Claudionor Fontinelle,165.1,185.0,182.9,36.8,0.38461538461538464,26,2.62,0.42,10.25,0.28,0.0,0.0,0.0,0.0
Salahdine Parnasse,177.8,155.0,180.3,26.1,0.9230769230769231,26,4.65,0.7,5.42,0.54,0.0,0.0,0.0,0.0
Jose Johnson,182.9,125.0,180.3,28.6,0.6153846153846154,26,2.27,0.57,1.61,0.53,0.69,0.6,0.41,0.7
Daniel Rodriguez,185.4,170.0,188.0,37.0,0.7692307692307693,26,7.19,0.49,5.44,0.57,0.51,0.5,0.64,0.1
Matt Wiman,177.8,155.0,172.7,40.3,0.6153846153846154,26,3.17,0.5,3.57,0.51,2.13,0.37,0.56,1.5
Terrion Ware,172.7,135.0,180.3,37.8,0.6538461538461539,26,4.02,0.32,6.07,0.5,0.5,0.22,0.44,0.0
Jessica Eye,167.6,125.0,167.6,37.4,0.5769230769230769,26,3.86,0.37,4.19,0.55,0.58,0.4,0.57,0.5
Dan Bobish,188.0,265.0,182.9,53.9,0.6538461538461539,26,2.06,0.44,1.74,0.34,2.44,0.42,0.0,1.6
Rinat Fakhretdinov,182.9,170.0,188.0,32.3,0.9230769230769231,26,5.03,0.52,3.61,0.54,3.91,0.34,0.91,0.2
Gregory Rodrigues,190.5,185.0,190.5,31.9,0.7692307692307693,26,5.78,0.53,4.57,0.5,1.57,0.34,0.85,0.3
JunYong Park,177.8,185.0,185.4,32.8,0.7307692307692307,26,4.64,0.51,3.82,0.51,1.69,0.42,0.54,0.8
Forrest Griffin,190.5,205.0,195.6,44.8,0.7307692307692307,26,4.38,0.36,2.81,0.61,1.05,0.48,0.57,0.7
Ilir Latifi,177.8,230.0,185.4,41.4,0.6538461538461539,26,2.05,0.45,2.93,0.56,2.11,0.35,1.0,0.3
Pannie Kianzad,170.2,135.0,167.6,32.1,0.6538461538461539,26,4.88,0.49,4.09,0.51,0.41,0.33,0.65,0.1
Leonardo Santos,182.9,155.0,190.5,43.9,0.6923076923076923,26,2.82,0.46,3.4,0.54,0.88,0.25,0.86,0.2
Art Santore,188.0,185.0,182.9,51.2,0.6923076923076923,26,1.4,0.12,7.31,0.52,0.0,0.0,1.0,0.0
Kazuki Tokudome,180.3,155.0,185.4,36.8,0.6923076923076923,26,2.26,0.41,3.63,0.53,2.0,0.38,0.78,0.0
Joanderson Brito,172.7,145.0,182.9,28.9,0.7692307692307693,26,2.53,0.51,2.31,0.43,3.16,0.67,0.57,1.2
Robert Peralta,172.7,145.0,180.3,37.8,0.6923076923076923,26,3.76,0.44,2.97,0.53,0.59,0.66,0.65,0.0
Flavio Luiz Moura,180.3,183.0,182.9,47.9,0.7307692307692307,26,0.67,0.16,0.0,0.0,0.0,0.0,0.0,0.0
Josh Emmett,167.6,145.0,177.8,38.8,0.7307692307692307,26,3.67,0.35,4.52,0.59,1.07,0.36,0.43,0.1
Mike Cook,185.4,205.0,182.9,42.2,0.5,26,1.72,0.49,2.4,0.46,1.03,0.33,0.55,2.1
Ramazan Emeev,177.8,170.0,193.0,36.6,0.7692307692307693,26,2.53,0.45,2.14,0.65,2.37,0.29,0.66,0.7
Alexander Gustafsson,195.6,205.0,200.7,37.0,0.6923076923076923,26,4.03,0.4,3.53,0.51,1.53,0.39,0.83,0.4
Makwan Amirkhani,177.8,145.0,182.9,35.1,0.6538461538461539,26,1.33,0.44,2.98,0.46,3.96,0.43,0.35,1.1
Raquel Pennington,170.2,135.0,170.2,35.3,0.6153846153846154,26,4.1,0.49,3.32,0.61,0.83,0.27,0.62,0.6
Antonio Duarte,170.2,135.0,182.9,36.8,0.7307692307692307,26,4.55,0.4,4.18,0.57,0.0,0.0,0.6,0.0
Gabe Ruediger,177.8,155.0,182.9,46.3,0.6923076923076923,26,1.7,0.31,5.16,0.41,2.04,0.11,0.28,0.0
Curtis Blaydes,193.0,265.0,203.2,32.9,0.7692307692307693,26,3.99,0.51,2.7,0.55,5.04,0.47,0.35,0.0
TJ Grant,177.8,155.0,182.9,39.8,0.8076923076923077,26,3.95,0.54,3.21,0.56,1.63,0.43,0.36,0.6
Gunnar Nelson,180.3,170.0,182.9,35.4,0.7307692307692307,26,1.77,0.61,3.06,0.48,2.0,0.52,0.68,1.0
Lisa Ellis,162.6,115.0,182.9,41.1,0.5769230769230769,26,1.68,0.48,2.32,0.57,4.19,0.63,0.5,0.6
Danny Roberts,185.4,170.0,188.0,36.5,0.6923076923076923,26,3.18,0.39,3.73,0.5,0.24,0.09,0.57,0.2
Doug Marshall,177.8,205.0,182.9,48.3,0.6923076923076923,26,6.99,0.46,4.02,0.6,0.0,0.0,0.66,2.4
Bristol Marunde,185.4,170.0,190.5,41.7,0.6153846153846154,26,1.42,0.21,4.4,0.47,1.6,0.33,0.14,0.0
Leo Sylvest,180.3,205.0,182.9,50.3,0.38461538461538464,26,0.0,0.0,6.58,0.27,0.0,0.0,0.0,0.0
Da'Mon Blackshear,177.8,135.0,182.9,29.4,0.6538461538461539,26,4.33,0.45,4.19,0.52,1.48,0.33,0.71,1.5
Saygid Izagakhmaev,182.9,170.0,188.0,29.3,0.8461538461538461,26,1.77,0.45,1.77,0.6,3.0,0.35,0.66,1.5
Davey Grant,172.7,135.0,175.3,38.0,0.6923076923076923,26,5.58,0.45,4.04,0.54,0.95,0.38,0.65,0.2
Wellington Turman,182.9,170.0,182.9,27.4,0.6923076923076923,26,3.23,0.51,4.17,0.45,1.55,0.2,0.42,0.8
Kevin Lee,175.3,170.0,195.6,31.3,0.6923076923076923,26,3.88,0.42,3.6,0.5,3.18,0.43,0.75,0.8
Marcin Prachnio,190.5,205.0,185.4,35.5,0.6538461538461539,26,5.52,0.54,3.15,0.54,0.14,0.2,0.53,0.0
Hiroyuki Abe,167.6,145.0,182.9,53.9,0.3076923076923077,26,1.71,0.36,3.11,0.63,0.0,0.0,0.33,0.0
Waachiim Spiritwolf,172.7,170.0,182.9,48.0,0.46153846153846156,26,9.008599999999996,0.75,10.0,0.0,0.0,0.0,0.0,0.0
Eric Esch,180.3,265.0,182.9,55.4,0.5769230769230769,26,3.07,0.71,1.74,0.43,0.0,0.0,0.0,2.0
Tai Tuivasa,188.0,264.0,190.5,30.8,0.5769230769230769,26,3.25,0.48,4.36,0.43,0.09,0.11,0.56,0.0
Cole Escovedo,170.2,135.0,182.9,42.3,0.6538461538461539,26,1.77,0.43,4.32,0.49,0.43,0.33,0.13,0.0
Mark Kerr,190.5,265.0,182.9,55.0,0.5769230769230769,26,0.28,0.41,0.89,0.28,2.92,0.77,0.0,0.4
Sean O'Connell,185.4,205.0,188.0,40.3,0.6538461538461539,26,5.46,0.48,6.77,0.45,0.0,0.0,0.3,0.5
Tom Watson,185.4,185.0,185.4,41.5,0.6538461538461539,26,4.01,0.44,4.41,0.5,0.15,0.07,0.43,0.0
Dhiego Lima,188.0,170.0,190.5,34.9,0.6538461538461539,26,3.12,0.39,3.88,0.58,1.26,0.34,0.73,0.6
Karolina Kowalkiewicz,160.0,115.0,162.6,38.2,0.6153846153846154,26,5.54,0.42,5.77,0.56,0.36,0.23,0.74,0.2
Shayna Baszler,170.2,135.0,182.9,43.4,0.5769230769230769,26,2.49,0.3,6.36,0.51,0.67,0.18,0.44,1.3
Che Mills,185.4,170.0,193.0,41.3,0.6153846153846154,26,2.08,0.52,2.87,0.43,1.18,0.66,0.58,0.0
Edson Silva,177.8,205.0,182.9,36.8,0.5384615384615384,26,2.69,0.14,5.37,0.5,0.0,0.0,0.0,0.0
Wes Combs,188.0,205.0,182.9,50.5,0.7692307692307693,26,2.14,0.48,4.73,0.45,0.0,0.0,0.0,0.0
Francimar Barroso,185.4,205.0,190.5,43.8,0.7307692307692307,26,2.77,0.52,3.07,0.59,2.22,0.24,0.83,0.0
Brandon Gaines,190.5,185.0,182.9,41.9,0.19230769230769232,26,0.0,0.0,0.0,0.0,0.0,0.0,0.0,0.0
Mark Coleman,185.4,205.0,190.5,59.0,0.6153846153846154,26,1.88,0.52,2.62,0.4,3.89,0.4,0.5,0.8
Maurice Smith,188.0,221.0,182.9,59.08599999999997,0.46153846153846156,26,0.41,0.46,0.47,0.6,0.89,0.5,0.2,0.9
Kamaru Usman,182.9,185.0,193.0,36.6,0.8076923076923077,26,4.13,0.5,2.86,0.54,2.6,0.42,0.9,0.1
Alonzo Menifield,182.9,205.0,193.0,36.2,0.7307692307692307,26,3.87,0.51,3.86,0.5,0.53,0.28,0.77,0.2
Raulian Paiva,172.7,135.0,175.3,28.2,0.8076923076923077,26,4.14,0.42,5.01,0.48,0.65,0.23,0.77,0.2
Abel Cullum,170.2,139.0,182.9,36.7,0.7692307692307693,26,1.82,0.4,1.23,0.46,4.01,0.52,0.0,2.8
Clay French,170.2,161.0,182.9,43.2,0.7307692307692307,26,1.52,0.5,1.27,0.16,0.0,0.0,1.0,0.0
Mateusz Rebecki,170.2,155.0,167.6,31.2,0.8076923076923077,26,5.28,0.49,4.19,0.54,3.05,0.5,0.53,0.4
Dennis Bermudez,167.6,155.0,167.6,37.1,0.6538461538461539,26,4.42,0.46,3.07,0.59,3.89,0.4,0.82,1.1
Cody McKenzie,182.9,155.0,182.9,36.0,0.6153846153846154,26,1.74,0.34,2.5,0.67,2.5,0.25,0.14,2.5
Travis Browne,198.1,255.0,200.7,41.5,0.6923076923076923,26,2.93,0.41,4.31,0.42,1.21,0.68,0.75,0.2
Jin Bala,175.3,155.0,182.9,36.8,0.8846153846153846,26,0.0,0.0,0.0,0.0,0.0,0.0,0.0,0.0
Diego Nunes,167.6,145.0,170.2,41.1,0.7307692307692307,26,2.72,0.43,2.59,0.58,1.18,0.44,0.65,0.6
Jacob Volkmann,175.3,155.0,180.3,43.3,0.7307692307692307,26,1.19,0.34,1.78,0.52,3.19,0.48,0.52,2.0
Johny Hendricks,175.3,185.0,175.3,40.3,0.6923076923076923,26,3.49,0.45,3.99,0.53,3.83,0.46,0.63,0.3
Natalia Silva,162.6,125.0,165.1,26.9,0.7692307692307693,26,4.81,0.45,2.36,0.66,0.43,0.3,0.9,0.0
Zhu Kangjie,167.6,145.0,177.8,28.0,0.8076923076923077,26,2.93,0.48,1.64,0.66,0.32,1.0,0.5,0.0
Nate Landwehr,175.3,155.0,182.9,35.6,0.6923076923076923,26,5.55,0.45,5.96,0.51,0.73,0.41,0.71,0.7
Reinier de Ridder,193.0,185.0,198.1,33.3,0.8461538461538461,26,3.18,0.54,2.26,0.47,2.44,0.29,0.4,0.5
Chuck O'Neil,188.0,170.0,182.9,38.3,0.6538461538461539,26,3.13,0.37,4.4,0.72,0.0,0.0,0.0,0.0
Karla Benitez,160.0,115.0,182.9,44.9,0.5384615384615384,26,0.0,0.0,2.4,0.57,0.0,0.0,1.0,0.0
Robert Bryczek,182.9,185.0,190.5,33.5,0.6923076923076923,26,2.72,0.4,3.74,0.54,0.26,1.0,0.79,0.3
Muhsin Corbbrey,177.8,155.0,182.9,45.6,0.6538461538461539,26,2.02,0.34,5.41,0.53,0.0,0.0,0.8,0.4
Rafael Del Real,180.3,225.0,182.9,36.8,0.23076923076923078,26,5.58,0.4,0.0,0.0,8.49,1.0,1.0,0.0
Alan Belcher,188.0,185.0,190.5,39.7,0.6923076923076923,26,2.7,0.41,3.1,0.59,0.44,0.26,0.55,0.9
Louis Smolka,175.3,135.0,172.7,32.5,0.6538461538461539,26,4.67,0.47,4.11,0.53,1.69,0.35,0.32,1.8
Karine Silva,165.1,125.0,170.2,30.1,0.7307692307692307,26,2.24,0.38,2.74,0.52,1.93,0.5,0.26,1.6
Azamat Bekoev,182.9,185.0,182.9,28.0,0.8,25,4.57,0.52,6.83,0.31,3.48,0.43,0.62,0.0
Daniel Barez,167.6,125.0,167.6,35.1,0.68,25,4.6,0.48,6.93,0.5,1.71,0.29,0.8,0.5
Wataru Sakata,175.3,195.0,182.9,50.8,0.44,25,1.11,0.61,2.08,0.31,0.0,0.0,0.0,0.0
Derek Campos,175.3,155.0,182.9,35.8,0.76,25,2.41,0.23,10.34,0.44,0.0,0.0,0.0,0.0
Baergeng Jieleyisi,175.3,145.0,180.3,28.1,0.72,25,1.61,0.35,2.62,0.52,1.73,0.38,0.78,0.2
Stipe Miocic,193.0,240.0,203.2,41.4,0.8,25,4.67,0.52,4.01,0.52,1.74,0.34,0.65,0.0
Manvel Gamburyan,165.1,135.0,170.2,42.7,0.6,25,2.13,0.41,2.83,0.55,3.26,0.34,0.69,0.7
Blagoy Ivanov,180.3,250.0,185.4,37.2,0.76,25,3.25,0.4,4.2,0.53,0.69,0.4,0.61,0.1
Josh Bennett,193.0,259.0,182.9,36.8,0.44,25,2.9,0.4,5.8,0.43,1.5,1.0,1.0,0.0
Patricky Freire,170.2,155.0,180.3,37.6,0.68,25,3.06,0.44,3.34,0.69,1.26,0.33,1.0,0.0
Roque Martinez,177.8,250.0,182.9,37.8,0.6,25,3.28,0.53,4.9,0.56,0.38,0.5,0.53,0.4
Zhang Qinghe,170.2,135.0,170.2,22.2,0.64,25,2.87,0.33,4.73,0.49,0.0,0.0,0.5,0.0
Trevor Smith,190.5,185.0,190.5,43.0,0.6,25,3.29,0.55,3.31,0.51,1.7,0.32,0.6,0.7
Dustin Stoltzfus,182.9,185.0,190.5,32.1,0.68,25,3.4,0.46,3.26,0.47,2.17,0.36,0.43,1.1
Alex Da Silva,172.7,155.0,185.4,27.9,0.84,25,2.14,0.46,2.52,0.56,1.97,0.43,0.76,0.3
Chris Liguori,175.3,185.0,182.9,36.8,0.6,25,0.29,0.33,1.44,0.0,0.0,0.0,0.5,0.0
Chan Sung Jung,170.2,145.0,182.9,36.8,0.68,25,3.93,0.41,4.52,0.52,0.7,0.44,0.72,0.6
Justin Buchholz,182.9,155.0,185.4,40.4,0.6,25,2.35,0.26,4.14,0.51,0.0,0.0,0.33,0.8
Ignacio Bahamondes,190.5,170.0,190.5,26.3,0.72,25,5.9,0.46,3.93,0.56,0.0,0.0,0.68,0.6
Vitor Ribeiro,172.7,154.0,182.9,44.9,0.8,25,1.0,0.28,1.95,0.48,1.58,0.26,1.0,1.2
Josh Pulsifer,177.8,145.0,182.9,40.8,0.68,25,0.0,0.0,0.0,0.0,0.0,0.0,0.0,0.0
Zak Bucia,177.8,170.0,182.9,39.3,0.68,25,0.0,0.0,0.0,0.0,0.0,0.0,0.0,0.0
Yan Xiaonan,165.1,115.0,160.0,34.5,0.76,25,4.67,0.44,3.24,0.6,0.82,0.73,0.64,0.0
Henry Briones,172.7,135.0,175.3,43.2,0.64,25,3.47,0.42,4.68,0.53,0.0,0.0,0.52,0.6
Chris Tuchscherer,188.0,258.0,193.0,48.3,0.84,25,1.35,0.31,3.17,0.47,1.19,0.18,0.0,0.6
James Te Huna,188.0,185.0,190.5,42.3,0.64,25,4.04,0.51,2.99,0.62,2.75,0.37,0.58,0.2
Adrienna Jenkins,172.7,145.0,182.9,42.4,0.76,25,0.0,0.0,0.0,0.0,0.0,0.0,0.0,0.0
CJ Fernandes,188.0,170.0,182.9,46.1,0.56,25,0.0,0.0,0.0,0.0,0.0,0.0,0.0,0.0
Marina Rodriguez,167.6,115.0,165.1,36.7,0.68,25,4.51,0.46,3.01,0.55,0.27,0.5,0.61,0.3
Alan Omer,177.8,145.0,182.9,35.3,0.8,25,3.49,0.55,2.21,0.64,1.69,0.42,0.66,0.0
Diana Belbita,170.2,125.0,172.7,27.5,0.6,25,6.45,0.41,6.55,0.51,0.86,0.62,0.64,0.0
Thiago Silva,188.0,205.0,188.0,41.1,0.76,25,3.92,0.5,2.55,0.67,1.03,0.47,0.7,0.7
Arnold Allen,172.7,145.0,177.8,29.9,0.84,25,3.52,0.43,3.15,0.6,1.24,0.6,0.73,0.3
Khama Worthy,180.3,155.0,188.0,37.2,0.64,25,4.18,0.48,4.45,0.46,0.0,0.0,0.57,0.7
Saimon Oliveira,162.6,135.0,182.9,32.7,0.72,25,2.62,0.42,3.87,0.45,1.18,0.28,0.36,1.2
Dennis Olson,182.9,170.0,182.9,36.8,0.56,25,1.02,0.42,5.27,0.38,2.77,0.4,0.0,0.0
Kyle Nelson,180.3,155.0,180.3,32.7,0.68,25,3.6,0.45,4.58,0.53,1.18,0.23,0.66,0.5
Mashrabjon Ruzibaev,172.7,155.0,170.2,27.9,0.8,25,0.0,0.0,0.0,0.0,0.0,0.0,0.0,0.0
Cory Sandhagen,180.3,135.0,177.8,31.7,0.72,25,4.92,0.45,3.72,0.55,1.14,0.33,0.57,0.2
Yin Shuai,165.1,125.0,167.6,27.0,0.72,25,4.31,0.43,4.58,0.52,4.12,0.4,0.78,0.0
Salvador Woods,180.3,170.0,182.9,38.9,0.32,25,0.0,0.0,0.0,0.0,0.0,0.0,0.0,0.0
Joe Soto,167.6,135.0,165.1,36.8,0.72,25,3.36,0.41,5.37,0.67,0.85,0.21,0.7,1.9
Rafaello Oliveira,172.7,155.0,180.3,41.9,0.68,25,2.19,0.33,3.38,0.59,2.49,0.36,0.11,1.6
Chepe Mariscal,170.2,145.0,175.3,31.2,0.72,25,4.14,0.55,2.66,0.52,2.34,0.39,0.59,0.2
Travis Galbraith,182.9,170.0,182.9,42.6,0.72,25,2.21,0.4,3.45,0.48,1.33,0.25,0.0,1.3
Daniel Cormier,180.3,235.0,182.9,44.8,0.88,25,4.25,0.52,2.92,0.54,1.83,0.44,0.8,0.4
Damian Grabowski,185.4,241.0,190.5,43.6,0.8,25,4.0,0.36,7.65,0.51,0.0,0.0,0.0,0.0
Trey Ogden,180.3,155.0,182.9,34.1,0.72,25,3.2,0.5,3.49,0.55,1.89,0.32,1.0,0.7
Joanne Wood,167.6,125.0,165.1,38.0,0.68,25,7.1,0.51,4.89,0.51,1.52,0.55,0.58,0.3
Ti Haitao,170.2,135.0,175.3,22.7,0.72,25,4.27,0.37,3.13,0.6,2.0,0.4,0.57,0.0
Anthony Perosh,190.5,205.0,190.5,51.2,0.6,25,2.27,0.43,3.77,0.53,2.03,0.22,0.33,1.1
Jason Knight,177.8,145.0,180.3,31.5,0.8,25,2.95,0.33,3.02,0.51,1.31,0.31,0.47,1.7
Adrian Yanez,170.2,135.0,177.8,30.1,0.72,25,5.95,0.41,5.22,0.56,0.0,0.0,0.76,0.0
Jonathan Martinez,172.7,135.0,177.8,29.7,0.76,25,4.44,0.49,4.09,0.56,0.38,0.35,0.68,0.1
Feng Pengchao,177.8,135.0,182.9,36.8,0.6,25,0.0,0.0,0.0,0.0,0.0,0.0,0.0,0.0
Taylor Lapilus,167.6,135.0,185.4,31.7,0.84,25,4.59,0.48,2.61,0.62,0.27,0.33,0.77,0.3
Nasrat Haqparast,177.8,155.0,182.9,28.4,0.72,25,6.24,0.45,6.18,0.62,0.31,0.18,0.84,0.0
Danny Davis,188.0,170.0,182.9,41.4,0.52,25,0.0,0.0,0.0,0.0,0.0,0.0,0.0,0.0
Matt Lee,180.3,155.0,182.9,52.5,0.56,25,0.0,0.0,9.68,0.21,0.0,0.0,0.0,0.0
Dylan Andrews,185.4,185.0,188.0,44.1,0.72,25,2.21,0.5,2.72,0.46,2.83,0.5,0.57,0.4
Seo Hee Ham,157.5,115.0,160.0,36.8,0.68,25,4.2,0.39,5.15,0.61,0.0,0.0,0.66,0.2
Julio Arce,170.2,145.0,177.8,34.2,0.76,25,4.36,0.36,3.05,0.68,0.46,0.28,0.96,0.3
Chris Cariaso,160.0,125.0,162.6,42.6,0.68,25,3.35,0.43,2.23,0.61,1.11,0.39,0.57,0.8
Alex Schoenauer,190.5,185.0,182.9,47.7,0.6,25,1.22,0.4,2.27,0.42,0.0,0.0,0.22,4.9
Gabriel Miranda,180.3,145.0,180.3,33.8,0.68,25,3.23,0.43,6.01,0.37,4.75,0.38,0.0,1.9
Roberto Soldic,177.8,170.0,182.9,28.9,0.84,25,0.0,0.0,0.0,0.0,0.0,0.0,0.0,0.0
David Abbott,182.9,265.0,182.9,58.7,0.4,25,1.35,0.3,3.55,0.38,1.07,0.33,0.66,0.0
Serghei Spivac,190.5,257.0,198.1,28.9,0.72,25,3.35,0.46,4.23,0.5,3.42,0.57,0.52,0.4
Crafton Wallace,182.9,185.0,182.9,48.1,0.72,25,1.55,0.44,2.36,0.47,0.0,0.0,0.42,0.0
Magomed Ankalaev,190.5,205.0,190.5,31.6,0.88,25,3.52,0.52,2.49,0.55,0.85,0.24,0.87,0.2
Jalin Turner,190.5,155.0,195.6,28.6,0.64,25,5.84,0.49,4.53,0.41,0.75,0.55,0.75,1.1
Qiu Lun,172.7,125.0,167.6,26.5,0.64,25,3.51,0.46,1.78,0.67,0.67,0.18,0.68,0.0
Steve Garcia,182.9,145.0,190.5,31.6,0.76,25,5.46,0.48,2.22,0.59,0.77,0.4,0.89,0.4
John Teixeira,170.2,145.0,182.9,37.1,0.84,25,3.36,0.35,3.2,0.63,1.0,0.27,0.71,0.7
TJ Waldburger,180.3,170.0,190.5,35.7,0.64,25,2.02,0.51,2.39,0.4,3.03,0.46,0.4,4.8
Yana Santos,167.6,135.0,172.7,34.1,0.68,25,4.41,0.57,3.12,0.52,0.78,0.47,0.51,0.1
Youssef Zalal,177.8,145.0,182.9,27.3,0.72,25,2.78,0.5,1.79,0.64,1.84,0.31,0.55,1.3
Loik Radzhabov,180.3,155.0,175.3,33.3,0.72,25,2.89,0.44,3.76,0.46,4.65,0.57,0.42,0.0
Magomedrasul Gasanov,177.8,170.0,182.9,29.2,0.92,25,0.0,0.0,0.0,0.0,0.0,0.0,0.0,0.0
Peter Sobotta,182.9,170.0,190.5,37.0,0.68,25,2.14,0.4,2.9,0.58,1.53,0.32,0.77,0.5
Eugene Jackson,172.7,185.0,182.9,57.3,0.6,25,2.19,0.33,3.44,0.32,1.91,0.71,0.16,2.3
Chris Padilla,175.3,155.0,188.0,28.3,0.72,25,6.67,0.54,4.85,0.51,1.1,0.29,0.83,0.4
Ricardo Ramos,175.3,145.0,182.9,28.4,0.68,25,2.91,0.36,3.97,0.54,2.51,0.57,0.67,1.0
Viscardi Andrade,180.3,170.0,190.5,39.8,0.76,25,3.26,0.42,2.77,0.63,1.93,0.5,0.66,0.3
Antonio Monteiro,170.2,145.0,177.8,28.5,0.72,25,2.57,0.41,6.43,0.28,0.5,0.33,0.65,1.0
Josh Haynes,175.3,170.0,182.9,46.4,0.56,25,1.25,0.22,4.03,0.52,0.94,0.18,0.42,0.0
Donny Walker,175.3,135.0,182.9,44.0,0.6,25,1.81,0.37,3.85,0.46,0.0,0.0,0.57,1.7
Mike Richman,172.7,135.0,182.9,38.5,0.72,25,4.06,0.44,3.49,0.43,0.0,0.0,0.76,0.0
David Heath,180.3,205.0,182.9,47.9,0.72,25,1.48,0.3,5.16,0.49,0.33,0.5,0.57,1.0
Petr Yan,170.2,135.0,170.2,30.9,0.8,25,5.16,0.54,4.24,0.59,1.7,0.49,0.86,0.1
Luiz Azeredo,175.3,154.0,182.9,47.6,0.6,25,2.16,0.39,2.76,0.57,1.07,0.5,0.45,0.3
Mike Pierce,172.7,170.0,180.3,43.3,0.7083333333333334,24,2.62,0.42,2.36,0.62,3.08,0.42,0.71,0.2
Isaac Vallie-Flagg,172.7,155.0,177.8,45.7,0.6666666666666666,24,5.56,0.47,5.6,0.45,0.2,0.12,0.58,0.0
Curtis Stout,185.4,185.0,182.9,50.1,0.4583333333333333,24,0.69,0.67,3.2,0.29,0.0,0.0,0.2,0.0
Chad George,167.6,135.0,172.7,41.7,0.6666666666666666,24,1.26,0.5,1.11,0.65,3.08,0.46,0.0,1.3
Kengo Watanabe,193.0,220.0,182.9,47.9,0.3333333333333333,24,0.6,0.4,3.4,0.35,1.0,1.0,0.37,0.0
Israel Giron,172.7,155.0,182.9,50.0,0.7916666666666666,24,0.0,0.0,0.0,0.0,0.0,0.0,0.0,0.0
Jamie Pickett,188.0,185.0,203.2,35.3,0.5416666666666666,24,2.65,0.47,3.62,0.5,1.26,0.4,0.67,0.1
Fares Ziam,185.4,155.0,190.5,26.8,0.75,24,2.7,0.52,1.63,0.63,1.84,0.42,0.7,0.5
Oleg Taktarov,182.9,210.0,182.9,56.4,0.7083333333333334,24,0.0,0.0,0.0,0.0,0.0,0.0,0.0,0.0
Enrique Barzola,170.2,145.0,177.8,34.7,0.7083333333333334,24,3.91,0.41,2.97,0.68,4.2,0.45,0.66,0.3
Tony Fryklund,182.9,185.0,182.9,52.8,0.5833333333333334,24,3.49,0.39,6.5,0.43,0.0,0.0,0.66,0.5
Anthony Birchak,172.7,135.0,175.3,37.6,0.6666666666666666,24,3.93,0.36,3.67,0.56,0.48,0.14,0.61,0.5
Aaron Miller,175.3,145.0,182.9,36.8,0.5833333333333334,24,0.0,0.0,0.0,0.0,0.0,0.0,0.0,0.0
Randa Markos,162.6,115.0,160.0,38.4,0.4583333333333333,24,2.97,0.43,3.1,0.58,1.12,0.28,0.52,0.2
John Kolosci,180.3,185.0,182.9,49.1,0.625,24,0.21,0.2,0.85,0.5,0.0,0.0,0.0,0.0
Brandon Jenkins,182.9,155.0,180.3,32.3,0.625,24,2.93,0.41,8.05,0.33,0.0,0.0,0.27,0.0
Alexandre Ferreira,170.2,205.0,182.9,44.7,0.75,24,2.57,0.6,8.14,0.42,0.0,0.0,0.0,0.0
Luis Felipe Dias,177.8,185.0,188.0,29.0,0.75,24,3.36,0.44,3.02,0.56,3.36,0.57,0.66,0.8
Ben Nguyen,165.1,125.0,165.1,35.4,0.6666666666666666,24,3.51,0.4,3.01,0.59,0.25,0.33,0.63,1.0
Stefano Paterno,177.8,170.0,182.9,28.4,0.7916666666666666,24,0.0,0.0,0.0,0.0,0.0,0.0,0.0,0.0
Eddie Yagin,170.2,145.0,182.9,44.8,0.6666666666666666,24,3.13,0.3,5.77,0.42,0.0,0.0,0.62,1.0
Eric Schafer,190.5,185.0,193.0,46.3,0.5833333333333334,24,1.89,0.34,3.38,0.56,1.81,0.36,0.5,1.8
Gian Siqueira,185.4,170.0,188.0,29.5,0.7916666666666666,24,0.8,0.75,3.41,0.19,0.0,0.0,0.0,0.0
Mychal Clark,190.5,224.0,182.9,36.8,0.4166666666666667,24,5.8,0.56,2.9,0.59,0.0,0.0,0.0,0.0
Khusein Askhabov,172.7,145.0,175.3,28.9,0.9583333333333334,24,2.0,0.26,4.13,0.56,0.0,0.0,0.66,0.0
Satoshi Ishii,180.3,240.0,182.9,37.0,0.625,24,1.41,0.36,1.58,0.63,3.47,0.52,1.0,1.6
Donnie Liles,175.3,170.0,182.9,36.8,0.7083333333333334,24,2.25,0.41,1.75,0.65,2.5,0.28,0.0,1.2
Justin Jaynes,170.2,145.0,172.7,34.4,0.6666666666666666,24,3.34,0.44,5.33,0.62,0.75,0.4,0.2,1.1
Kazuyuki Miyata,172.7,139.0,182.9,47.9,0.625,24,2.04,0.52,1.82,0.63,4.31,0.46,0.68,0.0
Magomed Sultanakhmedov,188.0,185.0,182.9,39.6,0.75,24,0.0,0.0,2.4,0.42,8.49,1.0,0.0,6.985999999999967
Goiti Yamauchi,177.8,145.0,182.9,31.0,0.875,24,1.66,0.54,1.01,0.66,0.0,0.0,0.0,4.3
Misha Cirkunov,190.5,205.0,195.6,36.8,0.625,24,3.86,0.51,3.06,0.57,4.15,0.39,0.76,1.7
Lodune Sincaid,175.3,185.0,182.9,50.7,0.625,24,2.72,0.42,6.17,0.57,0.0,0.0,0.75,0.0
Norifumi Yamamoto,162.6,135.0,167.6,46.8,0.75,24,2.09,0.45,2.01,0.57,0.41,0.22,0.45,0.0
David Zawada,182.9,170.0,190.5,33.4,0.7083333333333334,24,3.84,0.41,4.54,0.55,0.97,0.33,0.57,1.7
Lorenz Larkin,180.3,170.0,182.9,37.3,0.75,24,3.53,0.46,2.74,0.63,0.27,0.42,0.79,0.1
Rob Broughton,188.0,265.0,188.0,40.8,0.6666666666666666,24,2.83,0.6,2.54,0.51,0.0,0.0,0.26,3.2
Ray Rodriguez,170.2,135.0,177.8,36.1,0.6666666666666666,24,0.9,0.27,3.89,0.4,1.42,0.5,0.44,0.0
Alvin Robinson,175.3,155.0,172.7,41.5,0.625,24,1.57,0.5,1.29,0.51,1.24,0.5,0.25,1.2
Sean McCorkle,198.1,265.0,203.2,47.5,0.7083333333333334,24,0.85,0.44,2.48,0.52,2.12,0.4,0.33,4.2
Carl Deaton,170.2,155.0,175.3,34.1,0.7083333333333334,24,1.53,0.31,1.85,0.61,0.0,0.0,0.5,0.0
Darren Till,182.9,185.0,188.0,31.0,0.75,24,2.3,0.46,3.31,0.56,0.55,0.46,0.69,0.0
Rafa Garcia,170.2,155.0,177.8,29.4,0.7916666666666666,24,4.33,0.43,4.68,0.6,3.02,0.41,0.77,0.4
Alan Jouban,182.9,170.0,185.4,42.1,0.7083333333333334,24,5.67,0.5,3.77,0.6,0.51,0.44,0.58,0.3
Steve Mensing,180.3,185.0,182.9,46.1,0.375,24,0.0,0.0,9.51,0.42,0.0,0.0,0.0,0.0
Jumabieke Tuerxun,170.2,135.0,182.9,37.7,0.7916666666666666,24,1.6,0.28,3.08,0.59,0.47,0.11,0.66,0.9
Jordan Espinosa,167.6,125.0,175.3,34.1,0.625,24,4.22,0.52,2.94,0.57,0.75,0.28,0.7,0.2
Chris Saunders,172.7,155.0,182.9,37.8,0.6666666666666666,24,1.48,0.22,2.96,0.75,3.7,1.0,0.0,0.0
Logan Clark,188.0,185.0,182.9,38.9,0.75,24,2.2,0.54,1.49,0.53,0.31,1.0,0.3,2.1
Marc Diakiese,177.8,155.0,185.4,30.8,0.7083333333333334,24,2.54,0.4,2.64,0.52,3.29,0.43,0.66,0.0
Aaron Rosa,193.0,205.0,195.6,40.6,0.75,24,4.03,0.47,4.41,0.45,0.36,0.33,0.85,0.4
Joe Slick,182.9,199.0,182.9,46.2,0.6666666666666666,24,0.0,0.0,0.0,0.0,0.0,0.0,0.0,0.0
Fabricio Camoes,177.8,155.0,180.3,45.0,0.5833333333333334,24,1.29,0.33,1.85,0.61,2.34,0.32,0.2,1.5
Sergey Morozov,167.6,135.0,170.2,34.5,0.7916666666666666,24,3.01,0.43,2.97,0.61,3.63,0.31,0.68,0.0
Katlyn Cerminara,175.3,125.0,172.7,35.0,0.75,24,4.58,0.34,4.48,0.62,0.31,0.15,0.5,0.3
Murilo Bustamante,188.0,183.0,182.9,57.4,0.625,24,1.33,0.32,1.9,0.6,2.46,0.33,0.54,1.2
Chris Weidman,188.0,185.0,198.1,39.5,0.6666666666666666,24,3.11,0.45,3.37,0.51,3.27,0.42,0.72,0.8
Geoff Neal,180.3,170.0,190.5,33.3,0.6666666666666666,24,5.02,0.5,5.5,0.57,0.54,0.45,0.87,0.1
Chico Camus,167.6,125.0,167.6,38.9,0.7083333333333334,24,2.58,0.41,2.46,0.64,0.77,0.4,0.72,0.4
Pedro Nobre,165.1,135.0,182.9,37.9,0.75,24,1.37,0.3,9.16,0.35,0.0,0.0,0.0,0.0
Jin Aoi,170.2,145.0,170.2,26.9,0.6666666666666666,24,1.73,0.35,4.23,0.51,3.17,0.35,0.71,0.6
Piotr Hallmann,175.3,155.0,180.3,36.4,0.75,24,3.98,0.45,3.17,0.58,2.55,0.44,0.7,0.4
Iasmin Lucindo,160.0,115.0,167.6,22.0,0.75,24,3.22,0.45,2.8,0.62,2.28,0.55,0.68,0.1
Rodrigo Vera,172.7,145.0,172.7,28.2,0.9166666666666666,24,9.008599999999996,0.58,3.82,0.5,8.18,1.0,0.0,0.0
Mickael Lebout,180.3,155.0,185.4,36.4,0.6666666666666666,24,2.6,0.34,2.98,0.54,0.0,0.0,0.6,0.0
Simeon Thoresen,185.4,170.0,200.7,39.8,0.7083333333333334,24,3.85,0.43,3.85,0.64,1.12,0.4,0.5,1.7
Dave Jansen,175.3,155.0,185.4,44.4,0.8333333333333334,24,2.94,0.33,3.67,0.58,2.79,0.28,0.38,0.9
Felice Herrig,162.6,115.0,165.1,39.3,0.5833333333333334,24,3.84,0.37,5.19,0.48,1.08,0.28,0.75,0.8
Shi Ming,157.5,115.0,160.0,29.1,0.75,24,3.09,0.37,2.92,0.52,1.02,0.36,0.6,0.2
Brandon Davis,177.8,135.0,182.9,33.7,0.5833333333333334,24,4.68,0.35,4.62,0.58,0.74,0.42,0.57,0.1
George Sullivan,182.9,170.0,185.4,42.8,0.7083333333333334,24,3.53,0.39,2.42,0.57,1.37,0.2,0.38,0.7
Lucie Pudilova,172.7,125.0,170.2,29.6,0.5833333333333334,24,3.6,0.37,4.07,0.5,0.7,0.31,0.67,0.6
Tim Kennedy,180.3,185.0,188.0,44.3,0.75,24,2.78,0.47,1.84,0.62,2.58,0.35,0.7,0.7
Tor Troeng,188.0,185.0,182.9,40.9,0.6666666666666666,24,1.16,0.46,3.26,0.32,0.62,0.07,0.66,0.3
Stephan Bonnar,193.0,205.0,200.7,46.7,0.625,24,2.76,0.38,3.01,0.52,1.32,0.4,0.6,1.0
Ryan Jimmo,185.4,205.0,185.4,42.1,0.7916666666666666,24,3.12,0.66,2.77,0.46,0.45,0.28,0.87,0.0
Luis Saldana,180.3,145.0,185.4,32.9,0.6666666666666666,24,5.16,0.5,3.65,0.6,0.64,0.17,0.44,0.2
Jorge Gurgel,170.2,155.0,175.3,46.9,0.5833333333333334,24,3.37,0.32,3.62,0.62,0.81,0.23,0.6,0.5
Sergei Pavlovich,190.5,257.0,203.2,31.6,0.875,24,4.49,0.44,3.58,0.56,0.47,0.25,0.75,0.0
John Halverson,175.3,155.0,182.9,51.3,0.6666666666666666,24,2.94,0.43,5.29,0.47,0.0,0.0,0.66,2.0
Zak Ottow,180.3,170.0,182.9,37.0,0.7083333333333334,24,2.63,0.36,2.73,0.58,0.97,0.29,0.57,0.4
Anthony Hamilton,195.6,260.0,193.0,43.7,0.625,24,3.91,0.65,3.02,0.45,2.62,0.42,0.78,0.0
Assuerio Silva,177.8,241.0,182.9,49.5,0.6666666666666666,24,1.42,0.46,4.2,0.54,2.66,0.34,0.25,1.8
Ron Waterman,188.0,265.0,182.9,58.1,0.6666666666666666,24,0.84,0.5,1.37,0.42,4.19,0.69,0.5,2.8
Yan Pellerin,180.3,205.0,182.9,43.8,0.4583333333333333,24,0.59,0.25,0.89,0.66,4.43,1.0,0.0,0.0
Danny Navarro,177.8,155.0,182.9,40.6,0.7083333333333334,24,3.83,0.32,4.62,0.57,2.17,0.25,1.0,0.0
Alexa Grasso,165.1,125.0,167.6,30.4,0.75,24,4.19,0.41,3.78,0.59,0.38,0.35,0.54,0.6
Luiz Cane,188.0,185.0,195.6,42.7,0.7083333333333334,24,4.79,0.41,5.0,0.6,0.56,0.28,1.0,0.3
Eduardo Dantas,177.8,135.0,182.9,34.9,0.8333333333333334,24,3.33,0.6,3.0,0.6,4.0,0.23,1.0,0.0
Andre Fialho,182.9,170.0,188.0,29.7,0.6666666666666666,24,3.3,0.41,6.26,0.45,0.25,1.0,0.66,0.0
Sean Santella,165.1,125.0,182.9,39.2,0.7083333333333334,24,0.0,0.0,0.0,0.0,0.0,0.0,0.0,0.0
Andrea Lee,167.6,125.0,175.3,34.9,0.5416666666666666,24,4.62,0.45,3.91,0.61,1.65,0.52,0.53,0.6
Walel Watson,180.3,135.0,190.5,39.5,0.5833333333333334,24,2.1,0.29,3.79,0.43,0.0,0.0,0.61,1.4
Alejandro Garcia,170.2,145.0,182.9,43.2,0.5833333333333334,24,1.22,0.62,1.14,0.65,8.49,0.87,0.66,0.0
Angel De Anda,175.3,225.0,182.9,38.6,0.75,24,5.68,0.46,6.32,0.47,0.0,0.0,0.0,0.0
Cristian Quinonez,172.7,135.0,177.8,27.7,0.7916666666666666,24,3.67,0.43,3.71,0.56,3.14,0.55,0.85,0.6
Tyson Griffin,167.6,145.0,172.7,39.7,0.6666666666666666,24,3.71,0.41,2.3,0.65,1.87,0.46,0.59,0.9
Philip Preece,172.7,205.0,182.9,36.8,0.4166666666666667,24,0.8,0.72,0.7,0.63,0.0,0.0,0.0,0.0
Joselyne Edwards,172.7,135.0,177.8,28.3,0.75,24,4.61,0.53,3.26,0.5,1.29,0.36,0.62,0.6
Chris Fishgold,172.7,145.0,172.7,31.6,0.782608695652174,23,2.01,0.32,2.7,0.46,2.59,0.46,0.44,1.3
Courtney Buck,177.8,135.0,182.9,41.8,0.5217391304347826,23,1.49,0.28,3.24,0.54,0.0,0.0,0.33,0.0
Shane Nelson,175.3,155.0,177.8,39.1,0.6956521739130435,23,1.38,0.31,2.84,0.61,1.31,0.18,0.54,1.6
Claudia Gadelha,162.6,115.0,160.0,35.1,0.782608695652174,23,3.31,0.41,4.57,0.57,3.03,0.42,0.58,0.7
Goran Reljic,190.5,205.0,203.2,39.8,0.6521739130434783,23,1.69,0.37,2.69,0.59,1.69,0.5,0.33,1.1
Trevin Giles,182.9,170.0,188.0,31.4,0.6956521739130435,23,3.17,0.54,2.39,0.58,1.07,0.5,0.72,0.3
Jan Finney,172.7,135.0,182.9,43.7,0.4782608695652174,23,2.16,0.28,8.75,0.42,0.77,0.11,0.25,0.0
Thomas Gifford,185.4,155.0,190.5,31.4,0.6086956521739131,23,3.97,0.37,6.45,0.37,0.5,0.33,0.33,0.0
Cody Garbrandt,172.7,135.0,165.1,32.5,0.6521739130434783,23,2.82,0.4,3.69,0.58,0.84,0.22,0.81,0.0
Paul Felder,180.3,155.0,177.8,39.7,0.7391304347826086,23,3.7,0.44,3.44,0.48,0.29,0.28,0.64,0.2
Tahir Abdullayev,172.7,170.0,185.4,26.9,0.8695652173913043,23,2.56,0.42,2.42,0.51,2.07,0.33,1.0,0.0
Felipe Bunes,170.2,125.0,175.3,34.2,0.6086956521739131,23,3.17,0.46,4.57,0.47,1.08,0.25,0.4,1.4
Elves Brener,177.8,155.0,182.9,26.3,0.7391304347826086,23,4.82,0.48,5.67,0.5,0.94,0.16,0.71,0.0
Rory MacDonald,182.9,170.0,193.0,34.4,0.8260869565217391,23,3.75,0.42,2.8,0.62,1.77,0.47,0.88,0.4
Nate James,182.9,185.0,182.9,45.6,0.6086956521739131,23,1.33,0.42,2.67,0.28,0.0,0.0,0.44,0.0
Philipe Lins,188.0,205.0,198.1,38.4,0.782608695652174,23,3.8,0.49,3.59,0.46,1.65,0.33,1.0,0.0
Abel Trujillo,172.7,155.0,177.8,40.3,0.6521739130434783,23,2.65,0.41,2.31,0.59,2.18,0.45,0.4,0.4
Trevin Jones,170.2,135.0,177.8,33.4,0.5652173913043478,23,2.13,0.37,4.29,0.39,0.62,0.15,0.6,0.2
Patchy Mix,180.3,135.0,177.8,30.4,0.8695652173913043,23,5.3,0.43,7.3,0.43,2.5,0.62,0.0,0.0
Vinny Magalhaes,190.5,205.0,190.5,39.5,0.6086956521739131,23,2.14,0.24,3.97,0.68,1.55,0.44,0.66,0.8
Zhalgas Zhumagulov,162.6,125.0,167.6,35.3,0.6086956521739131,23,5.24,0.43,5.86,0.52,1.3,0.19,0.75,0.2
Waylon Lowe,170.2,145.0,182.9,43.2,0.6956521739130435,23,1.88,0.55,2.4,0.53,4.47,0.55,0.83,0.3
Jason Gilliam,182.9,170.0,182.9,51.2,0.6086956521739131,23,0.79,0.33,3.14,0.42,0.0,0.0,0.0,0.0
Darrius Flowers,175.3,155.0,180.3,29.4,0.5652173913043478,23,3.16,0.48,5.28,0.43,1.92,0.45,0.66,0.4
Bibiano Fernandes,170.2,139.0,182.9,43.8,0.8695652173913043,23,2.91,0.4,2.02,0.72,3.97,0.53,0.77,0.6
Chris Price,188.0,185.0,182.9,41.1,0.8260869565217391,23,1.44,0.66,2.59,0.48,0.0,0.0,0.33,2.2
Jimi Manuwa,185.4,205.0,200.7,43.9,0.7391304347826086,23,3.43,0.54,3.97,0.49,0.53,0.18,0.7,0.4
Parker Porter,182.9,265.0,190.5,38.7,0.6086956521739131,23,6.55,0.5,6.32,0.51,1.35,0.26,0.66,0.5
Dante Rivera,185.4,185.0,182.9,49.1,0.6956521739130435,23,2.27,0.53,4.0,0.25,0.0,0.0,0.16,0.0
Ramazan Temirov,162.6,125.0,160.0,26.9,0.8695652173913043,23,4.73,0.41,3.65,0.62,0.68,0.5,1.0,0.0
Dominique Steele,177.8,170.0,188.0,35.9,0.6086956521739131,23,2.32,0.49,2.42,0.5,2.95,0.42,0.76,0.0
Tecia Pennington,157.5,115.0,160.0,34.4,0.6521739130434783,23,4.73,0.48,3.48,0.61,0.56,0.14,0.62,0.1
Jae Suk Lim,175.3,170.0,182.9,44.1,0.7391304347826086,23,2.43,0.5,4.05,0.37,8.49,1.0,1.0,0.0
Kurt Pellegrino,172.7,155.0,177.8,44.7,0.6956521739130435,23,2.45,0.43,1.94,0.63,2.9,0.54,0.69,0.8
Dustin Pague,175.3,135.0,188.0,36.4,0.5217391304347826,23,1.65,0.53,2.96,0.41,1.03,0.44,0.55,2.6
Jeremy Lang,180.3,205.0,182.9,48.6,0.9130434782608695,23,1.13,0.5,1.41,0.42,4.22,0.6,0.0,4.2
Gasan Umalatov,180.3,170.0,180.3,41.3,0.7391304347826086,23,2.23,0.39,4.1,0.59,0.75,0.17,0.9,0.0
Josh Parisian,193.0,265.0,200.7,34.5,0.6521739130434783,23,4.55,0.48,4.88,0.41,0.98,0.33,0.46,0.2
Justin DeMoney,177.8,170.0,182.9,38.5,0.6521739130434783,23,0.0,0.0,0.0,0.0,0.0,0.0,0.0,0.0
Walt Harris,195.6,250.0,195.6,40.6,0.5652173913043478,23,3.05,0.39,3.33,0.54,0.29,0.28,0.7,0.1
Cory Devela,157.5,185.0,182.9,39.4,0.6956521739130435,23,4.07,0.41,4.0,0.47,1.07,0.12,0.62,0.0
Dan Lauzon,177.8,155.0,182.9,35.8,0.7391304347826086,23,1.34,0.25,4.09,0.61,1.63,0.33,0.8,2.7
Takashi Sato,177.8,170.0,185.4,33.6,0.6956521739130435,23,2.21,0.41,3.73,0.44,0.76,0.37,0.6,0.0
Jeremy May,185.4,185.0,182.9,37.2,0.5652173913043478,23,0.0,0.0,0.0,0.0,0.0,0.0,0.0,0.0
Mike Ciesnolevicz,182.9,235.0,182.9,44.2,0.8260869565217391,23,0.51,0.5,4.62,0.57,0.0,0.0,0.2,5.1
Miranda Maverick,160.0,125.0,165.1,26.5,0.7391304347826086,23,3.22,0.44,2.25,0.61,2.16,0.4,0.45,0.4
Rose Namajunas,165.1,125.0,165.1,31.5,0.6521739130434783,23,3.5,0.41,3.38,0.63,1.47,0.48,0.62,0.3
Josh Diekmann,162.6,246.0,182.9,47.2,0.6521739130434783,23,0.28,0.05,8.17,0.25,0.0,0.0,0.0,0.0
TJ Dillashaw,167.6,135.0,170.2,37.9,0.782608695652174,23,5.09,0.41,3.47,0.62,1.56,0.3,0.77,0.8
Brodie Farber,185.4,170.0,182.9,43.5,0.6956521739130435,23,1.69,0.45,2.17,0.53,0.9,0.5,0.2,0.9
Ednilson Santos,175.3,155.0,185.4,31.8,0.6086956521739131,23,0.0,0.0,9.47,0.0,0.0,0.0,0.0,0.0
Russell Doane,170.2,135.0,177.8,37.4,0.6521739130434783,23,1.75,0.4,1.68,0.53,2.11,0.45,0.52,0.8
Vanilto Antunes,182.9,170.0,182.9,29.0,0.6956521739130435,23,5.49,0.48,12.828599999999996,0.43,0.0,0.0,0.0,0.0
Mike Wessel,182.9,260.0,182.9,46.1,0.6521739130434783,23,1.82,0.56,6.43,0.22,6.29,0.5,0.0,0.0
Craig White,188.0,170.0,193.0,33.5,0.6086956521739131,23,1.23,0.4,3.28,0.39,0.0,0.0,0.5,0.8
Rayanne dos Santos,157.5,115.0,160.0,28.6,0.6086956521739131,23,4.57,0.4,6.47,0.59,0.5,0.14,0.8,0.0
Lauren Murphy,165.1,125.0,170.2,40.4,0.6956521739130435,23,3.94,0.38,5.19,0.56,1.09,0.24,0.67,0.2
Montana De La Rosa,170.2,125.0,172.7,28.9,0.5652173913043478,23,2.9,0.37,3.39,0.45,1.85,0.33,0.68,0.8
Devin Clark,182.9,205.0,190.5,33.7,0.6086956521739131,23,3.03,0.54,3.24,0.44,2.17,0.32,0.58,0.1
Tetsuya Seki,177.8,155.0,182.9,29.9,0.6086956521739131,23,0.0,0.0,0.0,0.0,0.0,0.0,0.0,0.0
Carlos Barreto,193.0,230.0,182.9,55.4,0.6086956521739131,23,0.0,0.0,0.0,0.0,0.0,0.0,0.0,0.0
Chase Hooper,185.4,155.0,188.0,24.3,0.7391304347826086,23,4.44,0.49,2.97,0.39,2.5,0.32,0.55,2.2
Cameron VanCamp,188.0,155.0,188.0,30.7,0.6521739130434783,23,5.31,0.47,6.41,0.4,0.0,0.0,0.0,0.0
Sean O'Malley,180.3,135.0,182.9,29.2,0.8695652173913043,23,5.98,0.6,3.4,0.59,0.23,0.42,0.6,0.2
Linton Vassell,193.0,205.0,182.9,40.6,0.782608695652174,23,3.39,0.37,2.13,0.54,2.46,0.5,0.5,0.0
Kelly Kobold,167.6,135.0,182.9,40.8,0.8260869565217391,23,2.33,0.21,4.11,0.59,1.67,0.11,0.0,0.0
Alan Hiro,165.1,135.0,182.9,37.7,0.6086956521739131,23,0.0,0.0,0.0,0.0,0.0,0.0,0.0,0.0
Jake Collier,190.5,230.0,198.1,35.2,0.5652173913043478,23,5.8,0.44,5.08,0.5,0.71,0.33,0.67,0.6
Jeremy Kimball,182.9,205.0,182.9,33.0,0.6521739130434783,23,2.81,0.46,3.84,0.49,1.41,0.2,0.5,0.0
Sam Sicilia,172.7,145.0,170.2,37.9,0.6521739130434783,23,2.46,0.33,3.55,0.59,1.45,0.43,0.7,0.9
Richard Crunkilton,170.2,155.0,182.9,44.1,0.8260869565217391,23,1.72,0.41,1.45,0.58,4.08,0.61,0.65,1.3
Milton Vieira,182.9,145.0,182.9,45.2,0.5652173913043478,23,1.13,0.35,2.36,0.48,2.67,0.53,0.12,0.7
Tim McKenzie,182.9,185.0,188.0,41.4,0.6086956521739131,23,1.37,0.54,2.96,0.44,0.0,0.0,0.28,2.1
Chad Mendes,167.6,145.0,167.6,38.7,0.782608695652174,23,2.78,0.49,2.35,0.67,4.13,0.55,1.0,0.3
Kitt Campbell,185.4,170.0,185.4,29.5,0.6956521739130435,23,5.4,0.53,2.51,0.6,0.94,0.1,0.5,0.0
Said Nurmagomedov,172.7,135.0,177.8,31.7,0.782608695652174,23,3.08,0.48,2.05,0.55,0.86,0.15,0.63,1.1
Julija Stoliarenko,170.2,125.0,167.6,30.7,0.4782608695652174,23,2.74,0.38,4.45,0.46,0.78,0.2,0.54,1.4
Bryan Baker,190.5,185.0,182.9,38.2,0.782608695652174,23,1.78,0.52,2.83,0.45,0.44,0.5,0.37,0.9
Leo Kuntz,177.8,155.0,182.9,40.2,0.782608695652174,23,1.68,0.32,3.8,0.45,1.99,0.25,0.33,0.7
Shane Howell,172.7,125.0,182.9,40.1,0.5652173913043478,23,1.27,0.32,2.55,0.42,0.0,0.0,0.2,0.0
Edmen Shahbazyan,188.0,185.0,188.0,26.1,0.7391304347826086,23,4.06,0.49,3.69,0.52,1.38,0.36,0.66,0.3
Yancy Medeiros,177.8,155.0,190.5,36.3,0.6521739130434783,23,4.36,0.37,5.67,0.47,0.33,0.5,0.73,0.7
Yukiya Naito,185.4,205.0,182.9,46.8,0.6521739130434783,23,1.54,0.33,5.13,0.6,0.0,0.0,0.0,0.0
Emiliano Sordi,188.0,205.0,182.9,32.9,0.6956521739130435,23,4.79,0.5,4.79,0.48,0.0,0.0,1.0,6.985999999999967
Todd Moore,175.3,170.0,180.3,40.0,0.6956521739130435,23,1.83,0.26,2.3,0.57,0.78,0.14,0.54,0.0
Jason Reinhardt,167.6,135.0,182.9,54.2,0.8695652173913043,23,0.51,0.4,4.07,0.43,1.91,0.12,0.5,0.0
Milos Janicic,180.3,155.0,180.3,26.7,0.8260869565217391,23,4.44,0.31,3.7,0.54,0.0,0.0,0.0,0.0
Ketlen Souza,160.0,115.0,160.0,29.4,0.7391304347826086,23,4.11,0.57,3.89,0.53,0.45,0.13,0.53,0.2
Brian Rogers,180.3,185.0,182.9,39.9,0.6086956521739131,23,4.79,0.38,5.76,0.58,1.22,0.5,1.0,0.6
Cristiane Justino,172.7,145.0,172.7,38.5,0.9130434782608695,23,7.28,0.52,2.25,0.64,0.66,0.55,0.94,0.4
Tarec Saffiedine,177.8,170.0,177.8,37.3,0.6956521739130435,23,4.05,0.47,3.06,0.62,0.52,0.36,0.84,0.1
Hernani Perpetuo,182.9,170.0,182.9,38.6,0.782608695652174,23,2.73,0.29,4.37,0.55,0.0,0.0,0.37,0.5
Anthony Leone,167.6,135.0,182.9,36.6,0.6521739130434783,23,1.94,0.53,2.52,0.56,1.72,0.18,0.0,0.0
Gaetano Pirrello,170.2,135.0,165.1,31.7,0.6521739130434783,23,0.99,0.55,2.44,0.42,0.0,0.0,0.3,0.0
Cal Worsham,180.3,230.0,182.9,59.08599999999997,0.5652173913043478,23,0.0,0.0,0.0,0.0,0.0,0.0,0.0,0.0
Erik Perez,172.7,135.0,172.7,34.1,0.7391304347826086,23,3.16,0.4,2.09,0.66,3.16,0.55,0.69,0.2
Anthony Rocco Martin,182.9,170.0,185.4,34.1,0.7391304347826086,23,2.68,0.37,2.59,0.58,0.71,0.27,0.68,1.0
Irene Aldana,175.3,135.0,172.7,35.8,0.6521739130434783,23,5.19,0.39,6.64,0.56,0.15,0.5,0.77,0.2
JJ Aldrich,165.1,125.0,170.2,31.3,0.6521739130434783,23,3.93,0.46,4.39,0.61,0.66,0.23,0.67,0.0
Bryce Mitchell,177.8,135.0,177.8,29.2,0.8260869565217391,23,2.19,0.59,1.51,0.58,3.12,0.36,0.38,1.3
Sergio Pettis,167.6,125.0,175.3,30.4,0.782608695652174,23,3.88,0.37,2.91,0.65,0.85,0.4,0.67,0.4
Rory Markham,182.9,170.0,180.3,41.8,0.7391304347826086,23,1.98,0.21,10.27,0.45,0.0,0.0,0.0,0.0
Xiong Jingnan,162.6,115.0,160.0,36.0,0.8260869565217391,23,4.64,0.35,7.62,0.37,0.0,0.0,0.75,0.0
Doug Evans,175.3,155.0,182.9,43.2,0.5652173913043478,23,1.79,0.35,2.55,0.55,3.19,0.83,0.69,0.6
Warlley Alves,180.3,185.0,182.9,33.0,0.6521739130434783,23,3.04,0.48,3.95,0.5,1.22,0.5,0.62,0.8
Ivan Salaverry,182.9,185.0,182.9,53.0,0.6086956521739131,23,3.01,0.47,1.19,0.76,0.49,0.18,0.36,2.5
Dooho Choi,177.8,145.0,177.8,32.7,0.7391304347826086,23,5.03,0.54,4.69,0.56,1.21,0.53,0.59,0.5
Matt Andersen,188.0,230.0,182.9,52.6,0.6086956521739131,23,0.0,0.0,0.0,0.0,0.0,0.0,0.0,0.0
Jakub Wiklacz,177.8,135.0,182.9,27.3,0.782608695652174,23,3.4,0.44,3.87,0.46,0.0,0.0,0.41,2.5
Bogdan Guskov,190.5,205.0,193.0,31.3,0.782608695652174,23,3.6,0.56,3.5,0.46,0.0,0.0,0.54,0.7
Eddie Sanchez,188.0,230.0,188.0,41.2,0.6521739130434783,23,3.45,0.43,3.3,0.43,1.13,0.26,0.42,0.0
Ross Pointon,172.7,170.0,182.9,43.9,0.2608695652173913,23,2.62,0.23,2.77,0.58,1.19,1.0,0.0,0.0
Jessica Penne,165.1,115.0,170.2,40.9,0.6086956521739131,23,2.63,0.33,5.05,0.45,1.29,0.18,0.36,0.5
Amanda Lemos,162.6,115.0,165.1,36.6,0.6521739130434783,23,2.84,0.55,3.22,0.44,0.93,0.57,0.63,0.7
Andrew Montanez,177.8,185.0,182.9,36.8,0.4090909090909091,22,0.0,0.0,0.0,0.0,0.0,0.0,0.0,0.0
Maki Pitolo,177.8,185.0,190.5,33.1,0.5909090909090909,22,4.1,0.44,3.93,0.55,2.24,0.52,0.5,0.8
Da Woon Jung,193.0,205.0,198.1,30.1,0.6818181818181818,22,3.24,0.4,4.23,0.49,1.59,0.47,0.75,0.2
Abubakar Nurmagomedov,180.3,170.0,182.9,34.1,0.7727272727272727,22,2.78,0.53,2.61,0.65,1.25,0.22,0.88,0.0
Malcolm Gordon,170.2,125.0,180.3,33.6,0.6363636363636364,22,2.5,0.45,2.0,0.43,1.72,0.35,0.26,1.0
JunYoung Hong,175.3,145.0,175.3,33.0,0.5909090909090909,22,2.1,0.39,2.3,0.48,0.0,0.0,0.35,0.0
Henry Miller,170.2,265.0,182.9,54.5,0.2727272727272727,22,1.25,0.36,2.16,0.54,0.55,0.25,0.6,0.0
Jesus Pinedo,177.8,155.0,182.9,27.5,0.7272727272727273,22,3.23,0.38,4.37,0.52,2.5,1.0,1.0,0.0
Erick Gonzalez,180.3,155.0,190.5,31.9,0.6363636363636364,22,2.4,0.36,8.08,0.4,6.0,0.55,0.5,0.0
Lv Zhenhong,172.7,145.0,170.2,30.5,0.7272727272727273,22,0.0,0.0,0.0,0.0,0.0,0.0,0.0,0.0
Sam Liera,177.8,155.0,182.9,40.1,0.5454545454545454,22,0.82,0.6,7.36,0.51,0.0,0.0,0.66,0.0
Kennedy Nzechukwu,195.6,244.0,203.2,31.6,0.6363636363636364,22,4.94,0.46,4.55,0.51,0.49,0.45,0.8,0.2
Dan Miller,185.4,185.0,188.0,42.5,0.6363636363636364,22,2.03,0.36,3.06,0.49,1.67,0.54,0.47,1.8
Umar Nurmagomedov,172.7,135.0,175.3,28.0,0.9090909090909091,22,3.76,0.56,1.85,0.6,3.94,0.46,0.79,0.2
Holly Holm,172.7,135.0,175.3,42.2,0.6818181818181818,22,3.13,0.4,2.92,0.55,0.87,0.3,0.76,0.1
Curtis Millender,188.0,170.0,193.0,36.1,0.7727272727272727,22,3.86,0.46,2.95,0.61,0.43,1.0,0.57,0.0
Sarah Kaufman,165.1,135.0,167.6,38.3,0.8181818181818182,22,6.65,0.46,4.0,0.62,0.38,0.57,0.81,0.0
Ode Osbourne,170.2,125.0,185.4,32.0,0.5909090909090909,22,2.94,0.4,3.24,0.49,0.94,0.29,0.66,0.4
Kris Moutinho,170.2,135.0,172.7,31.4,0.6363636363636364,22,3.35,0.33,9.36,0.3,0.0,0.0,0.3,0.0
Erik Koch,177.8,170.0,180.3,35.2,0.7272727272727273,22,2.33,0.42,2.82,0.47,1.02,0.42,0.81,1.0
Rin Nakai,157.5,135.0,182.9,37.2,0.8636363636363636,22,1.57,0.33,3.9,0.6,3.0,0.18,0.75,0.5
Cathal Pendred,185.4,170.0,190.5,36.3,0.7727272727272727,22,2.49,0.44,3.01,0.55,2.46,0.23,0.83,0.4
Wilson Gouveia,185.4,185.0,193.0,45.2,0.6363636363636364,22,3.02,0.39,4.06,0.56,0.9,0.66,0.57,2.2
Aleksei Kunchenko,172.7,170.0,177.8,39.7,0.9090909090909091,22,3.67,0.44,2.83,0.63,0.25,0.33,0.8,0.0
Damir Hadzovic,175.3,155.0,177.8,37.4,0.6363636363636364,22,3.34,0.47,3.74,0.59,0.91,0.54,0.34,0.1
Shoji Maruyama,170.2,139.0,182.9,40.7,0.5454545454545454,22,1.4,0.63,0.27,0.55,0.0,0.0,0.54,0.0
Lucas Martins,182.9,145.0,182.9,35.1,0.8636363636363636,22,2.87,0.35,4.14,0.6,0.0,0.0,0.76,0.5
Mike Massenzio,188.0,185.0,185.4,41.2,0.5909090909090909,22,2.08,0.45,3.59,0.54,2.74,0.24,0.5,1.4
David Lee,177.8,155.0,182.9,35.7,0.5454545454545454,22,1.49,0.5,3.31,0.42,0.0,0.0,0.5,0.0
Dan Molina,177.8,216.0,182.9,39.5,0.5909090909090909,22,0.0,0.0,5.58,0.6,0.0,0.0,0.0,6.985999999999967
Dileno Lopes,165.1,135.0,182.9,39.3,0.8636363636363636,22,2.37,0.36,3.33,0.53,2.5,0.31,1.0,1.5
Kaiwen,172.7,145.0,180.3,28.2,0.6818181818181818,22,3.73,0.42,4.72,0.54,1.41,0.26,0.92,0.0
Akiyo Nishiura,172.7,139.0,182.9,40.4,0.5909090909090909,22,1.59,0.57,1.26,0.57,0.0,0.0,0.52,0.3
Gabe Lemley,172.7,155.0,182.9,36.8,0.5909090909090909,22,0.82,0.35,6.03,0.45,0.0,0.0,0.0,0.0
Elvis Mutapcic,182.9,185.0,182.9,37.5,0.6818181818181818,22,3.41,0.4,4.27,0.38,0.0,0.0,0.81,0.0
Al Iaquinta,177.8,155.0,177.8,36.7,0.6363636363636364,22,4.06,0.4,4.53,0.61,0.63,0.18,0.74,0.2
KJ Noons,177.8,155.0,177.8,41.1,0.5909090909090909,22,3.68,0.35,3.78,0.65,0.08,0.2,0.68,0.0
Shannon Gugerty,177.8,155.0,180.3,42.0,0.6818181818181818,22,1.25,0.39,1.88,0.58,2.13,0.27,0.5,3.4
Rashid Magomedov,175.3,155.0,177.8,39.1,0.9090909090909091,22,4.4,0.49,3.05,0.54,0.67,0.57,0.89,0.2
Molly McCann,162.6,115.0,160.0,33.7,0.6363636363636364,22,5.28,0.49,4.65,0.62,1.78,0.36,0.38,0.5
Wang Guan,175.3,145.0,180.3,37.8,0.9090909090909091,22,4.73,0.43,3.27,0.6,0.0,0.0,0.0,0.0
Takayo Hashi,162.6,135.0,182.9,46.2,0.6818181818181818,22,2.84,0.26,6.56,0.61,0.0,0.0,0.0,0.0
Rhys McKee,188.0,170.0,198.1,28.3,0.6363636363636364,22,4.71,0.4,7.15,0.47,0.0,0.0,0.47,0.0
Mike Perry,177.8,170.0,180.3,32.3,0.6363636363636364,22,4.32,0.47,5.16,0.52,0.81,0.4,0.78,0.2
Seth Petruzelli,182.9,205.0,193.0,44.1,0.6363636363636364,22,2.17,0.41,2.08,0.55,0.46,0.5,0.47,2.3
Mike Guymon,182.9,170.0,188.0,49.3,0.6818181818181818,22,2.75,0.65,0.79,0.66,1.87,0.37,0.54,1.2
Huang Feier,165.1,115.0,165.1,29.8,0.6363636363636364,22,0.0,0.0,0.0,0.0,0.0,0.0,0.0,0.0
Quinn Mulhern,190.5,155.0,182.9,39.3,0.8181818181818182,22,1.48,0.28,2.09,0.51,1.36,0.2,0.33,0.0
Mizuki,160.0,115.0,165.1,29.4,0.7272727272727273,22,4.45,0.52,4.65,0.49,0.75,0.33,0.8,0.0
Carmelo Marrero,182.9,205.0,185.4,42.9,0.7272727272727273,22,0.84,0.34,2.04,0.54,3.21,0.36,0.36,0.9
Ronny Markes,185.4,185.0,190.5,35.7,0.7727272727272727,22,2.17,0.53,2.43,0.45,3.13,0.4,1.0,0.5
Fernando Padilla,185.4,145.0,193.0,27.0,0.7272727272727273,22,6.07,0.4,5.74,0.52,0.0,0.0,1.0,0.6
Virgil Zwicker,188.0,205.0,188.0,41.5,0.6818181818181818,22,3.34,0.48,4.87,0.39,1.31,0.3,0.5,0.0
Nikolay Veretennikov,185.4,170.0,188.0,34.0,0.6363636363636364,22,2.74,0.56,3.43,0.47,0.4,0.16,0.62,0.4
Mark Striegl,172.7,145.0,177.8,35.5,0.8181818181818182,22,1.4,0.45,4.07,0.4,0.0,0.0,0.66,0.0
Alessandro Costa,162.6,125.0,170.2,27.9,0.7727272727272727,22,3.77,0.46,3.71,0.57,0.7,0.26,0.87,0.7
JC Cottrell,175.3,155.0,182.9,34.2,0.7727272727272727,22,0.79,0.25,2.75,0.45,0.79,1.0,0.5,0.0
Lando Vannata,175.3,155.0,180.3,31.8,0.5454545454545454,22,4.52,0.45,4.71,0.54,1.24,0.36,0.66,0.3
Jared Vanderaa,193.0,265.0,203.2,31.6,0.5454545454545454,22,4.96,0.44,5.67,0.45,0.18,0.5,0.2,0.0
Jay Silva,188.0,185.0,182.9,42.6,0.45454545454545453,22,1.13,0.34,3.07,0.4,0.0,0.0,0.38,1.0
Tim Stout,180.3,185.0,182.9,44.9,0.5454545454545454,22,0.0,0.0,0.0,0.0,0.0,0.0,0.0,0.0
Colin Fletcher,188.0,155.0,182.9,41.0,0.6363636363636364,22,3.1,0.34,2.97,0.62,0.0,0.0,0.27,0.0
Joao Elias,160.0,125.0,162.6,29.0,0.7727272727272727,22,0.4,0.5,6.47,0.2,0.0,0.0,0.5,0.0
Wagner Campos,167.6,145.0,182.9,42.4,0.5454545454545454,22,1.54,0.41,2.53,0.51,2.71,1.0,0.0,0.0
Colby Covington,180.3,170.0,182.9,35.9,0.7727272727272727,22,3.81,0.38,3.09,0.54,3.64,0.42,0.68,0.2
Dave Rickels,180.3,155.0,182.9,35.0,0.8181818181818182,22,4.29,0.59,5.53,0.42,0.0,0.0,0.25,0.0
Jessin Ayari,182.9,155.0,185.4,31.6,0.7272727272727273,22,3.53,0.37,3.59,0.58,0.0,0.0,0.5,0.3
Nathan Coy,177.8,170.0,175.3,45.4,0.6818181818181818,22,3.88,0.52,2.4,0.61,3.17,0.47,0.5,0.0
Junior Assuncao,175.3,145.0,182.9,42.5,0.7272727272727273,22,3.31,0.62,2.06,0.44,2.43,0.24,0.66,0.7
Christian Aguilera,175.3,170.0,182.9,32.1,0.6363636363636364,22,2.54,0.37,4.04,0.48,0.0,0.0,0.6,0.0
Aisling Daly,157.5,115.0,162.6,36.0,0.7272727272727273,22,2.92,0.52,1.4,0.55,2.15,0.41,0.33,0.9
Sterling Ford,177.8,155.0,182.9,37.8,0.6818181818181818,22,0.0,0.0,0.0,0.0,0.0,0.0,0.0,0.0
Priscila Cachoeira,170.2,135.0,165.1,35.4,0.5909090909090909,22,4.35,0.44,7.45,0.45,0.37,0.5,0.69,0.0
Rodrigo Damm,170.2,155.0,180.3,43.9,0.5909090909090909,22,3.5,0.36,5.61,0.57,0.44,0.16,0.8,0.3
Maurice Eazel,170.2,135.0,182.9,36.8,0.3181818181818182,22,0.0,0.0,0.0,0.0,0.0,0.0,0.0,0.0
Jafel Filho,170.2,125.0,172.7,30.7,0.7727272727272727,22,1.78,0.4,1.76,0.5,2.4,0.47,0.5,1.8
Chad Cook,188.0,205.0,182.9,44.2,0.45454545454545453,22,0.0,0.0,0.0,0.0,0.0,0.0,0.0,0.0
Khalil Rountree Jr.,185.4,205.0,193.0,33.8,0.6818181818181818,22,3.88,0.4,4.33,0.49,0.0,0.0,0.58,0.1
Matt Veach,180.3,155.0,182.9,42.6,0.7727272727272727,22,1.12,0.28,4.91,0.44,3.64,0.38,1.0,1.5
Giga Chikadze,182.9,145.0,188.0,35.4,0.6818181818181818,22,3.75,0.43,3.55,0.59,0.18,0.33,0.65,0.2
David Baron,167.6,155.0,182.9,50.9,0.7727272727272727,22,1.17,0.3,2.1,0.56,0.0,0.0,0.14,0.7
Luke Rockhold,190.5,185.0,195.6,39.2,0.7272727272727273,22,4.1,0.49,2.68,0.53,0.7,0.29,0.65,1.0
Sean Soriano,175.3,145.0,177.8,34.2,0.6363636363636364,22,3.18,0.61,2.14,0.56,1.33,0.55,0.52,0.0
Kevin Aguilar,170.2,155.0,185.4,35.3,0.7727272727272727,22,3.96,0.4,4.81,0.52,0.16,0.16,0.78,0.0
Brandon Vera,190.5,230.0,198.1,46.2,0.6818181818181818,22,3.03,0.56,2.81,0.52,0.7,0.53,0.59,0.2
Colin Robinson,193.0,243.0,182.9,55.1,0.45454545454545453,22,6.19,0.69,7.91,0.37,2.58,1.0,0.5,5.2
Alejandro Villalobos,170.2,145.0,182.9,44.2,0.7727272727272727,22,3.93,0.46,4.07,0.67,1.0,0.5,0.0,0.0
Charles Rosa,175.3,145.0,175.3,37.4,0.6363636363636364,22,3.08,0.36,3.86,0.47,1.67,0.35,0.38,1.0
Marcin Bandel,177.8,155.0,182.9,34.2,0.6818181818181818,22,0.79,0.5,5.26,0.23,0.0,0.0,0.0,0.0
Karlos Vemola,182.9,185.0,190.5,38.5,0.7727272727272727,22,1.67,0.44,2.13,0.37,1.93,0.25,0.31,1.7
Henry Cejudo,162.6,135.0,162.6,36.9,0.7272727272727273,22,3.83,0.47,3.84,0.57,1.78,0.29,0.72,0.1
Bojan Velickovic,182.9,170.0,193.0,35.0,0.6818181818181818,22,2.18,0.34,2.31,0.57,0.67,0.25,0.55,0.5
Artenus Young,177.8,205.0,182.9,43.5,0.45454545454545453,22,0.0,0.0,0.0,0.0,0.0,0.0,0.0,0.0
Ron Stallings,188.0,170.0,190.5,40.9,0.6363636363636364,22,3.22,0.6,3.26,0.51,0.0,0.0,0.71,0.0
Chas Skelly,180.3,145.0,182.9,38.6,0.8636363636363636,22,2.01,0.4,3.21,0.49,1.74,0.34,0.39,2.3
Daniel Roberts,177.8,170.0,188.0,43.4,0.6818181818181818,22,0.73,0.2,2.27,0.46,2.46,0.44,0.4,2.5
Tristan Connelly,177.8,145.0,172.7,38.1,0.6363636363636364,22,3.31,0.51,2.96,0.5,0.33,0.14,0.6,0.3
Shannon Ross,167.6,125.0,167.6,34.6,0.5909090909090909,22,5.96,0.39,7.39,0.55,0.0,0.0,1.0,0.0
Kyle Daukaus,188.0,185.0,193.0,30.8,0.7727272727272727,22,3.16,0.53,2.94,0.42,1.97,0.25,0.79,2.0
Polyana Viana,165.1,115.0,170.2,31.5,0.5909090909090909,22,2.82,0.4,2.74,0.52,0.67,0.33,0.33,1.5
Jack Della Maddalena,180.3,170.0,185.4,27.3,0.8181818181818182,22,5.32,0.51,4.24,0.61,0.34,0.2,0.64,0.1
Kyle Watson,182.9,155.0,182.9,44.4,0.5909090909090909,22,3.67,0.35,3.25,0.62,0.0,0.0,1.0,0.0
Will Brooks,177.8,155.0,182.9,37.2,0.8181818181818182,22,4.26,0.59,2.54,0.56,2.08,0.51,0.82,0.3
Drew Brokenshire,177.8,155.0,182.9,36.8,0.7272727272727273,22,0.0,0.0,0.0,0.0,0.0,0.0,0.0,0.0
Mackenzie Dern,162.6,115.0,160.0,30.8,0.7727272727272727,22,3.38,0.41,3.74,0.52,1.07,0.21,0.4,1.0
Cody Brundage,182.9,185.0,182.9,29.6,0.5454545454545454,22,2.5,0.51,2.95,0.5,1.8,0.41,0.66,0.5
Art Arciniega,172.7,145.0,182.9,42.2,0.6818181818181818,22,1.53,0.46,2.73,0.51,0.0,0.0,0.5,1.0
Emily Ducote,157.5,115.0,160.0,30.0,0.5909090909090909,22,7.45,0.52,7.84,0.57,0.2,0.14,0.94,0.0
Torrance Taylor,170.2,155.0,182.9,36.2,0.5909090909090909,22,0.0,0.0,0.0,0.0,0.0,0.0,0.0,0.0
Josh Appelt,177.8,255.0,182.9,40.5,0.6818181818181818,22,1.35,0.4,11.5,0.32,0.0,0.0,0.33,0.0
Albert Tumenov,180.3,170.0,185.4,32.0,0.8181818181818182,22,3.76,0.42,3.34,0.58,0.2,0.2,0.75,0.0
Deividas Taurosevicius,175.3,145.0,172.7,46.3,0.7727272727272727,22,2.13,0.43,1.82,0.59,2.0,0.28,0.5,0.3
Ebenezer Fontes Braga,182.9,199.0,182.9,54.7,0.5909090909090909,22,2.42,0.5,0.42,0.71,0.0,0.0,0.9,0.6
Augusto Sakai,190.5,265.0,195.6,32.6,0.7272727272727273,22,4.6,0.49,3.83,0.48,0.23,0.4,0.56,0.0
Roy Boughton,182.9,205.0,182.9,36.8,0.6363636363636364,22,0.0,0.0,0.0,0.0,0.0,0.0,0.0,0.0
Nordine Taleb,185.4,170.0,188.0,42.6,0.6818181818181818,22,3.66,0.51,2.62,0.66,1.94,0.76,0.73,0.0
Austin Arnett,182.9,145.0,182.9,32.2,0.7272727272727273,22,4.52,0.41,6.38,0.62,0.44,0.18,0.57,0.2
Tyler Toner,172.7,145.0,177.8,40.8,0.6818181818181818,22,2.95,0.52,2.13,0.62,0.0,0.0,0.54,0.4
Taila Santos,167.6,125.0,172.7,30.5,0.8636363636363636,22,3.39,0.48,2.64,0.58,2.0,0.76,0.86,1.1
Nah-Shon Burrell,180.3,170.0,182.9,33.9,0.6818181818181818,22,4.83,0.47,3.45,0.56,0.0,0.0,0.52,0.3
Kyle Reyes,172.7,145.0,182.9,36.8,0.6818181818181818,22,0.0,0.0,0.0,0.0,0.0,0.0,0.0,0.0
Tyrell Fortune,190.5,259.0,190.5,33.5,0.8181818181818182,22,1.91,0.49,4.31,0.5,1.72,0.42,1.0,0.0
Darrill Schoonover,188.0,220.0,182.9,38.5,0.6363636363636364,22,1.2,0.33,4.35,0.38,0.0,0.0,0.5,1.1
Jesse Bongfeldt,182.9,185.0,182.9,43.3,0.7272727272727273,22,2.91,0.62,1.01,0.5,1.51,0.33,0.33,0.0
Brandon Foxworth,180.3,145.0,182.9,44.7,0.8181818181818182,22,1.33,0.32,4.59,0.5,0.0,0.0,0.0,0.0
Zach Skinner,167.6,145.0,182.9,36.8,0.47619047619047616,21,0.53,0.5,2.4,0.32,5.0,0.27,1.0,1.0
Matheus Scheffel,188.0,205.0,190.5,31.2,0.6666666666666666,21,1.33,0.36,3.0,0.47,0.0,0.0,1.0,0.0
Jarno Errens,180.3,145.0,185.4,29.1,0.6666666666666666,21,3.29,0.44,3.29,0.61,0.0,0.0,0.33,0.3
Clay Collard,180.3,145.0,185.4,30.8,0.6666666666666666,21,4.22,0.32,5.0,0.5,2.81,0.39,0.71,0.5
Eric Schambari,180.3,185.0,182.9,45.7,0.7142857142857143,21,1.43,0.42,1.07,0.54,3.0,0.42,0.0,1.0
Cortez Coleman,185.4,185.0,182.9,41.9,0.6190476190476191,21,0.0,0.0,0.0,0.0,0.0,0.0,0.0,0.0
Fabiano Scherner,190.5,257.0,182.9,51.5,0.5238095238095238,21,1.31,0.31,3.2,0.38,1.09,0.33,0.4,0.0
Scott McAfee,172.7,155.0,182.9,40.4,0.6666666666666666,21,0.0,0.0,1.33,0.5,0.0,0.0,0.0,0.0
Themba Gorimbo,185.4,170.0,195.6,32.9,0.6666666666666666,21,2.7,0.56,1.75,0.51,4.52,0.62,0.73,0.4
Ivan Erslan,188.0,205.0,182.9,32.1,0.7142857142857143,21,2.53,0.49,4.57,0.54,0.93,0.37,0.7,0.0
Humberto Bandenay,180.3,145.0,180.3,29.3,0.6666666666666666,21,2.22,0.41,4.79,0.41,2.9,0.46,0.62,0.5
Brok Weaver,182.9,155.0,185.4,32.1,0.7142857142857143,21,4.78,0.64,4.35,0.46,0.41,0.1,0.66,0.4
Mara Romero Borella,167.6,125.0,175.3,37.6,0.5714285714285714,21,2.54,0.37,2.48,0.71,1.83,0.44,0.66,0.2
Tateki Matsuda,170.2,125.0,182.9,37.8,0.6190476190476191,21,3.2,0.34,3.43,0.69,0.0,0.0,0.16,0.0
Mike Aina,175.3,155.0,182.9,43.0,0.6666666666666666,21,2.87,0.33,6.33,0.59,0.0,0.0,0.71,0.0
Alexandr Romanov,188.0,262.0,190.5,33.1,0.8571428571428571,21,3.78,0.51,2.13,0.54,4.49,0.55,0.28,0.9
Terry Etim,185.4,155.0,185.4,38.0,0.7619047619047619,21,2.16,0.35,2.53,0.67,0.43,0.3,0.39,1.4
Ahejiang Ailinuer,175.3,145.0,182.9,25.3,0.8095238095238095,21,2.22,0.71,0.73,0.58,5.44,0.44,1.0,0.0
Chad Anheliger,167.6,135.0,162.6,37.1,0.6190476190476191,21,3.11,0.46,2.76,0.53,0.68,0.3,0.38,0.5
Ketlen Vieira,172.7,135.0,172.7,32.4,0.7619047619047619,21,2.71,0.4,3.73,0.5,1.31,0.42,0.9,0.5
Marcio Barbosa,167.6,145.0,177.8,25.6,0.9047619047619048,21,5.99,0.46,5.03,0.57,0.0,0.0,1.0,0.0
Eun Soo Lee,185.4,215.0,182.9,41.8,0.8095238095238095,21,0.0,0.0,3.05,0.6,0.0,0.0,0.5,0.0
Justin Wilcox,167.6,155.0,182.9,44.8,0.6666666666666666,21,3.82,0.28,2.63,0.71,1.43,0.16,1.0,0.0
Ali Bagautinov,162.6,125.0,165.1,38.6,0.7142857142857143,21,2.85,0.42,3.09,0.52,2.51,0.36,0.65,0.3
Vinicius Salvador,170.2,135.0,177.8,27.4,0.6666666666666666,21,5.48,0.43,6.5,0.48,0.36,0.11,0.86,0.0
Joe Warren,167.6,135.0,182.9,47.2,0.7142857142857143,21,2.15,0.46,2.39,0.52,6.14,0.46,0.6,0.0
Randall Wallace,180.3,185.0,185.4,34.8,0.7142857142857143,21,1.13,0.38,4.11,0.45,2.13,0.5,0.0,0.0
Neil Grove,198.1,265.0,182.9,53.0,0.5714285714285714,21,0.0,0.0,0.0,0.0,0.0,0.0,1.0,6.985999999999967
Jai Herbert,185.4,155.0,195.6,35.6,0.6666666666666666,21,3.19,0.41,3.34,0.52,0.42,0.21,0.66,0.0
Benoit Saint Denis,180.3,155.0,185.4,28.0,0.8095238095238095,21,5.58,0.58,4.09,0.41,4.15,0.35,0.72,1.7
Mike de la Torre,180.3,145.0,180.3,37.3,0.6666666666666666,21,3.21,0.39,4.75,0.51,0.36,0.16,0.83,0.0
Ben Askren,180.3,170.0,185.4,39.5,0.9047619047619048,21,3.64,0.49,5.66,0.36,4.33,0.55,0.0,0.9
Brian Ortega,172.7,155.0,175.3,32.9,0.7619047619047619,21,3.84,0.37,6.38,0.49,0.93,0.25,0.54,0.9
Michael McDonald,175.3,135.0,177.8,33.0,0.8095238095238095,21,2.69,0.42,2.76,0.57,1.09,0.66,0.52,1.4
Austen Lane,198.1,205.0,203.2,36.1,0.6190476190476191,21,2.7,0.5,2.45,0.39,1.5,0.28,0.33,0.0
Yusup Saadulaev,167.6,135.0,182.9,38.8,0.7619047619047619,21,0.57,0.45,0.96,0.66,5.73,0.6,0.0,1.0
Gray Maynard,175.3,155.0,177.8,44.6,0.6190476190476191,21,1.92,0.32,2.64,0.66,2.91,0.47,0.81,0.7
Dinis Paiva Jr.,175.3,145.0,180.3,35.6,0.6190476190476191,21,2.6,0.41,2.73,0.67,0.0,0.0,0.81,0.0
Albert Duraev,180.3,185.0,190.5,35.0,0.7619047619047619,21,2.99,0.4,3.01,0.59,1.97,0.29,0.66,0.6
Lacey Schuckman,160.0,125.0,182.9,35.5,0.5238095238095238,21,0.0,0.0,0.0,0.0,0.0,0.0,0.0,0.0
Joe Duffy,177.8,155.0,185.4,35.9,0.7619047619047619,21,2.68,0.34,3.78,0.54,0.96,0.66,0.64,0.7
Nate Schroeder,185.4,230.0,182.9,50.6,0.5238095238095238,21,0.0,0.0,0.0,0.0,0.0,0.0,0.0,0.0
Marcio Alexandre Junior,182.9,185.0,190.5,34.7,0.8095238095238095,21,1.61,0.45,2.89,0.42,0.35,0.2,0.66,0.7
Kwon WonIl,177.8,135.0,180.3,28.4,0.6666666666666666,21,3.93,0.4,5.37,0.56,0.0,0.0,0.73,0.0
Xie Bin,180.3,145.0,180.3,25.8,0.7142857142857143,21,4.1,0.44,2.81,0.59,2.6,0.42,0.4,0.0
Jose Alday,170.2,135.0,172.7,32.3,0.6666666666666666,21,3.13,0.44,3.13,0.58,0.0,0.0,0.57,0.0
Ednaldo Oliveira,195.6,205.0,182.9,39.9,0.8095238095238095,21,1.03,0.22,1.8,0.52,0.0,0.0,0.42,0.0
Jairzinho Rozenstruik,188.0,242.0,198.1,35.8,0.7142857142857143,21,3.48,0.48,2.63,0.52,0.0,0.0,0.72,0.0
Khaos Williams,182.9,170.0,195.6,29.8,0.7619047619047619,21,4.97,0.39,5.34,0.41,0.0,0.0,0.51,0.0
Waldo Cortes Acosta,193.0,260.0,198.1,32.2,0.8095238095238095,21,5.03,0.47,3.44,0.55,0.36,0.5,0.69,0.1
Phil Davis,188.0,205.0,200.7,39.3,0.8095238095238095,21,2.85,0.34,1.33,0.72,2.99,0.38,0.72,0.6
Hyun Gyu Lim,190.5,170.0,195.6,39.0,0.6190476190476191,21,4.45,0.41,5.07,0.51,0.23,1.0,0.73,0.2
Renzo Gracie,177.8,185.0,182.9,56.8,0.6190476190476191,21,1.71,0.41,1.67,0.55,1.13,0.2,0.4,0.8
Abdul-Kerim Edilov,188.0,205.0,182.9,32.1,0.8095238095238095,21,9.008599999999996,0.61,0.13,0.7985999999999968,3.98,1.0,0.0,2.0
Brad Katona,167.6,135.0,162.6,32.0,0.7619047619047619,21,4.81,0.52,4.75,0.5,1.86,0.34,0.61,0.0
Roman Dolidze,188.0,185.0,193.0,35.5,0.7142857142857143,21,3.12,0.41,4.02,0.46,1.13,0.43,0.32,0.7
Drakkar Klose,175.3,155.0,177.8,35.8,0.7619047619047619,21,4.01,0.54,3.71,0.48,1.37,0.26,0.7,0.0
Genki Sudo,175.3,155.0,182.9,45.8,0.7142857142857143,21,1.55,0.39,2.23,0.33,3.58,0.6,0.5,4.2
Gilbert Jimenez,177.8,155.0,182.9,36.8,0.38095238095238093,21,0.0,0.0,0.0,0.0,0.0,0.0,0.0,0.0
Hu Yong,177.8,135.0,182.9,27.9,0.6666666666666666,21,0.0,0.0,0.0,0.0,0.0,0.0,0.0,0.0
Casey Kenney,170.2,135.0,172.7,32.8,0.7619047619047619,21,4.85,0.42,4.67,0.58,1.09,0.35,0.61,0.4
Joanna Jedrzejczyk,167.6,115.0,165.1,36.4,0.7619047619047619,21,6.28,0.48,3.25,0.62,0.27,0.62,0.8,0.1
Rony Jason,170.2,145.0,185.4,39.8,0.6666666666666666,21,2.04,0.44,3.14,0.53,0.59,0.3,0.36,0.8
Myles Jury,177.8,145.0,185.4,35.2,0.8095238095238095,21,2.94,0.42,2.16,0.66,2.16,0.55,0.5,0.3
Antonio Carvalho,175.3,145.0,177.8,44.6,0.7142857142857143,21,3.03,0.29,3.62,0.64,0.0,0.0,1.0,0.0
Sergio Moraes,182.9,170.0,182.9,41.4,0.6666666666666666,21,2.42,0.42,3.73,0.59,1.2,0.38,0.75,0.4
Marcelo Brito,185.4,170.0,182.9,46.1,0.6190476190476191,21,0.6,0.2,3.53,0.55,0.0,0.0,0.5,0.0
Noah Thomas,175.3,135.0,182.9,42.8,0.6666666666666666,21,0.44,0.13,4.99,0.33,0.0,0.0,0.0,1.3
Javier Vazquez,170.2,145.0,175.3,46.5,0.7619047619047619,21,2.43,0.36,1.99,0.72,2.56,0.52,0.57,1.5
Jinh Yu Frey,160.0,115.0,165.1,38.6,0.5238095238095238,21,2.97,0.43,4.23,0.52,1.02,0.36,0.9,0.3
Ray Steinbeiss,180.3,170.0,182.9,44.3,0.6666666666666666,21,0.0,0.0,0.0,0.7985999999999968,0.0,0.0,0.0,0.0
Steve Bruno,177.8,170.0,182.9,42.2,0.7142857142857143,21,0.96,0.52,3.38,0.36,1.94,0.25,0.46,0.4
Jiniushiyue,172.7,125.0,172.7,23.1,0.8095238095238095,21,2.7,0.44,2.53,0.48,2.26,0.53,0.5,0.0
Jonathan Pearce,182.9,145.0,180.3,31.7,0.6666666666666666,21,5.12,0.54,3.32,0.54,5.02,0.5,0.55,0.8
Maximo Blanco,172.7,145.0,180.3,40.2,0.5714285714285714,21,4.11,0.44,3.19,0.66,1.85,0.36,0.63,0.3
Alex Garcia,175.3,170.0,182.9,36.5,0.7142857142857143,21,1.81,0.31,3.03,0.59,3.72,0.52,0.66,0.1
Nikolas Motta,175.3,155.0,177.8,30.9,0.7142857142857143,21,4.13,0.38,5.28,0.52,0.0,0.0,0.83,0.0
Miles Johns,170.2,135.0,172.7,29.8,0.7619047619047619,21,3.37,0.44,2.97,0.65,1.2,0.26,0.77,0.0
Ryan Quinn,172.7,145.0,182.9,36.8,0.6190476190476191,21,2.31,0.41,1.67,0.48,0.0,0.0,0.0,1.9
Timur Valiev,167.6,135.0,170.2,33.9,0.8571428571428571,21,5.19,0.53,3.33,0.45,1.73,0.4,0.55,0.3
Victor Valenzuela,177.8,155.0,182.9,36.8,0.6190476190476191,21,1.28,0.75,2.55,0.0,0.0,0.0,0.0,0.0
Jordan Rinaldi,177.8,145.0,182.9,36.3,0.6666666666666666,21,1.56,0.35,2.32,0.59,1.45,0.35,0.2,1.2
Martin Svensson,185.4,155.0,182.9,38.7,0.7142857142857143,21,2.02,0.38,5.91,0.38,0.0,0.0,0.0,0.0
Mike Swick,185.4,170.0,195.6,44.5,0.7142857142857143,21,2.36,0.37,2.29,0.54,1.06,0.5,0.61,0.6
Mario Miranda,190.5,185.0,188.0,44.5,0.6666666666666666,21,1.96,0.54,2.46,0.36,1.02,0.6,0.54,0.0
Mason Jones,177.8,155.0,188.0,28.7,0.8571428571428571,21,6.33,0.43,4.87,0.48,3.38,0.56,0.77,0.1
Amir Rahnavardi,182.9,205.0,182.9,49.1,0.5238095238095238,21,0.67,0.25,0.0,0.7985999999999968,0.0,0.0,0.5,0.0
Aleksandar Rakic,193.0,238.0,198.1,31.9,0.7142857142857143,21,4.2,0.5,2.78,0.54,0.57,0.21,0.86,0.1
Gianni Vazquez,170.2,135.0,180.3,29.5,0.6666666666666666,21,1.71,0.23,3.91,0.43,0.0,0.0,0.62,1.6
Gabriel Bonfim,185.4,170.0,182.9,26.4,0.9523809523809523,21,4.76,0.47,3.61,0.64,2.57,0.53,0.78,1.0
Shane Young,172.7,145.0,182.9,30.4,0.6190476190476191,21,5.19,0.4,5.46,0.52,0.63,0.18,0.64,0.0
Nassourdine Imavov,190.5,185.0,190.5,27.8,0.8095238095238095,21,4.28,0.54,3.17,0.58,0.74,0.32,0.81,1.0
Sean Brady,177.8,170.0,182.9,31.1,0.9047619047619048,21,4.08,0.53,2.77,0.59,3.58,0.51,0.86,0.8
Egan Inoue,175.3,190.0,182.9,58.5,0.6190476190476191,21,1.66,0.36,3.31,0.57,0.0,0.0,0.0,0.0
Dominick Reyes,193.0,205.0,195.6,34.0,0.7619047619047619,21,4.99,0.53,3.4,0.49,0.25,0.28,0.82,0.2
Emilio Chavez,175.3,145.0,182.9,36.8,0.5714285714285714,21,2.73,0.48,1.53,0.54,3.0,0.5,0.0,0.0
James Reese,175.3,155.0,182.9,43.0,0.5238095238095238,21,0.0,0.0,0.0,0.0,0.0,0.0,0.0,0.0
Manuel Torres,177.8,155.0,185.4,28.8,0.8095238095238095,21,6.57,0.56,4.24,0.5,1.32,0.66,0.76,0.7
Andrey Koreshkov,182.9,170.0,182.9,33.4,0.9047619047619048,21,2.84,0.39,1.92,0.63,4.8,0.53,0.0,0.0
Edgar Chairez,170.2,125.0,180.3,27.9,0.6666666666666666,21,3.78,0.46,4.64,0.51,0.0,0.0,0.5,1.4
Julia Polastri,157.5,115.0,160.0,25.8,0.7142857142857143,21,6.18,0.56,5.18,0.59,0.6,0.8,0.57,0.3
Tina Black,162.6,115.0,160.0,27.7,0.8095238095238095,21,3.69,0.4,2.79,0.63,0.0,0.0,0.78,0.0
Andre Soukhamthath,175.3,135.0,177.8,35.2,0.6190476190476191,21,2.77,0.44,4.31,0.49,1.25,0.53,0.58,0.2
George Sotiropoulos,177.8,155.0,180.3,46.5,0.6666666666666666,21,2.61,0.27,2.52,0.67,2.32,0.31,0.53,1.6
Pedro Falcao,167.6,135.0,167.6,31.4,0.7619047619047619,21,3.21,0.48,3.39,0.5,2.73,0.25,0.66,0.0
Paul Rodriguez,170.2,155.0,182.9,48.6,0.47619047619047616,21,0.84,0.75,1.68,0.68,0.0,0.0,0.5,0.0
Scott Ventimiglia,180.3,185.0,182.9,51.1,0.6666666666666666,21,0.0,0.0,0.0,0.0,0.0,0.0,0.0,0.0
Caio Bittencourt,182.9,185.0,190.5,32.6,0.6666666666666666,21,0.29,0.16,0.57,0.33,0.0,0.0,0.0,0.0
Mario Bautista,175.3,135.0,175.3,30.5,0.8571428571428571,21,5.52,0.5,4.17,0.54,2.49,0.38,0.57,1.1
Cezar Ferreira,185.4,185.0,198.1,38.9,0.6190476190476191,21,1.9,0.42,2.44,0.53,2.69,0.53,0.84,0.5
Brandon Girtz,170.2,155.0,182.9,38.8,0.6666666666666666,21,2.5,0.6,1.92,0.47,5.76,1.0,1.0,0.0
Daniel Spohn,193.0,205.0,200.7,39.2,0.7142857142857143,21,2.42,0.49,1.6,0.53,0.0,0.0,0.28,2.5
Alessio Di Chirico,182.9,185.0,188.0,34.1,0.65,20,3.32,0.39,3.44,0.61,1.46,0.39,0.83,0.0
Jared Hamman,190.5,185.0,190.5,41.8,0.7,20,5.15,0.42,3.93,0.55,1.57,0.46,0.3,0.0
Rogerio Bontorin,165.1,125.0,170.2,31.7,0.8,20,2.63,0.52,3.27,0.5,2.9,0.6,0.51,1.0
Ramiz Brahimaj,177.8,170.0,182.9,31.1,0.65,20,2.14,0.49,3.23,0.46,1.97,0.34,0.46,1.4
Kayla Harrison,172.7,135.0,167.6,33.5,0.95,20,4.29,0.62,1.1,0.66,2.84,0.37,1.0,0.9
Caio Borralho,185.4,185.0,190.5,31.0,0.9,20,3.47,0.56,2.61,0.6,1.25,0.5,0.76,0.4
Tatsuro Taira,170.2,125.0,177.8,23.9,0.9,20,2.87,0.54,3.1,0.44,3.57,0.43,0.46,1.3
Ashe Bowman,175.3,155.0,182.9,47.1,0.45,20,2.43,0.42,4.86,0.57,0.0,0.0,0.0,0.0
Matt Hamill,185.4,205.0,193.0,47.2,0.6,20,3.69,0.42,3.8,0.61,3.0,0.34,0.91,0.0
Tony Bonello,188.0,185.0,182.9,51.2,0.8,20,0.62,0.33,12.62,0.1,0.0,0.0,0.0,0.0
Jean Matsumoto,167.6,135.0,172.7,24.3,0.9,20,5.35,0.38,5.29,0.49,2.85,0.42,0.56,0.5
Kevin Jordan,190.5,245.0,182.9,53.0,0.55,20,2.0,0.4,1.91,0.55,0.0,0.0,0.77,0.6
Valmir Lazaro,182.9,155.0,185.4,38.4,0.75,20,4.87,0.37,4.09,0.61,1.33,0.4,0.96,0.0
Dusko Todorovic,185.4,185.0,188.0,29.6,0.65,20,4.52,0.57,4.2,0.48,2.03,0.24,0.4,0.3
Don'Tale Mayes,198.1,260.0,203.2,32.0,0.55,20,3.22,0.43,3.61,0.46,0.59,0.38,0.46,0.0
Eduardo Pamplona,180.3,170.0,182.9,50.9,0.8,20,0.0,0.0,0.0,0.0,0.0,0.0,0.0,0.0
Denis Tiuliulin,185.4,185.0,195.6,35.6,0.5,20,3.61,0.41,5.23,0.38,0.96,0.42,0.72,0.0
Viviane Araujo,162.6,125.0,172.7,37.1,0.65,20,3.84,0.47,4.83,0.55,1.72,0.43,0.75,0.6
Jose Delano,172.7,145.0,177.8,27.3,0.85,20,8.43,0.64,3.5,0.68,0.0,0.0,0.75,0.0
Ron Keslar,177.8,185.0,182.9,43.7,0.55,20,0.0,0.0,2.05,0.6,0.0,0.0,1.0,6.985999999999967
Issac DeJesus,177.8,145.0,182.9,36.8,0.6,20,0.0,0.0,0.0,0.0,0.0,0.0,0.0,0.0
Todd Brown,180.3,205.0,182.9,47.0,0.8,20,2.15,0.45,3.85,0.48,0.0,0.0,0.5,0.0
Larry Parker,180.3,205.0,182.9,59.08599999999997,0.65,20,0.0,0.0,0.0,0.0,0.0,0.0,0.0,0.0
CJ Vergara,167.6,125.0,172.7,32.5,0.6,20,5.02,0.56,4.69,0.53,0.0,0.0,0.6,0.2
Mark Munoz,182.9,185.0,180.3,45.9,0.7,20,3.12,0.51,2.26,0.57,3.17,0.29,0.57,0.6
Akira Kikuchi,172.7,155.0,182.9,45.4,0.8,20,3.67,0.56,0.4,0.14,2.0,0.4,1.0,0.0
Scott Holtzman,175.3,155.0,175.3,40.3,0.7,20,4.32,0.47,3.66,0.55,1.88,0.56,0.67,0.2
Erick Visconde,177.8,145.0,182.9,27.1,0.85,20,0.0,0.0,0.0,0.0,0.0,0.0,0.0,0.0
Tsuyoshi Kurihara,177.8,185.0,182.9,50.5,0.5,20,0.0,0.0,12.0,0.5,0.0,0.0,0.0,0.0
Cortney Casey,170.2,125.0,170.2,36.7,0.5,20,4.29,0.39,4.0,0.55,0.39,0.31,0.39,0.5
Rory Singer,188.0,185.0,195.6,47.6,0.55,20,2.55,0.39,2.42,0.63,0.39,0.25,0.64,0.8
Todd Medina,177.8,193.0,182.9,53.7,0.55,20,0.0,0.0,0.0,0.0,0.0,0.0,0.0,0.0
Elvis Sinosic,190.5,205.0,195.6,52.9,0.35,20,1.13,0.37,4.6,0.53,0.0,0.0,0.0,1.2
Danillo Villefort,185.4,185.0,182.9,40.7,0.75,20,2.86,0.37,2.4,0.68,1.71,0.66,0.33,1.7
David Velasquez,165.1,145.0,182.9,57.2,0.5,20,0.0,0.0,0.0,0.0,0.0,0.0,0.0,0.0
Edimilson Souza,182.9,145.0,188.0,39.2,0.75,20,4.65,0.44,2.91,0.58,0.0,0.0,0.5,0.0
Enson Inoue,177.8,210.0,182.9,56.7,0.6,20,1.7,0.63,1.88,0.3,0.0,0.0,0.33,0.0
Francis Ngannou,193.0,250.0,203.2,37.3,0.85,20,2.33,0.41,2.16,0.41,0.76,0.62,0.71,0.3
Roman Kopylov,182.9,185.0,190.5,31.7,0.75,20,4.54,0.5,5.08,0.53,1.12,0.5,0.88,0.0
Michael Kuiper,182.9,185.0,185.4,34.6,0.75,20,3.28,0.54,3.62,0.54,2.3,0.55,0.79,0.0
Brad Imes,198.1,265.0,182.9,46.8,0.65,20,2.73,0.31,4.24,0.49,1.72,0.71,0.0,1.0
Phillipe Nover,175.3,145.0,182.9,39.9,0.55,20,1.79,0.35,2.48,0.56,0.99,0.28,0.44,0.7
Jessica-Rose Clark,165.1,135.0,162.6,36.1,0.55,20,3.73,0.51,3.51,0.58,1.66,0.42,0.62,0.3
Jeremiah Metcalf,185.4,185.0,182.9,42.5,0.65,20,1.74,0.59,0.27,0.6,4.02,0.66,1.0,2.0
Joachim Christensen,190.5,205.0,193.0,45.1,0.7,20,3.78,0.41,3.29,0.46,0.0,0.0,0.0,0.0
Kaan Ofli,170.2,145.0,167.6,30.5,0.75,20,2.49,0.47,3.17,0.56,0.34,0.07,0.0,0.7
Justin James,177.8,155.0,182.9,47.1,0.65,20,1.34,0.36,2.68,0.5,0.0,0.0,0.5,1.6
Ariane Carnelossi,157.5,115.0,160.0,31.1,0.75,20,2.68,0.38,4.69,0.43,1.06,0.5,0.22,0.2
Shane Campbell,182.9,155.0,180.3,36.9,0.7,20,3.99,0.59,3.19,0.55,1.36,0.28,0.82,0.0
Tagir Ulanbekov,170.2,125.0,177.8,32.4,0.85,20,3.01,0.48,3.44,0.5,2.73,0.39,0.63,1.5
Zach Underwood,188.0,185.0,182.9,36.8,0.65,20,0.0,0.0,0.0,0.0,0.0,0.0,0.0,0.0
Myktybek Orolbai,177.8,170.0,188.0,25.9,0.8,20,2.7,0.52,2.49,0.52,8.22,0.59,0.36,0.4
Charlie Ontiveros,188.0,155.0,188.0,32.5,0.55,20,1.89,0.41,5.86,0.31,0.0,0.0,0.3,0.0
Vitaly Minakov,188.0,249.0,182.9,38.9,1.0,20,0.0,0.0,0.0,0.0,0.0,0.0,0.0,0.0
Jack Shore,172.7,145.0,180.3,28.9,0.85,20,3.6,0.58,2.31,0.56,3.22,0.39,0.74,0.6
Jimmy Crute,188.0,205.0,188.0,27.8,0.7,20,4.15,0.52,3.65,0.42,4.39,0.52,0.58,2.0
Alberto Crane,165.1,155.0,182.9,47.5,0.75,20,0.43,0.25,2.61,0.57,0.0,0.0,0.5,4.0
Will Campuzano,175.3,125.0,177.8,37.6,0.7,20,2.43,0.31,3.82,0.57,0.88,0.45,0.48,0.2
Liz Carmouche,167.6,125.0,167.6,39.9,0.65,20,2.78,0.54,2.51,0.61,2.57,0.51,0.65,0.3
Bo Cantrell,188.0,235.0,182.9,54.9,0.5,20,3.16,0.16,12.63,0.0,0.0,0.0,0.0,0.0
Joshua Van,165.1,125.0,165.1,22.2,0.9,20,8.26,0.57,5.83,0.57,0.7,0.61,0.75,0.3
Maria Oliveira,167.6,115.0,175.3,27.1,0.65,20,5.03,0.38,5.76,0.44,0.95,0.44,0.47,0.0
Darren Stewart,182.9,205.0,188.0,33.0,0.6,20,3.05,0.45,3.29,0.48,1.75,0.45,0.67,0.1
Kevin Knabjian,177.8,170.0,182.9,39.5,0.6,20,0.0,0.0,12.828599999999996,0.22,0.0,0.0,1.0,0.0
Joaquim Silva,172.7,155.0,175.3,34.9,0.7,20,3.43,0.43,4.17,0.53,0.34,0.5,0.7,0.8
Paulo Costa,185.4,205.0,182.9,32.7,0.8,20,6.15,0.59,5.96,0.49,0.3,0.42,0.77,0.0
Cezary Oleksiejczuk,190.5,185.0,190.5,24.0,0.85,20,1.99,0.75,0.77,0.47,5.77,0.85,1.0,0.0
Ryan McGivern,182.9,185.0,182.9,44.0,0.65,20,2.22,0.29,2.22,0.57,0.0,0.0,0.0,0.0
Ben Reiter,190.5,185.0,182.9,36.5,0.85,20,1.8,0.46,1.53,0.54,7.0,0.43,0.0,0.0
Victor Martinez,170.2,155.0,177.8,32.5,0.65,20,7.53,0.51,7.75,0.52,0.67,0.33,0.8,0.0
Andrew Sanchez,185.4,185.0,188.0,35.7,0.65,20,4.3,0.43,5.1,0.5,2.55,0.36,1.0,0.0
Chase Gormley,190.5,265.0,182.9,40.4,0.7,20,3.6,0.42,6.03,0.44,3.12,0.42,0.0,1.0
Glaico Franca Moreira,182.9,155.0,195.6,32.8,0.75,20,2.35,0.42,3.46,0.47,2.68,0.42,0.76,0.3
Sean Pierson,182.9,170.0,193.0,47.8,0.7,20,3.84,0.39,3.73,0.64,0.39,0.18,0.66,0.4
Jacob Rosales,180.3,155.0,188.0,28.4,0.65,20,7.19,0.46,10.66,0.44,1.12,0.18,0.5,0.6
Pingyuan Liu,167.6,135.0,182.9,30.9,0.65,20,2.36,0.33,2.99,0.54,0.25,0.2,0.56,1.0
Anthony Figueroa,162.6,135.0,182.9,36.8,0.55,20,2.37,0.48,3.77,0.49,0.0,0.0,0.58,0.0
Ronaldo Rodriguez,167.6,125.0,165.1,24.7,0.85,20,2.71,0.43,3.8,0.44,1.09,0.36,0.64,0.8
Angela Magana,157.5,115.0,165.1,40.4,0.55,20,1.53,0.28,4.92,0.42,0.4,0.25,0.28,0.4
Movsar Evloev,170.2,145.0,182.9,29.9,1.0,20,3.91,0.47,2.8,0.61,4.78,0.52,0.61,0.2
Lucas Rocha,160.0,125.0,162.6,23.4,0.9,20,5.09,0.49,3.67,0.56,1.64,0.75,0.76,0.0
Kultar Gill,182.9,154.0,182.9,44.8,0.6,20,1.14,0.5,0.4,0.41,1.71,0.66,0.38,0.0
Tim Williams,188.0,185.0,193.0,37.5,0.75,20,3.07,0.38,3.55,0.48,1.81,0.4,1.0,0.0
Codale Ford,175.3,170.0,182.9,44.6,0.55,20,0.0,0.0,0.0,0.0,0.0,0.0,0.0,0.0
Jesse Forbes,188.0,185.0,190.5,39.2,0.75,20,2.11,0.24,4.06,0.53,1.79,0.75,0.66,1.2
Matt Grice,172.7,145.0,177.8,42.4,0.75,20,4.09,0.53,2.69,0.56,2.19,0.37,0.82,0.5
Steve Lopez,180.3,155.0,182.9,39.4,0.65,20,1.39,0.24,2.69,0.62,0.0,0.0,0.37,0.0
Brendan Loughnane,177.8,145.0,177.8,34.1,0.85,20,6.23,0.63,6.7,0.53,1.5,0.3,0.92,0.0
Frankie Saenz,167.6,135.0,167.6,43.4,0.65,20,3.94,0.47,3.5,0.52,1.74,0.31,0.61,0.1
Bartosz Fabinski,182.9,170.0,190.5,37.7,0.75,20,2.23,0.68,1.46,0.51,7.1,0.7,0.8,0.0
Ikram Aliskerov,182.9,185.0,193.0,31.1,0.9,20,5.56,0.6,4.01,0.45,3.82,0.68,1.0,0.7
John Allan,185.4,205.0,190.5,30.9,0.65,20,3.56,0.42,5.74,0.52,1.4,0.71,0.5,0.8
Luiz Dutra,180.3,170.0,182.9,41.7,0.65,20,3.92,0.5,4.8,0.41,0.0,0.0,1.0,0.0
Mauricio Alonso,188.0,170.0,182.9,43.8,0.65,20,5.74,0.34,1.91,0.67,0.0,0.0,0.0,0.0
Lucas Almeida,180.3,145.0,180.3,32.9,0.75,20,4.94,0.39,5.36,0.44,0.0,0.0,0.53,0.0
Kenny Florian,177.8,145.0,188.0,47.6,0.7,20,2.41,0.4,1.85,0.63,2.22,0.33,0.6,1.3
Alejandro Flores,177.8,145.0,185.4,32.4,0.85,20,3.66,0.4,2.02,0.54,0.0,0.0,0.0,0.0
Jorge Gonzalez,188.0,205.0,193.0,39.8,0.8,20,0.0,0.0,0.0,0.0,0.0,0.0,0.0,0.0
Yoshihiro Akiyama,177.8,170.0,190.5,48.4,0.7,20,3.1,0.41,3.62,0.57,2.29,0.67,0.92,1.0
Cleber Luciano,167.6,155.0,182.9,36.8,0.7,20,0.0,0.0,0.0,0.0,0.0,0.0,0.0,0.0
Royce Gracie,185.4,175.0,182.9,57.1,0.75,20,0.88,0.41,1.13,0.37,0.0,0.0,0.66,0.8
Victor Madrigal,170.2,135.0,180.3,33.4,0.75,20,2.31,0.38,9.56,0.5,0.0,0.0,0.0,0.0
Vanessa Demopoulos,157.5,115.0,160.0,35.3,0.55,20,3.4,0.39,5.59,0.41,0.32,0.09,0.25,0.4
Zelg Galesic,188.0,185.0,182.9,44.9,0.55,20,4.86,0.62,0.61,0.66,1.3,1.0,0.2,1.3
Dave Phillips,182.9,185.0,182.9,44.0,0.65,20,0.0,0.0,2.0,0.25,0.0,0.0,0.0,6.985999999999967
Cody Pfister,177.8,155.0,185.4,33.5,0.65,20,1.41,0.25,2.8,0.51,2.82,0.3,0.0,0.0
Kenny Robertson,177.8,170.0,188.0,39.9,0.75,20,3.72,0.47,3.02,0.52,1.37,0.26,0.57,0.8
SuYoung You,167.6,135.0,165.1,28.1,0.8,20,2.15,0.47,2.01,0.68,4.26,0.47,0.66,0.4
Loopy Godinez,157.5,115.0,160.0,30.3,0.7,20,4.43,0.49,3.94,0.62,2.99,0.42,0.76,0.8
Abdul-Kareem Al-Selwady,172.7,155.0,175.3,28.7,0.8,20,4.61,0.41,3.43,0.6,1.47,0.23,0.54,0.0
Amir Albazi,165.1,125.0,172.7,30.2,0.85,20,2.47,0.33,3.88,0.59,1.18,0.25,0.62,0.4
Zach Light,172.7,170.0,182.9,49.9,0.45,20,0.81,0.33,1.9,0.48,1.36,1.0,0.0,0.0
Willie Peeters,175.3,220.0,182.9,58.2,0.45,20,0.0,0.0,0.0,0.0,0.0,0.0,0.0,0.0
Bogdan Grad,172.7,145.0,177.8,28.3,0.8,20,4.16,0.53,5.02,0.49,4.57,0.38,0.75,0.5
Junior Albini,190.5,264.0,188.0,32.8,0.7,20,3.98,0.51,6.08,0.52,1.54,0.37,1.0,0.0
Wagnney Fabiano,167.6,145.0,175.3,48.5,0.8,20,1.19,0.38,0.66,0.7,3.44,0.64,1.0,0.4
Chris Gruetzemacher,172.7,155.0,172.7,37.5,0.75,20,6.18,0.57,4.96,0.52,0.21,0.5,0.65,0.0
Nick Piedmont,177.8,145.0,182.9,36.8,0.6,20,0.0,0.0,0.0,0.0,0.0,0.0,0.0,0.0
Per Eklund,177.8,155.0,182.9,43.1,0.7,20,2.07,0.61,2.38,0.67,2.07,0.11,0.5,3.6
Brunno Ferreira,177.8,185.0,182.9,31.2,0.75,20,3.08,0.45,3.8,0.5,0.83,0.22,0.51,0.5
Reza Madadi,180.3,155.0,185.4,45.5,0.7,20,2.51,0.46,3.31,0.66,3.17,0.33,0.89,0.5
Lerryan Douglas,175.3,145.0,182.9,28.7,0.7,20,6.42,0.6,4.75,0.55,0.0,0.0,0.0,0.0
Dean Lister,185.4,185.0,190.5,47.9,0.65,20,1.26,0.35,1.89,0.61,1.58,0.15,0.5,1.1
Amanda Ribas,162.6,115.0,167.6,30.3,0.65,20,4.26,0.39,3.29,0.6,2.05,0.52,0.82,0.6
Olaf Alfonso,188.0,170.0,182.9,49.4,0.4,20,1.65,0.38,4.77,0.53,0.37,0.07,0.22,0.7
Montel Jackson,177.8,135.0,190.5,31.7,0.8,20,3.06,0.52,1.42,0.6,2.58,0.62,0.66,0.4
Trenell Young,167.6,145.0,182.9,47.5,0.55,20,1.43,0.22,5.13,0.5,1.13,0.2,0.0,1.1
Borislav Nikolic,175.3,135.0,182.9,30.9,0.8947368421052632,19,3.8,0.38,2.8,0.58,1.0,1.0,0.62,2.0
Joe Charles,185.4,260.0,182.9,36.8,0.3157894736842105,19,0.0,0.0,0.0,0.0,0.0,0.0,0.0,0.0
Brian Lo-A-Njoe,170.2,155.0,182.9,47.9,0.3157894736842105,19,3.87,0.42,0.0,0.0,0.0,0.0,0.66,0.0
Michael Imperato,170.2,135.0,167.6,34.3,0.631578947368421,19,1.93,0.48,2.67,0.6,1.0,0.12,0.0,1.0
James Llontop,182.9,155.0,185.4,24.4,0.7368421052631579,19,5.57,0.41,4.12,0.57,0.0,0.0,0.54,0.0
William Gomis,182.9,145.0,185.4,26.6,0.7894736842105263,19,3.2,0.48,2.6,0.61,0.73,0.38,0.77,0.3
Jake Lindsey,180.3,155.0,182.9,37.5,0.631578947368421,19,3.44,0.52,4.01,0.46,0.65,0.33,0.5,0.0
Nate Maness,177.8,125.0,182.9,32.5,0.8421052631578947,19,3.14,0.5,3.88,0.42,0.68,0.75,0.8,0.7
Tatsuya Ando,162.6,145.0,172.7,33.7,0.7368421052631579,19,0.93,0.19,4.93,0.5,0.0,0.0,0.0,0.0
James Barnes,172.7,135.0,180.3,41.6,0.7368421052631579,19,0.57,0.34,3.02,0.39,1.08,0.16,0.4,0.0
Cristiano Marcello,175.3,155.0,182.9,46.1,0.6842105263157895,19,2.56,0.33,3.61,0.58,0.44,0.11,0.2,0.9
Sabah Homasi,182.9,170.0,182.9,35.2,0.5789473684210527,19,4.98,0.48,6.91,0.47,2.8,0.5,0.66,0.0
Bobby Cooper,185.4,155.0,182.9,36.8,0.631578947368421,19,2.87,0.25,3.4,0.59,0.0,0.0,0.4,1.0
Lorenzo Hood,190.5,265.0,203.2,34.8,0.7368421052631579,19,2.64,0.61,4.66,0.11,0.0,0.0,1.0,0.0
Vinc Pichel,177.8,155.0,182.9,41.1,0.7368421052631579,19,3.78,0.46,3.17,0.54,2.5,0.51,0.31,0.2
Aaron Pico,172.7,145.0,177.8,27.3,0.7368421052631579,19,6.16,0.53,3.11,0.45,6.54,0.5,0.0,0.0
Steve Erceg,172.7,125.0,172.7,28.4,0.7368421052631579,19,4.56,0.46,4.14,0.55,1.09,0.27,0.67,0.4
Jake O'Brien,190.5,205.0,193.0,39.3,0.7894736842105263,19,1.31,0.31,1.92,0.69,6.39,0.54,0.25,0.2
Jeremiah Constant,185.4,240.0,182.9,49.5,0.5789473684210527,19,1.5,0.75,3.25,0.43,0.0,0.0,0.0,6.985999999999967
Daniel Marcos,170.2,135.0,175.3,30.8,0.9473684210526315,19,4.9,0.53,3.79,0.61,1.35,0.52,0.85,0.1
Brian Sleeman,172.7,185.0,182.9,36.8,0.47368421052631576,19,4.0,0.48,1.85,0.7,8.49,1.0,1.0,0.0
SeungWoo Choi,182.9,145.0,188.0,31.2,0.5789473684210527,19,3.56,0.38,3.16,0.47,0.83,0.54,0.7,0.0
Junya Kudo,177.8,135.0,182.9,40.8,0.5263157894736842,19,1.85,0.71,4.44,0.33,0.0,0.0,0.0,0.0
Cameron Smotherman,175.3,135.0,175.3,26.3,0.631578947368421,19,3.97,0.37,3.57,0.58,0.0,0.0,0.62,0.0
Ansar Chalangov,175.3,170.0,182.9,44.2,0.7368421052631579,19,0.68,0.66,1.69,0.54,0.0,0.0,0.0,6.985999999999967
Shohei Nose,167.6,135.0,172.7,26.2,0.631578947368421,19,1.52,0.37,2.17,0.52,2.23,0.17,0.14,3.6
Fabio Mello,165.1,155.0,182.9,48.5,0.5789473684210527,19,0.86,0.35,3.94,0.5,0.0,0.0,0.0,0.0
Joe Solecki,175.3,155.0,177.8,30.3,0.6842105263157895,19,1.97,0.53,1.85,0.5,2.06,0.48,0.14,1.4
Anthony Christodoulou,175.3,155.0,182.9,36.4,0.631578947368421,19,2.19,0.26,5.9,0.45,0.0,0.0,0.4,0.0
Emrah Sonmez,177.8,145.0,180.3,31.5,0.7368421052631579,19,1.47,0.46,1.73,0.48,5.0,0.21,0.0,0.0
Vanessa Melo,165.1,135.0,165.1,35.8,0.5789473684210527,19,3.48,0.3,6.13,0.59,0.0,0.0,0.71,0.0
Andreas Michailidis,182.9,170.0,193.0,35.5,0.6842105263157895,19,2.9,0.51,3.57,0.44,1.12,0.27,0.5,0.0
Jack Becker,177.8,155.0,180.3,31.0,0.6842105263157895,19,1.01,0.39,5.82,0.26,1.68,0.5,0.0,0.0
Teruto Ishihara,170.2,135.0,175.3,32.4,0.5263157894736842,19,3.26,0.44,3.63,0.53,0.5,0.16,0.3,0.0
Zhang Tiequan,172.7,155.0,175.3,45.4,0.7894736842105263,19,1.23,0.36,2.14,0.51,1.95,0.58,0.75,3.4
Kevin Burns,177.8,170.0,188.0,43.8,0.631578947368421,19,2.74,0.38,4.3,0.52,0.28,0.5,0.47,0.8
Lu Zhengyong,177.8,125.0,182.9,36.8,0.631578947368421,19,0.0,0.0,0.0,0.0,0.0,0.0,0.0,0.0
Francisco France,182.9,205.0,182.9,40.9,0.6842105263157895,19,0.54,0.33,3.51,0.27,0.0,0.0,0.0,6.1
Ricky Turcios,175.3,145.0,180.3,30.6,0.6842105263157895,19,4.68,0.39,3.84,0.51,0.85,0.17,0.44,0.3
Edgar Garcia,177.8,170.0,180.3,39.9,0.7368421052631579,19,3.16,0.29,4.23,0.6,2.21,0.57,0.5,0.6
Josh Bryant,177.8,185.0,182.9,43.7,0.7894736842105263,19,1.1,0.2,6.1,0.43,0.0,0.0,0.0,0.0
Fernando Bruno,167.6,145.0,182.9,41.9,0.7894736842105263,19,1.75,0.39,1.78,0.48,2.02,0.22,0.56,0.5
Esteban Ribovics,177.8,155.0,175.3,27.7,0.8421052631578947,19,7.43,0.43,5.74,0.54,0.32,0.66,0.66,0.2
Mike Joy,167.6,155.0,182.9,38.5,0.5789473684210527,19,0.57,0.33,1.71,0.47,0.78,0.33,0.0,2.3
Dan Moret,182.9,155.0,185.4,37.1,0.6842105263157895,19,2.67,0.43,3.56,0.43,1.25,0.27,0.45,0.4
Herman Terrado,177.8,170.0,182.9,34.3,0.7894736842105263,19,0.0,0.0,0.0,0.0,0.0,0.0,0.0,0.0
Michael Morales,182.9,170.0,200.7,24.5,1.0,19,5.68,0.49,3.26,0.53,1.04,0.41,0.89,0.0
Antonio Trocoli,195.6,185.0,203.2,33.1,0.631578947368421,19,1.27,0.47,5.3,0.26,0.88,0.09,0.42,0.4
Shavkat Rakhmonov,185.4,170.0,195.6,29.2,1.0,19,3.25,0.6,2.17,0.51,1.4,0.25,0.85,1.2
War Machine,180.3,170.0,182.9,42.1,0.7368421052631579,19,2.32,0.6,3.17,0.43,1.16,0.5,0.4,0.0
Hiromitsu Miura,175.3,170.0,180.3,42.3,0.631578947368421,19,2.12,0.34,2.12,0.58,2.23,0.5,0.69,0.6
Paul Kelly,175.3,155.0,177.8,39.3,0.7368421052631579,19,3.22,0.37,2.61,0.59,1.34,0.6,0.3,1.5
Ian Machado Garry,190.5,170.0,188.0,26.1,0.8947368421052632,19,4.29,0.53,2.59,0.52,0.8,0.31,0.71,0.3
Bryan Travers,177.8,155.0,182.9,40.7,0.7894736842105263,19,2.33,0.48,3.93,0.55,2.0,0.28,0.63,0.0
Denys Bondar,167.6,125.0,175.3,31.5,0.7368421052631579,19,4.59,0.5,5.16,0.56,3.99,0.58,0.62,0.0
Elias Theodorou,185.4,185.0,190.5,35.6,0.8421052631578947,19,4.19,0.42,2.39,0.53,1.27,0.28,0.59,0.0
Abdul Razak Alhassan,177.8,185.0,185.4,38.4,0.631578947368421,19,3.64,0.49,4.01,0.54,0.84,0.33,0.51,0.2
Mike French,177.8,145.0,182.9,48.6,0.47368421052631576,19,0.23,0.23,2.17,0.42,0.0,0.0,0.22,1.0
Bruna Brasil,167.6,115.0,165.1,30.3,0.5789473684210527,19,2.56,0.57,3.75,0.52,1.23,0.52,0.57,0.1
Losene Keita,170.2,145.0,182.9,26.0,0.8947368421052632,19,3.91,0.46,3.97,0.64,0.0,0.0,1.0,0.0
Paul Redmond,177.8,145.0,182.9,37.2,0.631578947368421,19,0.72,0.34,2.99,0.41,0.0,0.0,0.5,0.0
Daniel Zellhuber,185.4,155.0,195.6,24.5,0.7894736842105263,19,5.45,0.38,6.17,0.54,0.14,0.25,0.81,0.3
Tito Jones,172.7,145.0,182.9,42.4,0.5789473684210527,19,0.0,0.0,0.0,0.0,0.0,0.0,0.0,0.0
Luan Chagas,182.9,170.0,190.5,30.5,0.7894736842105263,19,4.16,0.47,3.19,0.62,0.32,0.12,0.85,0.3
Jack Jenkins,170.2,145.0,172.7,30.2,0.7368421052631579,19,4.25,0.59,3.08,0.58,1.7,0.48,0.73,0.3
Leandro Issa,170.2,135.0,175.3,40.3,0.6842105263157895,19,2.08,0.37,3.17,0.58,2.38,0.22,0.5,1.2
Magnus Cedenblad,195.6,185.0,200.7,41.7,0.7368421052631579,19,2.38,0.51,3.02,0.4,2.87,0.64,0.66,1.0
Rafael Cavalcante,185.4,205.0,188.0,43.7,0.631578947368421,19,2.71,0.53,3.62,0.49,0.6,0.4,0.63,0.1
Klidson Abreu,182.9,205.0,188.0,31.0,0.7894736842105263,19,2.05,0.4,2.9,0.55,0.64,0.2,0.8,0.0
Francisco Figueiredo,167.6,125.0,172.7,34.2,0.6842105263157895,19,2.04,0.61,2.59,0.61,2.51,0.75,0.76,0.4
Nicdali Rivera-Calanoc,160.0,115.0,182.9,38.6,0.47368421052631576,19,1.82,0.2,2.42,0.78,0.0,0.0,0.0,0.0
Abu Azaitar,175.3,185.0,193.0,37.8,0.7368421052631579,19,4.38,0.43,4.32,0.51,1.0,0.37,0.42,0.0
Rolando Bedoya,180.3,155.0,188.0,27.0,0.7368421052631579,19,6.23,0.47,5.5,0.52,0.0,0.0,0.75,0.2
Jasmine Jasudavicius,170.2,125.0,172.7,34.8,0.7894736842105263,19,3.47,0.44,3.46,0.51,2.63,0.46,0.75,0.5
Rafael Fiziev,172.7,155.0,180.3,30.8,0.7368421052631579,19,4.71,0.52,4.81,0.5,1.0,0.71,0.9,0.0
Kenny Giddens,180.3,155.0,182.9,38.9,0.631578947368421,19,0.0,0.0,0.0,0.0,0.0,0.0,0.0,0.0
Zabit Magomedsharipov,185.4,145.0,185.4,32.8,0.9473684210526315,19,4.89,0.48,3.0,0.64,5.22,0.56,0.77,0.8
Yusaku Nakamura,165.1,145.0,182.9,37.5,0.7368421052631579,19,1.72,0.45,3.67,0.55,0.0,0.0,0.83,0.0
Willie Gates,172.7,125.0,182.9,36.9,0.631578947368421,19,1.8,0.38,4.28,0.38,0.0,0.0,0.67,0.4
Joe Pyfer,188.0,185.0,190.5,27.3,0.8421052631578947,19,3.52,0.44,3.22,0.52,1.45,0.3,0.62,0.9
Gustavo Lopez,165.1,135.0,170.2,34.5,0.631578947368421,19,2.48,0.4,3.87,0.57,1.74,0.41,0.31,0.7
Kevin Vallejos,170.2,145.0,172.7,22.1,0.9473684210526315,19,6.12,0.48,4.41,0.57,0.66,0.28,0.84,0.0
Albert Rios,172.7,145.0,182.9,36.8,0.6842105263157895,19,0.0,0.0,0.0,0.0,0.0,0.0,0.0,0.0
Daisuke Sugie,167.6,160.0,182.9,43.2,0.5263157894736842,19,0.0,0.0,0.22,0.7985999999999968,3.27,0.5,0.0,3.3
Brett Johns,170.2,135.0,180.3,31.9,0.8947368421052632,19,2.86,0.49,3.84,0.53,4.92,0.49,0.58,1.0
Ho Bae Myeon,180.3,168.0,182.9,37.2,0.6842105263157895,19,3.16,0.16,3.16,0.7985999999999968,0.0,0.0,0.0,0.0
Robert Valentin,188.0,185.0,195.6,28.8,0.6842105263157895,19,1.15,0.54,2.37,0.32,1.01,0.66,0.52,2.5
Charlie Valencia,160.0,135.0,162.6,49.2,0.631578947368421,19,2.58,0.37,2.61,0.77,1.4,0.53,0.75,0.5
HanSeul Kim,185.4,170.0,185.4,33.5,0.6842105263157895,19,5.79,0.42,5.68,0.52,0.0,0.0,0.5,1.7
Lerone Murphy,175.3,145.0,185.4,32.4,0.8947368421052632,19,4.34,0.51,2.65,0.6,1.2,0.54,0.44,0.5
Dennis Buzukja,175.3,145.0,177.8,26.3,0.631578947368421,19,4.28,0.44,4.76,0.48,0.55,0.27,0.72,0.2
Vadym Kutsyi,182.9,170.0,180.3,32.5,0.8947368421052632,19,5.53,0.48,4.94,0.55,3.53,0.4,0.0,0.0
Teddy Ash,185.4,185.0,185.4,34.0,0.7368421052631579,19,7.27,0.61,6.8,0.28,0.0,0.0,1.0,0.0
Sara McMann,167.6,135.0,167.6,43.3,0.6842105263157895,19,2.26,0.46,1.92,0.47,4.38,0.65,0.5,0.5
Scott Harper,182.9,185.0,182.9,51.7,0.631578947368421,19,1.3,0.54,4.98,0.47,3.25,1.0,0.0,0.0
Sam Patterson,190.5,170.0,198.1,27.7,0.7894736842105263,19,3.58,0.41,2.82,0.59,0.67,0.5,0.5,1.3
Alan Patrick,180.3,155.0,188.0,40.5,0.7894736842105263,19,1.82,0.4,2.95,0.43,3.01,0.33,0.43,0.3
Jeremiah Wells,175.3,170.0,188.0,37.2,0.7368421052631579,19,2.21,0.44,1.43,0.44,2.81,0.48,0.45,1.3
Casey Olson,170.2,145.0,182.9,36.8,0.7368421052631579,19,2.48,0.6,0.0,0.7985999999999968,3.54,0.57,1.0,1.8
Azunna Anyanwu,185.4,251.0,182.9,42.4,0.7368421052631579,19,2.47,0.42,2.47,0.69,0.65,1.0,0.0,0.0
Stephen Palling,162.6,143.0,182.9,56.9,0.5789473684210527,19,0.0,0.0,0.0,0.0,0.0,0.0,0.0,0.0
Gerric Hayes,177.8,155.0,182.9,43.2,0.42105263157894735,19,0.0,0.0,0.0,0.0,0.0,0.0,0.0,0.0
Drew McFedries,182.9,185.0,182.9,45.4,0.631578947368421,19,5.13,0.51,4.56,0.52,1.42,1.0,0.56,0.7
Koichiro Matsumoto,170.2,145.0,182.9,37.8,0.7894736842105263,19,1.9,0.26,3.5,0.31,0.0,0.0,0.0,0.0
Julianna Pena,167.6,135.0,175.3,34.4,0.6842105263157895,19,3.1,0.44,2.56,0.57,1.7,0.54,0.24,0.8
Reuben Duran,170.2,135.0,180.3,40.5,0.5789473684210527,19,3.19,0.49,2.61,0.5,0.98,0.23,0.25,0.7
Harry Hardwick,172.7,145.0,180.3,29.3,0.6842105263157895,19,5.47,0.42,8.54,0.44,0.0,0.0,0.0,0.0
Jerrod Sanders,172.7,135.0,182.9,44.3,0.8421052631578947,19,0.88,0.64,1.14,0.46,2.2,0.33,0.5,1.6
Won Sik Park,180.3,154.0,182.9,37.0,0.5789473684210527,19,2.6,0.43,2.2,0.47,0.0,0.0,0.0,0.0
Felipe Olivieri,175.3,155.0,182.9,38.7,0.7368421052631579,19,6.68,0.58,4.6,0.57,0.0,0.0,0.71,0.0
Robert Densley,175.3,155.0,182.9,36.8,0.47368421052631576,19,1.81,0.47,0.4,0.6,0.0,0.0,0.5,0.0
John Hathaway,185.4,170.0,190.5,36.4,0.8947368421052632,19,3.4,0.4,1.8,0.62,2.61,0.43,0.6,0.9
Koyomi Matsushima,170.2,145.0,167.6,31.2,0.6842105263157895,19,2.7,0.47,2.83,0.59,8.49,0.52,0.33,0.0
Tamdan McCrory,193.0,185.0,193.0,37.2,0.7368421052631579,19,2.07,0.49,1.6,0.46,2.28,0.5,0.33,2.5
Nick Hein,167.6,155.0,167.6,39.7,0.7368421052631579,19,2.65,0.35,3.61,0.59,0.86,0.33,0.83,0.0
Ido Pariente,172.7,155.0,182.9,45.3,0.6842105263157895,19,0.0,0.0,2.86,0.45,0.0,0.0,0.0,0.0
Justin Salas,172.7,155.0,177.8,41.8,0.631578947368421,19,3.42,0.43,2.96,0.68,2.43,0.2,0.0,0.0
Alice Ardelean,160.0,115.0,160.0,31.7,0.631578947368421,19,7.0,0.46,4.97,0.61,1.08,0.5,0.85,0.2
Godofredo Pepey,170.2,145.0,185.4,36.5,0.6842105263157895,19,2.32,0.38,3.23,0.47,0.37,0.07,0.35,1.5
Josh Grispi,180.3,145.0,188.0,35.2,0.7368421052631579,19,1.44,0.41,3.71,0.5,1.97,0.36,0.16,2.2
Anthony Hernandez,182.9,185.0,190.5,30.2,0.7894736842105263,19,4.42,0.6,3.69,0.48,5.25,0.4,0.68,1.4
Henrique da Silva,190.5,205.0,193.0,34.3,0.7368421052631579,19,3.89,0.6,5.28,0.4,0.25,0.14,0.22,0.2
Adrian Luna Martinetti,172.7,135.0,180.3,28.4,0.8947368421052632,19,8.8,0.58,9.3,0.47,2.0,0.33,1.0,0.0
Jeka Saragih,172.7,145.0,175.3,29.0,0.7368421052631579,19,2.75,0.5,2.82,0.4,2.17,0.8,0.66,0.5
Acacio Dos Santos,193.0,205.0,200.7,32.3,0.7368421052631579,19,1.27,0.41,1.4,0.43,0.0,0.0,0.31,0.0
Dustin Hazelett,185.4,170.0,193.0,37.7,0.631578947368421,19,2.24,0.4,3.51,0.46,0.55,0.5,0.25,4.1
Kenichi Yamamoto,182.9,170.0,182.9,47.5,0.2631578947368421,19,0.3,0.46,1.93,0.38,0.0,0.0,0.1,0.3
Ian Heinisch,180.3,185.0,182.9,35.4,0.7368421052631579,19,3.25,0.5,2.98,0.59,1.02,0.17,0.59,0.7
Garreth McLellan,185.4,185.0,182.9,41.3,0.6842105263157895,19,3.56,0.54,2.94,0.45,1.15,0.22,0.34,0.9
Brennan Ward,177.8,170.0,180.3,35.5,0.7368421052631579,19,7.2,0.6,2.76,0.52,0.0,0.0,1.0,3.6
Chris Daukaus,190.5,205.0,193.0,34.3,0.631578947368421,19,6.05,0.5,4.64,0.55,0.0,0.0,1.0,0.0
Curt Warburton,182.9,155.0,185.4,36.8,0.6842105263157895,19,2.13,0.42,3.44,0.43,2.35,0.5,0.83,0.9
Matthew Semelsberger,185.4,170.0,190.5,31.1,0.5789473684210527,19,3.77,0.42,4.24,0.54,1.01,0.57,0.45,0.4
Corey Anderson,190.5,205.0,200.7,34.3,0.7368421052631579,19,4.43,0.46,2.22,0.59,4.89,0.5,0.83,0.0
Ian McCall,165.1,125.0,162.6,39.7,0.6842105263157895,19,3.59,0.39,3.25,0.67,2.08,0.3,0.88,0.0
Mike Easton,167.6,135.0,177.8,39.9,0.6842105263157895,19,3.51,0.37,4.28,0.61,0.75,0.22,0.66,0.0
Samuel Silva,182.9,155.0,182.9,28.0,0.6842105263157895,19,2.58,0.27,8.61,0.37,0.0,0.0,0.0,0.0
Andre Petroski,182.9,185.0,185.4,32.6,0.6842105263157895,19,2.81,0.49,2.79,0.53,3.15,0.51,0.86,1.3
Alex White,182.9,155.0,180.3,35.2,0.6842105263157895,19,3.76,0.42,3.07,0.6,0.92,0.28,0.71,0.5
Clay Harvison,185.4,170.0,188.0,43.3,0.6842105263157895,19,3.29,0.48,3.91,0.58,0.66,1.0,0.68,1.3
Karen Darabedyan,170.2,155.0,172.7,37.0,0.6842105263157895,19,3.43,0.51,2.62,0.67,2.14,0.75,0.0,0.0
Ricardo Arona,180.3,205.0,182.9,45.5,0.7368421052631579,19,1.66,0.48,1.15,0.57,2.41,0.48,0.58,1.2
Mark Vologdin,160.0,135.0,165.1,23.7,0.631578947368421,19,5.56,0.45,7.93,0.45,1.33,0.26,0.5,0.0
Coty Wheeler,167.6,135.0,170.2,45.2,0.7368421052631579,19,1.88,0.22,3.16,0.59,0.87,0.37,0.33,2.6
Mairon Santos,170.2,145.0,182.9,23.6,0.9473684210526315,19,3.33,0.48,2.24,0.65,0.0,0.0,0.69,0.0
Wu Yanan,172.7,135.0,167.6,27.7,0.6842105263157895,19,4.23,0.41,4.95,0.49,0.62,0.3,0.63,0.2
Hakeem Dawodu,172.7,145.0,185.4,32.5,0.7222222222222222,18,5.45,0.5,3.37,0.56,0.0,0.0,0.65,0.0
Ivan Lopez,167.6,135.0,182.9,36.8,0.7777777777777778,18,0.9,0.26,2.24,0.65,0.0,0.0,0.3,0.0
Shamil Gaziev,193.0,265.0,198.1,33.9,0.8333333333333334,18,2.9,0.45,4.86,0.45,1.03,0.33,0.83,0.3
Magomed Mustafaev,172.7,155.0,180.3,35.4,0.7777777777777778,18,2.59,0.58,2.68,0.41,3.31,0.5,0.23,0.4
Niklas Stolze,185.4,155.0,188.0,31.0,0.6666666666666666,18,2.12,0.48,2.25,0.49,0.66,1.0,0.55,0.7
Brock Jardine,180.3,170.0,182.9,38.5,0.6666666666666666,18,1.06,0.3,3.34,0.56,0.0,0.0,0.14,0.8
Nicholas Musoke,182.9,170.0,190.5,37.7,0.7222222222222222,18,3.56,0.35,3.8,0.57,1.16,0.19,0.82,0.2
KyuSung Kim,180.3,125.0,175.3,31.2,0.6666666666666666,18,1.53,0.53,0.87,0.69,0.0,0.0,0.33,0.0
Paul Varelans,198.1,265.0,182.9,54.3,0.5,18,0.0,0.0,0.0,0.0,0.0,0.0,0.0,0.0
Ryan Benoit,165.1,125.0,172.7,34.4,0.5555555555555556,18,2.88,0.39,3.65,0.58,0.28,0.22,0.72,0.4
Tulio Palhares,177.8,180.0,182.9,36.8,0.1111111111111111,18,0.0,0.0,0.0,0.0,0.0,0.0,0.0,0.0
Colleen Schneider,177.8,135.0,182.9,41.8,0.6111111111111112,18,2.17,0.48,2.5,0.5,2.5,0.5,0.6,0.0
Ji Yeon Kim,170.2,125.0,182.9,34.2,0.5,18,5.37,0.36,5.41,0.56,0.0,0.0,0.5,0.1
Cam Rowston,190.5,185.0,198.1,29.0,0.8333333333333334,18,4.6,0.48,2.12,0.52,1.34,0.44,0.33,0.3
Ricardo Almeida,182.9,170.0,188.0,47.1,0.7222222222222222,18,2.02,0.49,1.2,0.61,3.74,0.38,0.31,1.2
Chris Duncan,177.8,155.0,180.3,30.6,0.8333333333333334,18,4.83,0.45,4.57,0.5,2.92,0.4,0.55,0.6
Nick Ring,182.9,185.0,188.0,44.9,0.7777777777777778,18,3.52,0.42,3.48,0.62,1.36,0.36,0.52,0.3
Guido Cannetti,167.6,135.0,172.7,44.0,0.5555555555555556,18,3.44,0.55,2.84,0.51,2.27,0.55,0.64,0.4
Ricky Calatayud,175.3,125.0,182.9,41.2,0.8888888888888888,18,0.0,0.0,0.0,0.0,0.0,0.0,0.0,0.0
Jesse Lennox,175.3,170.0,182.9,41.8,0.7777777777777778,18,2.69,0.32,3.2,0.64,1.22,0.66,0.63,0.3
Geraldo de Freitas,170.2,135.0,182.9,32.3,0.6666666666666666,18,3.67,0.52,2.62,0.5,3.0,0.45,0.59,0.0
Shara Magomedov,188.0,185.0,185.4,29.6,0.9444444444444444,18,5.55,0.62,3.62,0.45,0.0,0.0,0.73,0.0
Kamuela Kirk,177.8,155.0,190.5,29.7,0.6666666666666666,18,3.22,0.5,5.87,0.4,1.5,0.26,0.47,1.2
Philip De Fries,195.6,250.0,200.7,37.7,0.6666666666666666,18,2.3,0.47,3.0,0.37,3.29,0.42,1.0,0.6
Muhammad Naimov,175.3,145.0,177.8,29.4,0.7222222222222222,18,2.48,0.39,3.44,0.44,1.45,0.3,0.68,0.2
Phil Hawes,182.9,185.0,195.6,35.0,0.6666666666666666,18,5.33,0.59,3.72,0.55,2.11,0.34,0.9,0.2
Francisco Rivera,172.7,135.0,177.8,42.2,0.6111111111111112,18,4.07,0.41,3.16,0.68,1.01,0.63,0.68,0.6
Tiki Ghosn,177.8,170.0,182.9,46.9,0.5555555555555556,18,2.78,0.46,2.94,0.58,0.41,0.5,0.61,0.0
Tom Duquesnoy,170.2,135.0,172.7,30.5,0.8888888888888888,18,3.83,0.45,5.3,0.62,0.42,0.25,0.46,0.0
James Giboo,180.3,170.0,182.9,46.0,0.7222222222222222,18,1.2,0.27,7.08,0.39,0.0,0.0,0.0,0.0
Mandel Nallo,182.9,155.0,190.5,34.4,0.7777777777777778,18,8.26,0.58,5.03,0.54,0.0,0.0,1.0,0.0
Shane Burgos,180.3,145.0,190.5,32.8,0.8333333333333334,18,7.4,0.52,6.78,0.56,0.43,0.44,0.91,0.4
Dae Won Kim,180.3,180.0,182.9,44.2,0.6111111111111112,18,1.75,0.32,2.51,0.36,3.43,0.42,0.0,0.0
Robert Whiteford,175.3,145.0,175.3,40.7,0.7777777777777778,18,2.33,0.46,1.99,0.62,1.9,0.3,0.45,0.0
Juan Diaz,172.7,135.0,175.3,25.6,0.8888888888888888,18,3.72,0.41,3.4,0.59,5.5,0.5,0.0,0.8
Dong Huaxiang,160.0,115.0,160.0,25.4,0.7777777777777778,18,3.22,0.53,3.44,0.65,4.0,0.35,0.66,0.0
James Lee,180.3,205.0,182.9,50.3,0.8333333333333334,18,1.4,0.42,3.72,0.27,8.49,0.5,0.0,6.985999999999967
Alex Reyes,180.3,155.0,185.4,37.2,0.7222222222222222,18,4.46,0.46,6.92,0.48,1.5,0.28,0.0,0.0
Daniil Donchenko,180.3,170.0,180.3,22.4,0.8888888888888888,18,7.14,0.61,2.14,0.73,0.37,0.25,0.66,0.0
Kazuma Maruyama,180.3,155.0,182.9,31.5,0.6111111111111112,18,3.83,0.41,2.23,0.53,4.79,0.33,1.0,0.0
Eduardo Torres Caut,170.2,135.0,177.8,28.7,0.8888888888888888,18,1.1,0.34,1.24,0.65,2.06,0.33,0.5,0.0
Augusto Montano,185.4,170.0,185.4,39.2,0.8333333333333334,18,3.46,0.46,2.66,0.56,0.0,0.0,0.66,0.0
Matt Frevola,175.3,155.0,180.3,33.6,0.6111111111111112,18,3.3,0.39,3.76,0.56,2.34,0.41,0.4,0.8
Alexandru Lungu,182.9,265.0,182.9,49.3,0.7777777777777778,18,3.61,0.66,7.22,0.4,0.0,0.0,0.0,0.0
Johnny Rees,182.9,170.0,182.9,41.2,0.7222222222222222,18,3.29,0.64,0.84,0.47,1.15,0.25,0.5,0.0
Rolando Delgado,190.5,155.0,195.6,42.1,0.6111111111111112,18,1.56,0.4,1.83,0.62,1.17,0.22,0.0,3.5
Roger Bowling,175.3,155.0,172.7,41.1,0.6666666666666666,18,3.9,0.47,3.86,0.51,3.09,0.43,0.27,0.9
Darrell Montague,167.6,125.0,170.2,36.2,0.7222222222222222,18,1.92,0.25,5.38,0.52,0.72,0.25,0.33,1.4
Chris Tickle,175.3,155.0,182.9,41.9,0.5,18,1.07,0.4,1.13,0.43,1.0,0.25,0.2,2.0
Ray Borg,162.6,135.0,160.0,30.4,0.7222222222222222,18,1.52,0.52,1.93,0.48,3.89,0.5,0.46,1.0
Jermaine Andre,170.2,200.0,182.9,50.5,0.7777777777777778,18,0.0,0.0,0.0,0.0,0.0,0.0,0.0,0.0
Marion Reneau,167.6,135.0,172.7,46.5,0.5,18,3.2,0.41,3.52,0.59,0.62,0.63,0.5,0.8
Marcos Degli,167.6,125.0,170.2,23.6,0.8333333333333334,18,1.95,0.67,0.51,0.75,4.61,0.5,0.0,4.6
Bobby Moffett,177.8,145.0,185.4,33.6,0.7222222222222222,18,3.41,0.39,3.15,0.61,2.74,0.66,0.66,1.4
Chance Rencountre,188.0,170.0,190.5,37.0,0.7777777777777778,18,1.1,0.2,3.62,0.49,1.35,0.26,0.16,0.3
Rodolfo Bellato,190.5,205.0,195.6,27.9,0.7222222222222222,18,4.94,0.59,5.73,0.45,1.17,0.35,0.95,0.2
Josh Wick,175.3,155.0,175.3,29.2,0.6666666666666666,18,0.65,0.6,6.52,0.41,0.0,0.0,0.8,0.0
Joseph Morales,167.6,125.0,175.3,29.4,0.8333333333333334,18,2.75,0.39,2.72,0.6,1.1,0.26,0.23,2.2
Luke Jumeau,180.3,170.0,182.9,35.9,0.7222222222222222,18,2.93,0.43,3.17,0.58,0.25,1.0,0.86,0.0
Oscar Ravello,177.8,185.0,182.9,25.3,0.7222222222222222,18,1.84,0.23,12.828599999999996,0.31,0.0,0.0,0.0,0.0
Ricky Rainey,185.4,170.0,195.6,40.5,0.6666666666666666,18,2.55,0.48,2.62,0.46,0.95,0.18,0.55,0.0
Jesse Butler,177.8,135.0,185.4,31.6,0.6666666666666666,18,2.02,0.34,4.62,0.39,0.0,0.0,0.0,0.0
Pete Williams,190.5,235.0,182.9,48.5,0.6666666666666666,18,0.61,0.62,2.77,0.4,1.84,0.4,0.16,0.9
Paris Moran,172.7,125.0,172.7,27.9,0.7777777777777778,18,0.51,0.25,1.95,0.32,1.54,1.0,0.5,0.0
Khalid Taha,165.1,135.0,175.3,31.9,0.7222222222222222,18,2.64,0.32,4.12,0.46,0.0,0.0,0.61,0.2
Ricky Legere Jr.,172.7,170.0,182.9,38.0,0.7777777777777778,18,1.07,0.41,1.53,0.6,5.0,0.41,0.0,0.0
Davi Bittencourt,165.1,135.0,165.1,29.2,0.7777777777777778,18,4.15,0.66,1.51,0.46,8.49,0.33,0.0,0.0
Josh Burns,185.4,244.0,182.9,45.6,0.4444444444444444,18,2.4,0.48,5.73,0.32,0.0,0.0,1.0,0.0
Issei Tamura,165.1,135.0,160.0,39.8,0.5555555555555556,18,1.89,0.53,4.58,0.44,0.92,0.25,0.33,0.0
Aaron Wilkinson,177.8,155.0,182.9,36.9,0.6111111111111112,18,0.0,0.0,0.0,0.7985999999999968,7.32,1.0,0.0,0.0
Harry Moskowitz,195.6,265.0,182.9,36.8,0.3333333333333333,18,0.0,0.0,0.0,0.0,0.0,0.0,0.0,0.0
Emmanuel Sanchez,175.3,145.0,180.3,33.4,0.8333333333333334,18,4.45,0.35,4.17,0.55,0.25,0.06,0.16,0.5
Matt Lucas,185.4,205.0,182.9,50.0,0.8333333333333334,18,1.27,0.48,3.93,0.4,1.0,0.1,0.0,0.0
Mayra Bueno Silva,167.6,135.0,167.6,32.4,0.5555555555555556,18,3.52,0.56,4.71,0.51,0.46,0.23,0.64,1.3
Paul Taylor,182.9,155.0,182.9,44.0,0.6111111111111112,18,4.44,0.47,4.47,0.55,0.27,0.25,0.56,0.5
Martin Buday,193.0,265.0,195.6,32.1,0.8888888888888888,18,4.39,0.53,4.49,0.55,0.15,0.2,0.93,0.1
Edson Drago,193.0,220.0,182.9,46.3,0.6111111111111112,18,1.16,0.4,2.39,0.36,0.0,0.0,0.55,0.0
Luke Sanders,167.6,135.0,170.2,38.1,0.7222222222222222,18,6.61,0.52,4.37,0.5,0.71,0.3,0.72,0.2
Zoila Frausto,162.6,135.0,182.9,40.1,0.7222222222222222,18,0.77,0.31,1.64,0.53,0.0,0.0,0.57,0.0
Hector Sandoval,157.5,125.0,162.6,37.5,0.7777777777777778,18,3.31,0.52,2.33,0.65,3.49,0.25,0.71,1.4
Terrence Mitchell,177.8,135.0,188.0,34.0,0.7777777777777778,18,2.21,0.34,8.85,0.41,3.69,0.5,0.0,0.0
Gary Padilla,180.3,205.0,182.9,43.7,0.6666666666666666,18,2.2,0.27,2.0,0.76,0.0,0.0,0.5,0.0
Abdul Hussein,170.2,135.0,170.2,26.4,0.8888888888888888,18,4.96,0.65,3.35,0.45,1.14,0.5,0.66,3.4
Ibo Aslan,190.5,205.0,195.6,27.7,0.7777777777777778,18,5.75,0.48,3.96,0.56,0.0,0.0,0.87,0.0
Nina Nunes,165.1,125.0,162.6,38.1,0.6111111111111112,18,4.39,0.45,3.47,0.55,0.24,0.33,0.73,0.5
James Vick,190.5,155.0,193.0,36.9,0.7222222222222222,18,4.13,0.39,3.31,0.6,0.26,0.33,0.57,0.7
Chris Manuel,175.3,135.0,182.9,36.4,0.5,18,2.53,0.4,2.67,0.66,1.0,0.2,1.0,0.0
Henrique Shiguemoto,180.3,185.0,182.9,34.5,0.7222222222222222,18,3.6,0.33,6.0,0.16,0.0,0.0,0.5,0.0
Anthony Avila,170.2,145.0,182.9,35.0,0.7222222222222222,18,0.0,0.0,0.0,0.0,0.0,0.0,0.0,0.0
Rizvan Kuniev,193.0,240.0,193.0,31.8,0.7777777777777778,18,4.32,0.54,2.22,0.49,0.79,0.75,0.93,0.0
Lina Lansberg,170.2,135.0,165.1,41.8,0.5555555555555556,18,2.69,0.55,3.87,0.44,0.52,0.27,0.47,0.1
Sarah D'alelio,170.2,145.0,182.9,43.0,0.6111111111111112,18,2.4,0.33,0.0,0.7985999999999968,0.0,0.0,1.0,0.0
Jared Rosholt,188.0,265.0,190.5,37.4,0.7777777777777778,18,2.08,0.46,1.52,0.59,1.83,0.41,0.66,0.1
Jamie Siraj,170.2,135.0,167.6,29.5,0.7777777777777778,18,2.21,0.25,7.73,0.38,0.0,0.0,0.0,0.0
Mike Russow,185.4,255.0,185.4,47.3,0.8333333333333334,18,1.55,0.47,2.9,0.59,4.66,0.43,0.0,0.7
Gary Mangat,170.2,135.0,182.9,36.8,0.8333333333333334,18,0.0,0.0,0.0,0.0,0.0,0.0,0.0,0.0
Mario Sousa,190.5,185.0,200.7,27.2,0.8333333333333334,18,2.82,0.5,2.99,0.28,0.52,0.25,0.37,0.5
Fabio Aguiar,182.9,185.0,182.9,35.9,0.9444444444444444,18,0.0,0.0,0.0,0.0,0.0,0.0,0.0,0.0
Vagner Rocha,177.8,155.0,185.4,41.6,0.7777777777777778,18,2.64,0.42,4.5,0.48,1.4,0.33,0.5,1.9
Eric Shelton,167.6,125.0,172.7,32.9,0.6666666666666666,18,2.57,0.42,1.88,0.63,2.83,0.51,0.46,0.2
Alexander Otsuka,185.4,205.0,182.9,52.5,0.2777777777777778,18,0.9,0.55,1.16,0.51,1.51,0.43,0.53,0.8
Mohammad Yahya,175.3,145.0,185.4,29.6,0.6666666666666666,18,3.5,0.39,6.39,0.43,0.5,0.2,0.42,0.5
Shane Roller,177.8,155.0,182.9,44.5,0.6111111111111112,18,2.04,0.34,2.65,0.6,2.46,0.33,0.42,1.9
Claudio Silva,180.3,170.0,180.3,41.3,0.7777777777777778,18,2.48,0.42,3.0,0.46,2.85,0.26,0.44,1.1
Yoel Romero,182.9,185.0,185.4,46.7,0.7222222222222222,18,3.44,0.49,3.05,0.6,1.57,0.3,0.78,0.0
Mu Bae Choi,188.0,230.0,182.9,53.5,0.6666666666666666,18,1.55,0.49,3.65,0.44,3.12,0.75,0.6,1.0
Rob Sinclair,172.7,155.0,182.9,43.9,0.7222222222222222,18,1.2,0.33,1.73,0.73,0.0,0.0,0.5,0.0
Gilbert Smith,175.3,185.0,182.9,42.2,0.6666666666666666,18,1.09,0.41,2.73,0.35,3.51,0.6,0.0,1.2
Sultan Aliev,180.3,170.0,188.0,39.3,0.8333333333333334,18,1.41,0.45,2.2,0.56,1.76,0.38,1.0,0.0
Jonatas Novaes,180.3,170.0,182.9,42.8,0.7222222222222222,18,0.0,0.0,0.0,0.0,0.0,0.0,0.0,0.0
Gan McGee,198.1,265.0,182.9,47.1,0.7222222222222222,18,2.2,0.29,2.31,0.59,0.65,0.25,0.83,0.0
Sam Hughes,165.1,115.0,162.6,31.5,0.6111111111111112,18,4.41,0.47,4.69,0.58,1.12,0.29,0.63,0.2
Steve Vigneault,177.8,185.0,182.9,45.9,0.6666666666666666,18,2.19,0.28,5.75,0.44,0.0,0.0,1.0,0.0
Bazigit Atajev,185.4,230.0,182.9,44.8,0.9444444444444444,18,0.87,0.41,3.14,0.49,1.0,0.33,0.0,0.0
Alexander Soldatkin,188.0,250.0,190.5,30.6,0.7777777777777778,18,1.16,0.6,1.35,0.26,1.45,0.5,0.5,0.0
Kaynan Kruschewsky,182.9,155.0,185.4,32.7,0.8333333333333334,18,5.67,0.5,5.71,0.46,2.74,1.0,0.75,2.1
Chris Clements,177.8,170.0,177.8,47.9,0.6666666666666666,18,3.2,0.49,2.37,0.44,0.0,0.0,0.32,0.3
Pete Sabala,177.8,135.0,182.9,36.8,0.16666666666666666,18,0.0,0.0,0.0,0.0,0.0,0.0,0.0,0.0
Justin Smitley,177.8,145.0,182.9,36.8,0.5555555555555556,18,0.0,0.0,0.0,0.0,0.0,0.0,0.0,0.0
Mike Rodriguez,193.0,205.0,203.2,35.1,0.6111111111111112,18,4.35,0.53,4.24,0.41,0.0,0.0,0.37,0.0
Maycee Barber,165.1,125.0,165.1,25.6,0.8333333333333334,18,4.56,0.53,2.78,0.55,1.56,0.45,0.51,0.1
Levan Chokheli,180.3,170.0,182.9,27.2,0.8333333333333334,18,9.008599999999996,0.54,0.0,0.7985999999999968,0.0,0.0,0.0,0.0
Tom Aspinall,195.6,255.0,198.1,30.7,0.8333333333333334,18,7.63,0.67,3.62,0.56,2.62,0.8,1.0,1.3
Punahele Soriano,180.3,170.0,182.9,31.1,0.7222222222222222,18,4.04,0.5,3.55,0.46,2.2,0.47,0.5,0.2
Reginaldo Vieira,170.2,135.0,165.1,41.1,0.7222222222222222,18,3.76,0.4,2.89,0.59,1.97,0.27,0.25,0.8
Leslie Smith,175.3,135.0,167.6,41.4,0.5555555555555556,18,7.56,0.4,8.41,0.51,0.0,0.0,0.62,0.0
Solomon Hutcherson,180.3,185.0,182.9,51.3,0.6111111111111112,18,2.59,0.39,2.59,0.64,3.53,1.0,0.0,0.0
TJ Cook,177.8,205.0,182.9,41.3,0.7222222222222222,18,2.3,0.47,3.18,0.54,1.01,0.5,0.0,0.0
Scott Askham,190.5,185.0,190.5,35.6,0.7777777777777778,18,3.03,0.46,3.52,0.52,0.44,0.18,0.65,0.7
Eric Spicely,185.4,185.0,185.4,37.3,0.6666666666666666,18,3.71,0.45,5.72,0.55,1.31,0.2,0.75,1.0
Kimo Leopoldo,190.5,235.0,182.9,56.0,0.5555555555555556,18,0.76,0.75,2.12,0.3,4.55,1.0,0.0,2.3
Roosevelt Roberts,188.0,155.0,185.4,29.9,0.6666666666666666,18,2.84,0.43,3.1,0.52,1.18,0.26,0.5,0.7
Jose Daniel Medina,182.9,185.0,188.0,32.6,0.6111111111111112,18,2.13,0.36,5.34,0.46,0.39,0.33,0.27,0.0
Carl Seumanutafa,185.4,255.0,182.9,40.5,0.5555555555555556,18,0.0,0.0,3.33,0.75,0.0,0.0,0.0,0.0
Bethe Correia,165.1,135.0,162.6,40.5,0.6111111111111112,18,4.37,0.43,4.93,0.56,0.39,0.18,0.85,0.0
Zachary Micklewright,182.9,155.0,188.0,47.4,0.8333333333333334,18,5.56,0.53,4.72,0.54,0.7,0.12,1.0,0.0
Matt Serra,167.6,170.0,172.7,49.6,0.6111111111111112,18,1.98,0.39,2.64,0.46,2.05,0.2,0.38,0.9
Gabriel Miglioli,172.7,170.0,182.9,36.8,0.5,18,0.0,0.0,0.0,0.0,0.0,0.0,0.0,0.0
Mark Holst,182.9,155.0,182.9,38.4,0.6666666666666666,18,0.25,0.19,1.67,0.47,0.76,1.0,0.6,2.3
Brian Stann,185.4,205.0,188.0,43.3,0.6666666666666666,18,3.28,0.42,2.65,0.59,0.12,0.12,0.6,0.3
Masio Fullen,177.8,145.0,177.8,37.2,0.6111111111111112,18,2.46,0.32,3.5,0.54,0.47,0.33,0.69,0.0
Guram Kutateladze,180.3,155.0,182.9,32.0,0.7222222222222222,18,3.53,0.45,4.22,0.54,0.61,0.15,0.75,0.0
Constantinos Philippou,180.3,185.0,185.4,44.1,0.7222222222222222,18,2.19,0.35,2.73,0.54,0.4,0.42,0.65,0.3
Levan Makashvili,172.7,145.0,172.7,35.0,0.8333333333333334,18,2.87,0.54,2.07,0.61,3.67,0.42,0.85,0.0
Sodiq Yusuff,175.3,155.0,180.3,30.6,0.7222222222222222,18,5.27,0.49,4.29,0.53,0.36,0.23,0.62,0.4
Jonny Carson,177.8,155.0,182.9,36.8,0.6111111111111112,18,0.0,0.0,0.0,0.0,0.0,0.0,0.0,0.0
Bruno Lopes,188.0,205.0,188.0,30.7,0.7777777777777778,18,2.87,0.44,4.83,0.5,2.05,0.25,1.0,0.0
Luke Zachrich,188.0,185.0,188.0,42.0,0.7777777777777778,18,4.56,0.32,4.46,0.62,0.74,0.33,0.8,0.0
Claudio Puelles,177.8,155.0,182.9,27.7,0.7222222222222222,18,1.54,0.46,2.62,0.48,3.29,0.33,0.6,1.0
Patrick Rivera,180.3,170.0,188.0,31.9,0.7222222222222222,18,4.96,0.54,12.828599999999996,0.44,0.0,0.0,0.0,0.0
Akira Corassani,172.7,145.0,172.7,41.3,0.6666666666666666,18,3.25,0.45,4.91,0.5,0.7,0.28,0.86,0.0
Roger Hollett,180.3,205.0,182.9,45.2,0.7222222222222222,18,1.83,0.47,6.47,0.34,1.0,0.28,0.3,0.0
Jennifer Gonzalez,157.5,125.0,182.9,37.8,0.7222222222222222,18,0.0,0.0,0.0,0.0,0.0,0.0,0.0,0.0
Rosi Sexton,160.0,135.0,182.9,46.5,0.7222222222222222,18,3.31,0.39,7.42,0.41,0.75,0.1,0.8,0.0
Mario Neto,182.9,229.0,182.9,36.8,0.7222222222222222,18,1.89,0.5,1.89,0.7,2.84,1.0,0.0,0.0
John Lober,180.3,199.0,182.9,55.8,0.2777777777777778,18,0.0,0.0,0.0,0.0,0.0,0.0,0.0,0.0
Phil Rowe,190.5,170.0,203.2,33.5,0.6111111111111112,18,3.51,0.49,4.15,0.5,0.46,0.36,0.53,0.2
Brandon Michaels,175.3,185.0,182.9,41.1,0.2222222222222222,18,0.0,0.0,0.0,0.0,0.0,0.0,0.0,0.0
Garrett Gross,175.3,155.0,182.9,35.4,0.6111111111111112,18,2.39,0.45,1.67,0.46,0.0,0.0,0.52,0.0
Livinha Souza,160.0,115.0,160.0,32.8,0.7777777777777778,18,1.75,0.45,3.6,0.56,2.54,0.45,0.4,1.4
Justin McCully,185.4,225.0,185.4,47.9,0.6111111111111112,18,1.58,0.37,2.02,0.46,1.28,0.44,0.43,0.0
Eduardo Chapolin,170.2,125.0,170.2,28.1,0.8333333333333334,18,3.46,0.41,3.38,0.57,3.38,0.6,0.84,0.0
Nobuhiro Obiya,172.7,145.0,182.9,43.0,0.6666666666666666,18,0.63,0.28,2.53,0.55,0.5,0.5,0.41,0.5
Azat Maksum,170.2,125.0,177.8,28.9,0.8333333333333334,18,2.75,0.27,4.25,0.52,3.5,0.31,0.85,0.2
Ilia Topuria,170.2,155.0,175.3,26.9,0.9444444444444444,18,4.82,0.5,3.97,0.62,1.73,0.57,0.95,0.9
Razak Al-Hassan,188.0,205.0,182.9,41.6,0.7222222222222222,18,3.27,0.39,3.14,0.6,0.65,0.14,0.57,0.0
Sean Spencer,177.8,170.0,188.0,36.5,0.6666666666666666,18,4.24,0.32,4.02,0.6,0.14,0.33,0.68,0.0
Vlasto Cepo,182.9,185.0,185.4,28.9,0.7777777777777778,18,6.89,0.29,12.828599999999996,0.37,0.0,0.0,0.0,0.0
Dong Sik Yoon,182.9,185.0,182.9,51.4,0.5,18,0.99,0.36,2.33,0.51,1.6,0.29,0.33,1.3
Zhou Kun,177.8,125.0,182.9,36.8,0.7647058823529411,17,0.0,0.0,0.0,0.0,0.0,0.0,0.0,0.0
Uros Medic,185.4,170.0,180.3,30.7,0.8235294117647058,17,5.77,0.6,3.4,0.56,0.34,0.5,0.55,0.0
Josh LaBerge,177.8,145.0,182.9,36.8,0.6470588235294118,17,2.53,0.36,5.33,0.44,0.0,0.0,0.71,0.0
Luan Lacerda,170.2,135.0,180.3,31.0,0.7647058823529411,17,4.06,0.42,6.15,0.49,2.82,0.39,0.66,0.6
Christina Marks,170.2,125.0,175.3,38.1,0.47058823529411764,17,5.0,0.58,3.0,0.64,7.5,1.0,0.0,0.0
Ryan LaFlare,185.4,170.0,188.0,40.3,0.8235294117647058,17,2.89,0.4,1.86,0.63,2.13,0.44,0.58,0.2
Kevin Borjas,165.1,125.0,172.7,26.1,0.6470588235294118,17,3.7,0.42,5.44,0.49,0.0,0.0,0.7,0.0
Daniel Kelly,182.9,185.0,177.8,46.2,0.7647058823529411,17,3.62,0.38,4.64,0.61,1.86,0.34,0.78,0.3
Matt Mitrione,190.5,265.0,203.2,45.5,0.7058823529411765,17,3.55,0.5,2.79,0.64,0.0,0.0,0.55,0.7
Norma Dumont,170.2,135.0,170.2,33.3,0.7647058823529411,17,3.79,0.5,2.34,0.63,1.4,0.56,0.74,0.0
Jordan Vucenic,177.8,155.0,185.4,27.8,0.7647058823529411,17,2.11,0.45,1.9,0.58,0.63,0.14,0.44,0.0
Dalcha Lungiambula,172.7,185.0,193.0,36.4,0.6470588235294118,17,3.07,0.45,3.93,0.52,2.14,0.45,0.77,0.0
Daniel Lacerda,167.6,125.0,177.8,27.6,0.6470588235294118,17,3.95,0.45,8.28,0.34,2.32,0.5,0.0,1.2
Maheshate,182.9,155.0,180.3,24.1,0.7058823529411765,17,3.97,0.31,5.89,0.52,0.0,0.0,0.47,0.2
Mark Bocek,172.7,155.0,190.5,42.2,0.7058823529411765,17,2.34,0.43,2.32,0.6,3.65,0.36,0.31,1.3
Valter Walker,198.1,244.0,198.1,26.0,0.9411764705882353,17,1.92,0.52,2.67,0.43,5.39,0.69,1.0,3.6
Mike Malott,185.4,170.0,185.4,32.2,0.8235294117647058,17,4.02,0.48,3.09,0.56,1.63,0.5,0.57,0.7
Ashley Yoder,170.2,115.0,175.3,36.2,0.47058823529411764,17,3.42,0.39,4.13,0.47,1.09,0.27,0.66,0.6
Sangwook Kim,182.9,155.0,180.3,30.2,0.7647058823529411,17,5.11,0.55,5.82,0.44,1.77,0.22,0.72,1.2
SangWon Kim,175.3,145.0,175.3,30.3,0.5882352941176471,17,3.18,0.57,3.73,0.58,0.69,0.25,0.72,0.0
Andrei Kopylov,188.0,265.0,182.9,58.5,0.35294117647058826,17,0.33,0.66,4.31,0.4,0.0,0.0,0.0,0.0
TJ Laramie,167.6,145.0,167.6,26.2,0.7058823529411765,17,1.49,0.5,2.64,0.38,1.44,0.33,0.4,0.0
Zach Zane,170.2,145.0,175.3,34.0,0.5882352941176471,17,0.87,0.56,6.67,0.2,0.0,0.0,0.26,0.0
Victor Altamirano,172.7,125.0,177.8,32.9,0.7058823529411765,17,4.58,0.53,3.82,0.53,2.88,0.38,0.63,0.0
Rodolfo Vieira,182.9,185.0,185.4,34.3,0.7058823529411765,17,3.22,0.54,4.07,0.49,2.77,0.21,0.6,0.8
Vitor Miranda,185.4,185.0,195.6,44.8,0.7058823529411765,17,2.98,0.45,2.95,0.58,0.95,0.55,0.5,0.2
Kyle Kingsbury,193.0,205.0,200.7,41.8,0.6470588235294118,17,2.97,0.4,3.81,0.51,2.64,0.41,0.52,0.0
Sean Woodson,188.0,145.0,198.1,31.6,0.8235294117647058,17,5.39,0.46,4.04,0.58,0.52,0.45,0.85,0.3
Bobby Lashley,190.5,255.0,198.1,47.5,0.8823529411764706,17,3.1,0.63,0.76,0.63,8.49,0.7,0.0,0.0
Cain Velasquez,185.4,240.0,195.6,41.4,0.8235294117647058,17,6.37,0.57,2.33,0.57,5.13,0.45,0.85,0.4
Kaitlin Young,175.3,135.0,182.9,38.3,0.4117647058823529,17,2.83,0.26,6.33,0.51,2.5,1.0,0.0,0.0
Eric McConico,182.9,185.0,195.6,33.6,0.6470588235294118,17,2.95,0.46,3.18,0.47,0.61,0.66,0.68,0.0
Aiemann Zahabi,172.7,135.0,172.7,36.1,0.8235294117647058,17,4.47,0.48,4.11,0.68,0.12,0.14,0.83,0.0
Danilo Belluardo,182.9,155.0,188.0,29.4,0.7058823529411765,17,1.52,0.61,4.79,0.41,3.5,1.0,0.5,0.0
Adlan Amagov,188.0,170.0,193.0,37.2,0.8235294117647058,17,3.29,0.47,0.82,0.78,5.84,0.56,1.0,0.0
Javid Basharat,175.3,135.0,175.3,28.3,0.8823529411764706,17,5.18,0.54,2.75,0.63,1.83,0.4,0.83,0.1
Jordan Wright,188.0,205.0,195.6,32.2,0.7058823529411765,17,4.1,0.56,6.03,0.31,2.09,0.45,1.0,0.4
Michael Aljarouj,165.1,125.0,167.6,26.4,0.7647058823529411,17,0.67,0.31,1.87,0.42,0.0,0.0,0.62,1.0
Jordan Leavitt,175.3,145.0,180.3,28.6,0.7647058823529411,17,2.18,0.58,1.57,0.59,2.97,0.3,0.3,1.2
Michael Aswell Jr.,172.7,145.0,175.3,23.3,0.7058823529411765,17,7.03,0.43,6.26,0.53,0.2,0.2,0.61,0.0
Justin Levens,180.3,185.0,182.9,43.7,0.5882352941176471,17,1.24,0.47,3.15,0.37,1.69,0.5,0.33,5.1
Marco Tulio,182.9,185.0,188.0,29.6,0.8235294117647058,17,6.02,0.53,2.97,0.56,1.05,0.26,0.0,0.3
Neil Wain,177.8,242.0,182.9,36.8,0.7647058823529411,17,2.64,0.5,8.57,0.43,0.0,0.0,0.5,0.0
Frank Lester,180.3,170.0,182.9,39.6,0.6470588235294118,17,2.18,0.36,3.82,0.53,0.0,0.0,0.0,0.0
Derek Anderson,182.9,155.0,182.9,33.9,0.8235294117647058,17,3.97,0.37,3.08,0.61,0.34,0.14,0.6,0.0
Wagner da Conceicao Martins,198.1,265.0,182.9,45.6,0.5294117647058824,17,1.91,0.37,5.43,0.42,2.2,1.0,1.0,0.0
Luke Barnatt,198.1,185.0,195.6,35.7,0.7647058823529411,17,4.43,0.36,3.87,0.59,0.63,0.42,0.63,0.4
Chad Laprise,177.8,170.0,180.3,37.4,0.7647058823529411,17,4.78,0.42,3.59,0.65,1.05,0.54,0.78,0.0
Tom Blackledge,177.8,205.0,182.9,36.8,0.5882352941176471,17,2.91,0.61,2.55,0.46,0.0,0.0,0.75,0.0
Leonardo Mafra,177.8,155.0,177.8,34.7,0.7647058823529411,17,4.55,0.48,4.38,0.43,2.12,0.83,0.69,0.4
Mirsad Bektic,172.7,145.0,177.8,32.9,0.7647058823529411,17,2.43,0.41,1.8,0.57,3.98,0.52,0.92,0.4
Felipe Lima,167.6,145.0,172.7,25.7,0.8823529411764706,17,4.09,0.47,2.77,0.67,2.13,0.33,0.9,0.5
Steve Mann,185.4,170.0,182.9,36.8,0.7058823529411765,17,3.18,0.7,0.66,0.57,1.64,1.0,0.6,0.0
Bernardo Magalhaes,175.3,155.0,182.9,42.7,0.7647058823529411,17,1.8,0.27,3.37,0.68,0.0,0.0,0.0,0.5
Andy Uhrich,182.9,170.0,182.9,36.8,0.6470588235294118,17,0.0,0.0,0.0,0.0,0.0,0.0,0.0,0.0
Scott Bills,177.8,170.0,182.9,36.8,0.4117647058823529,17,0.0,0.0,0.0,0.0,0.0,0.0,0.0,0.0
Kazula Vargas,172.7,155.0,180.3,38.4,0.7058823529411765,17,3.65,0.53,1.77,0.57,0.4,0.25,0.3,0.4
Christian Rodriguez,170.2,145.0,180.3,26.0,0.7647058823529411,17,3.9,0.5,2.94,0.56,1.81,0.4,0.67,1.1
Ray Seraille,190.5,246.0,182.9,44.5,0.47058823529411764,17,5.29,0.27,12.828599999999996,0.41,0.0,0.0,0.0,0.0
Keith Rockel,182.9,185.0,182.9,58.3,0.7058823529411765,17,1.13,0.73,0.21,0.66,4.63,0.75,1.0,4.6
Tomomi Iwama,160.0,155.0,182.9,46.9,0.5294117647058824,17,1.0,0.2,3.0,0.7,0.0,0.0,0.0,0.0
Carlos Petruzzella,180.3,185.0,185.4,26.8,0.8823529411764706,17,1.71,0.75,12.828599999999996,0.2,0.0,0.0,1.0,0.0
Josh Samman,190.5,185.0,200.7,35.8,0.7647058823529411,17,2.08,0.52,2.47,0.34,1.09,0.33,0.33,0.4
Aaron Phillips,175.3,135.0,180.3,34.4,0.7058823529411765,17,1.51,0.53,3.66,0.43,0.86,0.5,0.44,0.6
Kyler Phillips,172.7,135.0,182.9,28.6,0.7058823529411765,17,4.75,0.43,3.83,0.58,2.82,0.47,0.75,0.3
Jake Rosholt,185.4,185.0,182.9,41.9,0.7058823529411765,17,2.68,0.53,2.33,0.49,6.51,0.68,0.0,1.8
Thibault Gouti,177.8,155.0,182.9,36.8,0.7058823529411765,17,3.68,0.34,5.64,0.5,1.23,0.8,0.83,0.3
Bruno Santos,175.3,185.0,182.9,36.5,0.8823529411764706,17,1.18,0.46,2.27,0.56,3.0,0.37,0.66,0.3
Fabio Nascimento,177.8,185.0,182.9,42.8,0.6470588235294118,17,2.94,0.38,4.63,0.55,0.0,0.0,0.55,0.8
Don Carlo-Clauss,177.8,170.0,182.9,36.8,0.5882352941176471,17,1.44,0.3,7.68,0.43,0.0,0.0,0.66,0.0
Dan Stittgen,185.4,170.0,182.9,43.1,0.7058823529411765,17,2.97,0.46,4.42,0.37,0.78,1.0,1.0,0.0
Lazar Stojadinovic,170.2,145.0,172.7,34.8,0.7058823529411765,17,1.82,0.29,1.97,0.59,0.0,0.0,0.0,0.0
Allan Goes,182.9,205.0,182.9,52.7,0.5882352941176471,17,0.64,0.52,1.35,0.41,1.75,0.4,0.0,2.6
Daniel Santos,170.2,145.0,170.2,28.8,0.8235294117647058,17,5.15,0.4,5.38,0.5,2.6,0.33,0.73,0.0
Darko Stosic,182.9,205.0,193.0,31.9,0.7647058823529411,17,2.61,0.45,4.04,0.58,3.42,0.5,0.83,0.0
Kyle Jensen,175.3,170.0,182.9,44.5,0.23529411764705882,17,0.0,0.0,0.92,0.6,6.92,1.0,0.0,6.9
Mike Campbell,175.3,155.0,182.9,41.1,0.7647058823529411,17,1.4,0.26,1.4,0.63,5.26,1.0,0.0,0.0
Jeff Cox,177.8,155.0,182.9,55.4,0.5882352941176471,17,0.56,0.25,1.69,0.33,4.23,0.5,0.8,0.0
Seth Dikun,177.8,135.0,175.3,43.4,0.5294117647058824,17,1.45,0.26,2.18,0.55,0.0,0.0,0.45,0.9
Nandor Guelmino,190.5,230.0,182.9,48.0,0.6470588235294118,17,3.62,0.56,3.16,0.33,0.0,0.0,0.42,0.0
Naho Sugiyuma,157.5,115.0,182.9,45.9,0.7058823529411765,17,2.59,0.48,2.45,0.71,2.05,1.0,0.66,0.0
Ruan Potts,188.0,247.0,190.5,45.9,0.6470588235294118,17,0.85,0.37,5.92,0.22,0.75,0.16,0.33,2.3
Louie Sutherland,190.5,258.0,193.0,29.9,0.6470588235294118,17,1.8,0.69,1.95,0.35,4.49,0.4,0.33,0.0
Amiran Gogoladze,185.4,170.0,188.0,26.1,0.8235294117647058,17,1.64,0.66,0.82,0.0,0.0,0.0,0.0,0.0
Yosdenis Cedeno,172.7,155.0,175.3,38.9,0.5882352941176471,17,1.64,0.29,1.6,0.67,0.0,0.0,0.31,0.3
Mario Sperry,188.0,205.0,182.9,57.3,0.7647058823529411,17,2.81,0.52,1.53,0.47,2.09,0.42,0.71,1.4
Aaron Simpson,182.9,170.0,185.4,49.5,0.7058823529411765,17,3.6,0.52,2.53,0.56,3.78,0.34,0.83,0.5
Vitor Petrino,188.0,246.0,195.6,26.3,0.8823529411764706,17,3.37,0.5,2.56,0.52,2.78,0.48,0.8,0.6
Chris Coggins,177.8,155.0,182.9,36.8,0.4117647058823529,17,0.0,0.0,0.0,0.0,0.0,0.0,0.0,0.0
Josh Smith,182.9,155.0,182.9,41.5,0.5294117647058824,17,0.73,0.28,1.4,0.54,0.0,0.0,0.57,2.0
Dominic Clark,177.8,155.0,182.9,38.4,0.5882352941176471,17,0.0,0.0,0.0,0.0,0.0,0.0,0.0,0.0
Christian Leroy Duncan,188.0,185.0,200.7,28.4,0.8823529411764706,17,4.45,0.57,2.36,0.54,0.43,0.2,0.57,0.0
Hannah Cifers,157.5,115.0,160.0,31.5,0.5882352941176471,17,4.99,0.44,5.39,0.52,0.26,1.0,0.64,0.3
Markus Perez,185.4,185.0,185.4,35.5,0.7058823529411765,17,2.6,0.47,3.72,0.52,0.81,0.25,0.77,1.0
Joe Hurley,172.7,155.0,182.9,45.5,0.7058823529411765,17,1.12,0.45,3.35,0.56,0.0,0.0,0.2,0.0
Alex Pereira,193.0,205.0,200.7,36.5,0.7647058823529411,17,5.01,0.61,3.72,0.52,0.11,0.5,0.8,0.2
Cristian Perez,175.3,155.0,182.9,24.4,0.8823529411764706,17,3.3,0.46,4.56,0.39,2.36,0.3,0.87,0.8
Brad Gumm,180.3,170.0,182.9,36.8,0.5882352941176471,17,0.0,0.0,0.0,0.0,0.0,0.0,0.0,0.0
Gabe Green,177.8,155.0,185.4,30.7,0.7058823529411765,17,5.6,0.45,6.19,0.47,0.71,0.5,0.5,0.5
Jay Perrin,170.2,135.0,170.2,30.5,0.5882352941176471,17,3.71,0.46,3.9,0.44,2.83,0.52,0.58,0.0
Macy Chiasson,180.3,135.0,182.9,32.4,0.6470588235294118,17,3.21,0.46,2.76,0.44,1.87,0.35,0.62,0.4
John Salter,185.4,185.0,188.0,38.8,0.8235294117647058,17,1.68,0.32,1.68,0.68,2.85,0.46,0.66,0.5
Darrell Horcher,177.8,155.0,177.8,36.4,0.7647058823529411,17,2.05,0.44,4.21,0.39,0.35,0.5,0.47,0.7
Joe Ellenberger,175.3,155.0,182.9,38.8,0.8823529411764706,17,1.62,0.47,3.45,0.48,3.17,0.4,0.0,1.1
Dwight Grant,185.4,185.0,193.0,39.3,0.6470588235294118,17,3.29,0.36,2.66,0.6,0.61,1.0,0.66,0.0
Milana Dudieva,160.0,135.0,182.9,34.4,0.6470588235294118,17,0.87,0.31,3.43,0.58,2.34,0.45,0.0,0.0
Oban Elliott,182.9,170.0,182.9,26.0,0.7058823529411765,17,3.62,0.48,2.36,0.6,1.48,0.38,0.52,0.0
Rui Imura,177.8,135.0,175.3,24.8,0.7058823529411765,17,1.65,0.33,4.19,0.33,1.65,0.2,0.0,0.0
Danny Chavez,172.7,145.0,170.2,36.8,0.6470588235294118,17,2.86,0.38,3.83,0.5,1.95,0.6,0.87,0.0
Mauricio Ruffy,180.3,155.0,190.5,27.5,0.8235294117647058,17,3.93,0.56,3.66,0.59,0.0,0.0,0.87,0.0
Dan Charles,188.0,228.0,182.9,38.3,0.5882352941176471,17,2.82,0.45,3.51,0.44,0.0,0.0,0.31,0.0
Francisco Prado,177.8,170.0,175.3,21.6,0.7058823529411765,17,3.68,0.43,4.31,0.54,0.76,0.19,0.4,0.8
Siala Siliga,185.4,265.0,182.9,53.2,0.7058823529411765,17,1.08,0.26,1.96,0.5,1.47,0.5,0.8,0.0
Rolando Dy,172.7,145.0,175.3,33.4,0.5294117647058824,17,3.04,0.37,4.47,0.52,0.3,0.2,0.68,0.0
Albert Tadevosyan,177.8,170.0,182.9,31.7,0.7647058823529411,17,0.0,0.0,0.0,0.0,0.0,0.0,0.0,0.0
Mike Breeden,177.8,155.0,177.8,34.7,0.6470588235294118,17,5.75,0.45,7.28,0.42,0.98,0.3,0.67,0.0
Don Shainis,167.6,145.0,170.2,33.3,0.7058823529411765,17,3.42,0.5,5.87,0.31,0.97,0.25,0.2,1.9
Charles Radtke,175.3,170.0,182.9,33.5,0.7058823529411765,17,2.5,0.53,2.45,0.54,1.99,0.44,1.0,0.5
Herbert Burns,175.3,145.0,185.4,35.9,0.6470588235294118,17,1.86,0.36,5.17,0.41,2.94,0.34,0.66,1.8
Sirwan Kakai,165.1,135.0,182.9,34.2,0.7058823529411765,17,3.57,0.41,4.63,0.62,4.0,0.42,0.83,0.0
Oron Kahlon,172.7,135.0,177.8,39.2,0.9411764705882353,17,0.85,0.37,4.93,0.36,0.0,0.0,0.4,0.0
David Onama,180.3,145.0,188.0,29.6,0.8235294117647058,17,5.07,0.5,4.89,0.51,1.05,0.3,0.52,0.5
Mike Budnik,175.3,145.0,172.7,49.4,0.7647058823529411,17,0.65,0.52,0.95,0.53,0.0,0.0,0.0,3.4
Clint Hester,188.0,205.0,195.6,37.1,0.6470588235294118,17,3.36,0.42,3.44,0.56,1.02,0.35,0.6,0.0
Mark Godbeer,193.0,240.0,195.6,40.1,0.7647058823529411,17,3.97,0.53,3.3,0.54,0.0,0.0,0.28,0.0
Lukasz Brzeski,190.5,236.0,198.1,31.6,0.5294117647058824,17,4.9,0.5,3.65,0.54,0.41,0.33,0.35,0.4
Maryna Moroz,170.2,125.0,170.2,32.3,0.6470588235294118,17,4.42,0.33,4.89,0.51,0.7,0.24,0.42,0.6
Josh Rafferty,182.9,170.0,182.9,43.0,0.5294117647058824,17,0.6,0.33,3.6,0.5,0.0,0.0,0.0,6.985999999999967
Louis Taylor,180.3,185.0,182.9,44.6,0.7647058823529411,17,2.06,0.32,1.24,0.68,2.48,0.28,1.0,0.0
Jason Riley,198.1,245.0,182.9,48.3,0.5882352941176471,17,0.0,0.0,9.68,0.33,0.0,0.0,0.5,0.0
Patrick Cummins,188.0,205.0,193.0,43.1,0.5882352941176471,17,4.26,0.5,3.35,0.55,4.49,0.41,0.28,0.1
Hector Ramirez,182.9,205.0,182.9,47.8,0.5882352941176471,17,2.27,0.41,4.6,0.56,2.3,0.55,0.66,0.5
Brad Scott,185.4,170.0,193.0,34.5,0.6470588235294118,17,3.52,0.41,4.31,0.57,0.32,0.15,0.63,0.7
Tabatha Ricci,157.5,115.0,160.0,28.9,0.7058823529411765,17,3.77,0.36,4.79,0.58,2.37,0.34,0.54,0.1
Josh Fremd,193.0,185.0,193.0,30.0,0.6470588235294118,17,2.52,0.44,2.23,0.47,0.66,0.25,0.3,1.1
Caros Fodor,175.3,155.0,188.0,40.0,0.6470588235294118,17,2.76,0.54,2.83,0.54,2.1,0.25,0.5,0.0
Rafael Tobias,188.0,205.0,188.0,21.6,0.8235294117647058,17,2.17,0.32,5.95,0.37,2.0,0.4,1.0,1.0
Leon Shahbazyan,193.0,170.0,188.0,28.1,0.7058823529411765,17,6.1,0.52,8.45,0.33,1.41,0.5,0.0,0.0
Azamat Murzakanov,177.8,205.0,180.3,34.7,0.9411764705882353,17,4.4,0.56,3.2,0.56,0.68,0.2,0.88,0.2
Lucas Fernando,190.5,205.0,203.2,27.0,0.8235294117647058,17,3.71,0.57,3.21,0.51,1.72,0.3,0.0,0.6
Andre Roberts,188.0,265.0,182.9,58.9,0.8235294117647058,17,0.0,0.0,0.0,0.0,0.0,0.0,0.0,0.0
Jonathan Figueroa,177.8,185.0,182.9,28.9,0.9411764705882353,17,0.0,0.0,0.0,0.0,0.0,0.0,0.0,0.0
Charles Byrd,177.8,185.0,185.4,40.2,0.5882352941176471,17,3.43,0.55,2.63,0.55,2.5,0.5,0.4,1.5
Preston Parsons,180.3,170.0,180.3,28.5,0.6470588235294118,17,3.54,0.51,3.25,0.54,3.46,0.36,0.71,2.3
Tuco Tokkos,193.0,205.0,193.0,33.5,0.6470588235294118,17,2.59,0.41,3.7,0.46,2.87,0.36,0.33,0.6
Brian Davidson,167.6,145.0,182.9,48.1,0.7647058823529411,17,0.0,0.0,0.0,0.0,0.0,0.0,0.0,0.0
Andy Murad,175.3,185.0,182.9,36.8,0.8823529411764706,17,2.6,0.75,2.87,0.32,1.0,0.2,0.42,0.0
Antwain Britt,185.4,205.0,195.6,45.6,0.6470588235294118,17,1.46,0.39,2.81,0.44,1.56,0.4,0.5,0.0
Mitch Gagnon,165.1,135.0,165.1,39.2,0.7058823529411765,17,2.76,0.46,2.21,0.61,1.16,0.25,0.65,1.9
Pete Sell,180.3,170.0,190.5,41.4,0.5882352941176471,17,2.6,0.42,3.65,0.51,0.91,0.21,0.47,0.9
Batgerel Danaa,170.2,135.0,177.8,34.5,0.7058823529411765,17,5.38,0.36,4.21,0.47,0.52,0.5,0.62,0.0
Koya Kanda,175.3,145.0,190.5,28.0,0.7058823529411765,17,3.63,0.41,2.9,0.53,2.0,0.18,1.0,0.0
John Reedy,172.7,155.0,182.9,36.8,0.6470588235294118,17,0.0,0.0,0.0,0.0,0.0,0.0,0.0,0.0
Mike Davis,182.9,155.0,182.9,31.2,0.75,16,4.3,0.53,4.66,0.54,2.09,0.44,0.52,0.9
Leonardo Guimaraes,182.9,185.0,182.9,41.7,0.6875,16,2.35,0.56,2.99,0.44,0.0,0.0,0.52,1.0
Chatt Lavender,172.7,170.0,182.9,47.6,0.5625,16,0.0,0.0,0.0,0.0,0.0,0.0,0.0,0.0
Andy Wang,167.6,155.0,182.9,46.6,0.4375,16,3.43,0.36,10.29,0.62,0.0,0.0,0.0,0.0
Roman Salazar,170.2,135.0,182.9,35.9,0.625,16,1.95,0.39,2.89,0.57,1.77,0.18,0.5,0.0
Jovan Leka,193.0,263.0,190.5,21.8,0.875,16,1.96,0.7,0.98,0.5,0.86,1.0,0.55,0.9
Stefan Sekulic,182.9,170.0,190.5,31.9,0.75,16,1.83,0.5,2.83,0.64,2.0,0.33,0.25,0.5
Paul Sass,182.9,155.0,185.4,35.4,0.875,16,0.53,0.26,1.9,0.51,0.53,0.16,0.33,6.985999999999967
Mark De La Rosa,167.6,135.0,165.1,29.3,0.6875,16,3.13,0.35,5.0,0.48,0.54,0.13,0.4,0.2
Rami Hamed,185.4,170.0,180.3,32.7,0.8125,16,3.87,0.51,3.4,0.5,0.0,0.0,0.5,0.0
Adrian Diaz,177.8,145.0,182.9,35.7,0.6875,16,0.48,0.42,3.84,0.51,2.4,0.5,0.0,0.0
Veronica Hardy,162.6,125.0,162.6,28.2,0.625,16,3.06,0.45,3.24,0.5,0.82,0.41,0.51,0.3
Mikheil Sazhiniani,182.9,205.0,180.3,27.2,0.8125,16,2.27,0.28,3.03,0.52,0.0,0.0,1.0,0.0
Chris Dempsey,177.8,185.0,182.9,36.3,0.6875,16,2.25,0.32,2.82,0.65,2.64,0.23,0.16,0.0
Claude Patrick,180.3,170.0,190.5,43.5,0.875,16,1.8,0.55,0.89,0.69,2.32,0.53,0.84,1.7
Remco Pardoel,190.5,260.0,182.9,54.6,0.5625,16,0.0,0.0,0.0,0.0,0.0,0.0,0.0,0.0
Michael Patt,182.9,205.0,182.9,36.8,0.75,16,1.65,0.28,5.53,0.55,0.0,0.0,0.0,0.0
Samy Schiavo,172.7,155.0,182.9,48.0,0.625,16,1.68,0.34,2.62,0.38,0.94,0.5,0.66,0.9
Daniel Sarafian,175.3,185.0,185.4,41.4,0.625,16,2.23,0.46,3.1,0.58,0.36,0.07,0.53,0.7
Angga,170.2,145.0,172.7,35.0,0.8125,16,3.56,0.38,3.77,0.53,0.0,0.0,0.33,0.0
Tom Lawlor,182.9,205.0,188.0,40.6,0.625,16,2.5,0.42,2.41,0.6,2.46,0.32,0.57,1.4
Adam Schindler,172.7,155.0,182.9,40.6,0.625,16,0.0,0.0,0.0,0.0,0.0,0.0,0.0,0.0
Idris Wasi,182.9,186.0,182.9,34.1,0.125,16,0.4,0.31,3.53,0.46,0.0,0.0,0.2,0.0
Edivan Santos,193.0,248.0,198.1,31.7,0.75,16,1.55,0.48,7.09,0.26,0.0,0.0,0.25,0.0
Cameron Dollar,180.3,155.0,182.9,36.6,0.6875,16,5.04,0.38,2.94,0.61,0.0,0.0,0.0,0.0
Megan Anderson,182.9,145.0,182.9,33.9,0.6875,16,1.76,0.46,3.35,0.37,0.52,0.25,0.53,0.5
Filip Pejic,172.7,135.0,182.9,31.4,0.75,16,0.0,0.0,0.88,0.33,0.0,0.0,0.0,0.0
David Douglas,180.3,155.0,182.9,42.4,0.5625,16,0.0,0.0,0.0,0.0,0.0,0.0,0.0,0.0
David Martinez,165.1,135.0,170.2,25.4,0.9375,16,4.5,0.44,2.65,0.71,0.7,0.33,1.0,0.0
Josh Sampo,162.6,125.0,162.6,39.4,0.6875,16,1.99,0.36,2.96,0.55,1.06,0.33,0.4,2.1
Justin Scoggins,170.2,125.0,167.6,31.7,0.6875,16,3.56,0.51,2.16,0.55,3.42,0.63,0.82,0.5
Viacheslav Borshchev,180.3,155.0,175.3,32.0,0.5,16,5.1,0.5,4.46,0.57,0.0,0.0,0.43,0.1
Lukasz Sajewski,172.7,155.0,180.3,33.1,0.8125,16,2.06,0.35,3.88,0.57,1.01,0.25,0.66,0.0
Manolo Zecchini,172.7,145.0,172.7,27.2,0.6875,16,3.72,0.28,12.82,0.45,0.0,0.0,0.0,0.0
Hirotaka Yokoi,180.3,205.0,182.9,45.6,0.6875,16,1.52,0.33,3.42,0.38,1.87,0.41,0.66,0.4
Clint Godfrey,167.6,135.0,182.9,41.2,0.8125,16,0.57,0.31,0.96,0.65,0.85,0.25,0.5,0.0
Joe Proctor,177.8,155.0,182.9,38.4,0.6875,16,3.39,0.36,3.93,0.59,0.0,0.0,0.7,1.8
Jerome Rivera,177.8,125.0,182.9,28.7,0.625,16,3.21,0.33,2.6,0.51,0.0,0.0,0.4,0.0
Manon Fiorot,170.2,125.0,165.1,33.9,0.8125,16,5.57,0.4,3.76,0.65,0.94,0.29,0.87,0.0
Federico Lopez,162.6,139.0,182.9,40.0,0.625,16,1.78,0.23,5.35,0.3,0.0,0.0,0.0,0.0
Jorge Lopez,177.8,170.0,182.9,35.1,0.6875,16,2.47,0.59,2.57,0.5,3.5,0.41,0.81,0.0
Irwin Rivera,167.6,135.0,170.2,34.9,0.625,16,3.36,0.44,5.07,0.57,1.0,0.16,0.7,0.0
Lee Gibson,170.2,155.0,182.9,47.5,0.75,16,0.0,0.0,0.0,0.0,0.0,0.0,0.0,0.0
Nate Quarry,182.9,185.0,182.9,51.8,0.75,16,4.96,0.44,2.8,0.66,0.25,0.33,0.6,0.0
Damian Piwowarczyk,198.1,205.0,195.6,26.3,0.75,16,7.12,0.42,7.53,0.49,0.0,0.0,0.0,0.0
Ailin Perez,165.1,135.0,167.6,29.2,0.875,16,2.82,0.54,1.79,0.56,4.34,0.45,0.66,0.1
Pablo Garza,185.4,145.0,185.4,40.3,0.75,16,3.37,0.44,2.7,0.5,0.94,0.25,0.15,1.3
Victoria Leonardo,165.1,125.0,162.6,33.9,0.5625,16,3.22,0.38,4.81,0.47,1.57,0.27,0.71,0.0
Rickson Zenidim,170.2,125.0,170.2,24.9,0.875,16,1.67,0.32,4.07,0.33,0.0,0.0,0.0,0.0
Mike Ricci,182.9,155.0,193.0,37.8,0.6875,16,1.8,0.32,1.64,0.65,0.67,1.0,0.54,0.0
Claudio Ribeiro,185.4,185.0,195.6,31.5,0.6875,16,3.59,0.51,4.9,0.3,0.56,0.5,0.66,0.0
Ciryl Gane,193.0,247.0,203.2,33.7,0.875,16,5.4,0.61,2.31,0.6,0.66,0.23,0.47,0.6
Ariel Gandulla,180.3,205.0,182.9,55.7,0.4375,16,1.95,0.23,2.07,0.72,1.88,0.66,0.0,0.0
Victor Reyna,180.3,170.0,188.0,37.4,0.6875,16,5.8,0.63,4.75,0.42,0.0,0.0,1.0,0.0
Jeremy Freitag,185.4,205.0,182.9,36.8,0.375,16,0.0,0.0,8.37,0.19,0.0,0.0,0.33,1.9
Sedriques Dumas,188.0,185.0,200.7,28.4,0.625,16,1.95,0.44,2.64,0.53,1.28,0.31,0.31,0.2
Travis Lutter,180.3,185.0,190.5,50.6,0.625,16,0.41,0.32,2.42,0.42,1.95,0.24,0.3,0.7
Tucker Lutz,172.7,145.0,182.9,29.5,0.75,16,3.74,0.46,3.25,0.44,1.99,0.44,0.69,0.2
Sheila Gaff,165.1,135.0,182.9,34.0,0.5625,16,1.6,0.5,2.89,0.28,0.0,0.0,0.2,0.0
Adam Fugitt,185.4,170.0,195.6,35.0,0.625,16,4.88,0.46,5.33,0.51,1.63,0.22,0.5,0.0
Denise Gomes,157.5,115.0,160.0,24.0,0.8125,16,4.4,0.48,3.19,0.52,1.38,0.34,0.66,0.7
Dylan Potter,188.0,225.0,195.6,29.0,0.625,16,3.1,0.48,5.78,0.46,0.0,0.0,0.33,1.1
Jianping Yang,170.2,145.0,182.9,35.1,0.6875,16,1.4,0.26,2.07,0.65,1.0,0.25,0.33,0.0
Frank Gomez,177.8,135.0,170.2,37.8,0.625,16,1.52,0.48,0.79,0.66,1.14,0.6,0.7,0.8
Mike Grundy,170.2,145.0,182.9,37.0,0.75,16,2.09,0.45,4.45,0.56,4.06,0.28,0.5,0.4
Bekzat Almakhan,170.2,135.0,172.7,26.2,0.75,16,2.58,0.39,4.23,0.52,0.0,0.0,0.59,0.0
Rodrigo Gripp de Sousa,180.3,205.0,182.9,36.8,0.4375,16,0.48,0.23,4.81,0.52,0.0,0.0,0.0,6.985999999999967
Tatsuya Saika,182.9,155.0,185.4,33.3,0.6875,16,6.67,0.44,9.91,0.43,0.0,0.0,0.66,0.0
Jason Saggo,180.3,155.0,180.3,38.1,0.75,16,2.5,0.39,2.94,0.52,2.33,0.4,0.23,0.0
Maurice Greene,198.1,258.0,203.2,37.5,0.5625,16,3.28,0.45,3.61,0.45,0.0,0.0,0.27,0.4
Marcin Wrzosek,175.3,155.0,182.9,36.2,0.75,16,3.47,0.43,4.07,0.43,3.0,0.25,0.33,0.0
Thomas Petersen,185.4,250.0,188.0,28.8,0.6875,16,3.04,0.59,2.57,0.54,2.95,0.42,0.87,0.4
Pablo Alfonso,172.7,145.0,182.9,40.6,0.5625,16,0.0,0.0,0.0,0.0,0.0,0.0,0.0,0.0
Jim Alers,175.3,145.0,180.3,37.2,0.8125,16,2.9,0.4,4.38,0.56,2.26,0.41,0.8,0.3
Cameron Else,175.3,135.0,180.3,36.7,0.625,16,1.99,0.4,8.09,0.51,0.0,0.0,0.0,0.0
Ivan Serati,182.9,205.0,182.9,36.8,0.75,16,0.86,0.26,5.33,0.29,0.0,0.0,0.0,0.0
Alex Enlund,177.8,145.0,182.9,36.6,0.875,16,0.0,0.0,0.0,0.0,0.0,0.0,0.0,0.0
Luana Pinheiro,157.5,115.0,160.0,31.1,0.6875,16,3.29,0.39,4.06,0.6,2.33,0.37,0.71,0.2
Billy Evangelista,172.7,155.0,172.7,43.2,0.8125,16,4.51,0.4,3.96,0.61,1.6,0.19,0.61,0.2
Manuel Exposito,170.2,145.0,172.7,23.6,0.8125,16,2.53,0.27,9.73,0.34,2.0,0.4,1.0,0.0
Jason Gonzalez,188.0,155.0,188.0,33.8,0.6875,16,3.06,0.39,3.13,0.58,0.0,0.0,0.3,1.0
Jamal Pogues,190.5,205.0,195.6,28.1,0.6875,16,3.57,0.46,3.97,0.49,2.0,0.46,0.7,0.0
Dongi Yang,177.8,185.0,185.4,39.1,0.8125,16,3.55,0.51,3.21,0.63,1.7,0.41,0.61,0.5
Manuel Rodriguez,175.3,170.0,182.9,38.7,0.6875,16,0.81,0.33,3.23,0.38,8.49,0.75,0.0,0.0
Jesus Aguilar,162.6,125.0,160.0,27.8,0.75,16,2.54,0.38,2.29,0.61,1.52,0.29,0.45,1.1
Silvana Gomez Juarez,160.0,115.0,165.1,39.1,0.6875,16,4.26,0.32,4.04,0.61,0.0,0.0,0.3,0.0
Shem Rock,180.3,155.0,185.4,30.2,0.75,16,3.03,0.39,4.4,0.49,1.0,0.13,0.88,0.0
Grigory Popov,170.2,135.0,172.7,39.7,0.8125,16,3.63,0.37,4.2,0.55,0.0,0.0,0.45,0.0
Feng Xiaocan,167.6,115.0,170.2,22.2,0.6875,16,4.3,0.49,1.67,0.66,0.67,1.0,0.63,0.0
Hiroko Yamanaka,180.3,135.0,182.9,45.2,0.8125,16,2.1,0.26,3.54,0.63,0.0,0.0,1.0,0.0
Kevin Casey,180.3,185.0,195.6,42.5,0.5625,16,2.27,0.53,3.76,0.46,0.79,0.22,0.27,0.4
Nate Mohr,175.3,155.0,182.9,40.8,0.5625,16,3.79,0.41,2.5,0.74,0.45,0.5,0.71,0.0
Carlos Ulberg,193.0,205.0,195.6,33.1,0.9375,16,6.57,0.55,4.03,0.51,0.53,0.6,0.85,0.2
Austin Springer,172.7,145.0,180.3,36.6,0.75,16,3.54,0.57,3.15,0.41,3.37,0.4,1.0,0.8
Igor Cavalcanti,180.3,185.0,200.7,26.2,0.875,16,5.11,0.5,3.43,0.51,2.71,0.75,0.66,0.0
Magomed Bibulatov,165.1,125.0,165.1,35.4,0.875,16,3.6,0.51,1.83,0.52,2.85,0.4,0.75,0.0
Nick Newell,177.8,155.0,182.9,37.8,0.875,16,3.53,0.46,4.07,0.36,0.0,0.0,0.33,0.0
Bobby Southworth,188.0,205.0,182.9,54.0,0.625,16,0.99,0.39,1.38,0.65,3.98,0.78,0.64,1.3
Austin Bashi,167.6,145.0,177.8,22.3,0.875,16,1.89,0.42,2.34,0.52,6.09,0.35,0.63,1.4
Manoel Sousa,175.3,155.0,177.8,26.6,0.9375,16,4.27,0.48,3.48,0.55,0.36,0.2,0.73,1.1
Farid Basharat,172.7,135.0,180.3,26.4,1.0,16,4.46,0.54,3.24,0.6,3.57,0.37,0.54,0.3
Kento Imai,177.8,125.0,182.9,24.4,0.75,16,0.0,0.0,0.0,0.0,0.0,0.0,0.0,0.0
Khomkrit Niimi,157.5,125.0,182.9,36.8,0.375,16,0.0,0.0,5.73,0.44,0.0,0.0,0.0,0.0
Carlos Vera,167.6,135.0,175.3,36.2,0.75,16,1.53,0.57,2.79,0.49,0.0,0.0,0.25,1.6
Peter Barrett,177.8,145.0,185.4,37.4,0.6875,16,4.18,0.61,4.32,0.42,1.39,0.22,0.66,0.0
Hans Nijman,182.9,250.0,182.9,59.08599999999997,0.5625,16,0.0,0.0,0.0,0.0,0.0,0.0,0.0,0.0
Alexander Morgan,177.8,145.0,180.3,32.6,0.6875,16,3.71,0.44,2.78,0.47,0.0,0.0,0.0,0.0
Nikola Joksovic,177.8,170.0,182.9,29.3,1.0,16,0.0,0.0,0.0,0.0,0.0,0.0,0.0,0.0
Mats Nilsson,185.4,170.0,182.9,40.1,0.6875,16,2.99,0.39,5.62,0.63,3.87,0.83,0.44,2.3
Vitor Vianna,177.8,205.0,182.9,44.1,0.75,16,3.1,0.3,8.28,0.52,0.0,0.0,0.0,0.0
Johnny Munoz,175.3,135.0,180.3,30.9,0.75,16,2.44,0.36,2.66,0.55,2.4,0.25,0.45,1.8
Soichi Nishida,180.3,265.0,182.9,56.8,0.3125,16,0.0,0.0,0.0,0.0,0.0,0.0,0.0,0.0
Khamzat Chimaev,188.0,185.0,190.5,29.7,0.9375,16,4.01,0.54,2.98,0.52,5.32,0.58,0.87,1.4
Hecher Sosa,175.3,135.0,177.8,28.4,0.9375,16,4.53,0.47,2.5,0.61,2.0,0.36,0.69,1.0
Benardo Sopaj,167.6,135.0,167.6,23.3,0.8125,16,4.39,0.58,4.69,0.52,2.43,0.6,0.76,0.8
Mitch Clarke,177.8,155.0,185.4,38.1,0.6875,16,2.35,0.34,3.27,0.47,0.64,0.15,0.5,0.4
Azamat Nuftillaev,182.9,234.0,195.6,30.0,0.8125,16,0.6,0.56,1.6,0.25,4.0,0.44,0.0,0.0
Carlos Huachin,162.6,135.0,170.2,27.6,0.625,16,2.1,0.21,4.8,0.5,0.0,0.0,0.66,0.0
Erin Blanchfield,162.6,125.0,167.6,24.7,0.875,16,5.24,0.44,4.25,0.58,1.96,0.34,0.78,0.9
Kristof Midoux,185.4,220.0,182.9,49.4,0.375,16,0.7,0.43,2.89,0.49,0.0,0.0,0.0,0.0
Josh Neal,182.9,185.0,182.9,36.8,0.3125,16,0.0,0.0,0.0,0.0,0.0,0.0,0.0,0.0
Vince Murdock,167.6,145.0,162.6,32.8,0.75,16,1.21,0.21,7.17,0.4,0.0,0.0,0.0,0.0
Clifford Starks,182.9,185.0,198.1,42.7,0.8125,16,1.94,0.33,2.49,0.58,1.94,1.0,0.6,0.0
Timothy Johnson,190.5,265.0,195.6,38.8,0.75,16,3.43,0.45,3.08,0.44,1.09,0.24,0.69,0.0
Andre Mussi,190.5,242.0,182.9,36.8,0.6875,16,0.0,0.0,10.59,0.35,0.0,0.0,0.0,0.0
Yan Cabral,180.3,155.0,185.4,40.6,0.8125,16,2.02,0.47,1.98,0.62,2.89,0.35,0.37,1.2
Manny Bermudez,177.8,145.0,180.3,29.5,0.875,16,2.92,0.61,2.68,0.46,3.06,0.54,0.0,3.1
Ricky Johnson,172.7,145.0,182.9,36.8,0.625,16,1.83,0.25,6.3,0.36,0.0,0.0,0.0,0.0
Katsuhiko Nagata,170.2,154.0,182.9,50.2,0.375,16,1.05,0.19,1.5,0.63,0.98,0.28,0.28,0.0
Cynthia Calvillo,162.6,115.0,162.6,36.5,0.5625,16,4.41,0.38,4.12,0.64,1.8,0.44,0.77,0.8
Len Bentley,175.3,155.0,182.9,41.1,0.625,16,0.0,0.0,0.0,0.0,0.0,0.0,0.0,0.0
Rashid Vagabov,170.2,125.0,160.0,25.5,0.875,16,1.87,0.38,0.93,0.67,3.0,0.5,1.0,3.0
Darren Uyenoyama,167.6,125.0,165.1,44.2,0.625,16,1.34,0.39,2.21,0.66,1.42,0.33,0.35,0.7
Gerald Strebendt,175.3,155.0,182.9,44.8,0.5625,16,0.0,0.0,4.0,0.38,0.0,0.0,0.0,6.985999999999967
Tokitaka Nakanishi,167.6,135.0,167.6,27.4,0.75,16,1.1,0.44,1.57,0.45,3.0,0.37,0.0,0.0
Austin Vanderford,180.3,170.0,188.0,33.8,0.8125,16,3.04,0.59,2.71,0.48,3.08,0.35,1.0,1.2
George Stork,177.8,185.0,182.9,36.8,0.4375,16,0.0,0.0,0.0,0.0,0.0,0.0,0.0,0.0
Mohammed Usman,188.0,239.0,200.7,34.8,0.75,16,3.85,0.39,4.27,0.51,0.56,0.14,0.66,0.0
Denis Stojnic,182.9,245.0,182.9,43.9,0.8125,16,1.51,0.23,6.06,0.36,0.0,0.0,0.8,1.0
Phillip Miller,180.3,185.0,182.9,44.9,1.0,16,1.61,0.54,1.93,0.5,3.62,0.25,1.0,0.6
Antonio Carlos Junior,188.0,185.0,200.7,33.8,0.6875,16,1.95,0.42,2.14,0.52,3.42,0.39,0.53,0.8
Jeff Bedard,167.6,145.0,182.9,53.9,0.8125,16,0.8,0.51,0.0,0.7985999999999968,3.43,0.66,1.0,2.6
Nad Narimani,172.7,145.0,177.8,36.7,0.75,16,3.33,0.42,3.0,0.58,1.92,0.41,0.7,0.0
William Knight,177.8,205.0,185.4,35.7,0.6875,16,2.62,0.56,3.3,0.35,1.78,0.4,0.48,0.4
Bojan Mihajlovic,180.3,205.0,185.4,43.8,0.625,16,1.23,0.35,5.95,0.47,0.0,0.0,0.33,0.0
Seokhyeon Ko,177.8,170.0,180.3,30.3,0.8125,16,3.15,0.5,1.93,0.62,3.0,0.52,0.5,0.2
Luana Carolina,167.6,135.0,175.3,30.6,0.6875,16,4.65,0.51,3.46,0.51,0.3,0.37,0.68,0.6
Damian Stasiak,165.1,135.0,177.8,33.9,0.625,16,1.86,0.36,3.1,0.52,2.64,0.35,0.43,0.6
Jeff Hougland,170.2,135.0,172.7,45.4,0.625,16,1.86,0.48,3.46,0.47,0.86,0.18,0.0,1.1
Brad Morris,188.0,205.0,182.9,44.2,0.625,16,0.5,0.62,6.95,0.27,0.0,0.0,0.0,0.0
Blair Tugman,182.9,135.0,182.9,36.8,0.625,16,2.25,0.53,0.93,0.5,7.5,0.6,0.0,0.0
Ivan Shtyrkov,182.9,205.0,188.0,35.6,0.9375,16,0.0,0.0,0.0,0.0,0.0,0.0,0.0,0.0
Jeremiah Labiano,177.8,135.0,182.9,36.8,0.6875,16,0.0,0.0,0.0,0.0,0.0,0.0,0.0,0.0
Ryan Couture,177.8,155.0,185.4,41.3,0.6875,16,3.54,0.45,2.87,0.54,1.55,0.29,0.46,1.3
Tim Credeur,190.5,185.0,190.5,46.5,0.75,16,3.59,0.3,3.13,0.57,0.41,1.0,0.5,3.3
Jamahal Hill,193.0,205.0,200.7,32.6,0.75,16,6.19,0.51,4.03,0.44,0.0,0.0,0.73,0.0
Kiefer Crosbie,180.3,170.0,177.8,33.7,0.625,16,4.46,0.64,5.8,0.46,0.0,0.0,0.4,0.0
Treston Thomison,172.7,145.0,182.9,36.8,0.625,16,0.0,0.0,0.0,0.0,0.0,0.0,0.0,0.0
Olivier Aubin-Mercier,175.3,155.0,177.8,34.9,0.6875,16,2.48,0.51,2.97,0.55,2.36,0.33,0.7,0.5
Shuya Kamikubo,165.1,135.0,172.7,30.7,0.8125,16,3.83,0.54,4.9,0.47,1.5,0.15,0.0,0.5
Adam Bramhald,177.8,135.0,177.8,29.8,0.8125,16,7.65,0.45,8.05,0.33,0.0,0.0,1.0,0.0
Josh Thornburg,182.9,170.0,182.9,39.6,0.5,16,1.2,0.5,3.13,0.38,2.0,0.66,0.42,2.0
Toshiomi Kazama,170.2,135.0,175.3,26.6,0.6875,16,1.49,0.53,4.56,0.38,1.94,0.16,0.66,1.0
Justice Torres,170.2,145.0,167.6,26.2,0.75,16,0.79,0.22,8.29,0.53,5.92,0.5,0.0,0.0
Alex Karalexis,172.7,155.0,167.6,46.3,0.625,16,2.57,0.42,2.39,0.54,2.7,0.45,0.86,0.9
Henry Corrales,175.3,145.0,182.9,36.8,0.8125,16,4.12,0.41,5.84,0.55,0.0,0.0,0.69,0.0
Josh Culibao,177.8,145.0,185.4,29.6,0.6875,16,3.41,0.44,3.04,0.59,0.0,0.0,0.65,0.3
Ashkan Mokhtarian,167.6,125.0,170.2,38.3,0.8125,16,1.95,0.43,3.66,0.43,0.54,0.16,0.33,0.0
Sam Oropeza,188.0,170.0,182.9,38.5,0.8125,16,7.68,0.56,1.44,0.7,3.6,0.33,1.0,0.0
Wade Shipp,190.5,245.0,182.9,48.9,0.6875,16,4.29,0.75,2.14,0.0,0.0,0.0,0.75,0.0
AJ Cunningham,177.8,135.0,180.3,29.3,0.6875,16,4.22,0.29,6.31,0.48,0.0,0.0,0.46,0.5
Katsuyori Shibata,182.9,168.0,182.9,44.1,0.25,16,2.06,0.35,2.4,0.53,0.49,0.5,0.53,0.7
Will Currie,190.5,185.0,193.0,25.1,0.75,16,2.73,0.47,5.67,0.44,2.0,0.13,0.5,0.0
Nissen Osterneck,188.0,185.0,182.9,42.7,0.75,16,3.15,0.58,2.9,0.41,0.63,0.12,0.42,1.3
Kamal Shalorus,172.7,155.0,172.7,51.3,0.5625,16,3.06,0.32,2.99,0.7,2.07,0.5,0.8,0.0
Askar Askarov,167.6,125.0,170.2,31.2,0.875,16,3.05,0.54,2.8,0.57,2.6,0.24,0.66,0.4
Danny Henry,182.9,145.0,185.4,35.5,0.75,16,5.2,0.51,4.16,0.45,0.74,0.33,0.5,2.2
Ben Wall,177.8,155.0,182.9,34.8,0.5,16,1.47,0.29,8.53,0.29,0.0,0.0,1.0,0.0
Kazuki Okubo,180.3,175.0,182.9,44.5,0.4375,16,1.53,0.38,1.97,0.46,0.51,0.25,0.36,2.0
Tracy Cortez,165.1,125.0,165.1,30.1,0.75,16,3.95,0.48,3.61,0.53,2.04,0.4,0.59,0.3
Mehdi Baghdad,185.4,155.0,182.9,38.7,0.6875,16,3.13,0.3,4.56,0.46,0.0,0.0,0.33,0.0
Abdul Azeem Badakhshi,177.8,145.0,182.9,36.8,0.8125,16,0.0,0.0,0.0,0.0,0.0,0.0,0.0,0.0
Gavin Tucker,167.6,145.0,167.6,37.5,0.8125,16,4.29,0.44,4.18,0.57,3.13,0.44,0.53,1.5
Alexia Thainara,162.6,115.0,170.2,28.1,0.9375,16,4.8,0.47,2.76,0.55,3.95,0.53,1.0,1.4
Tony Sims,180.3,155.0,177.8,38.2,0.75,16,1.81,0.63,0.76,0.65,0.71,0.5,0.5,0.7
Richard Odoms,195.6,265.0,182.9,48.7,0.8125,16,0.0,0.0,0.0,0.0,0.0,0.0,0.0,0.0
Brandon Visher,167.6,135.0,172.7,39.7,0.8125,16,2.55,0.45,3.76,0.42,0.67,0.2,0.0,0.0
Josh Copeland,185.4,265.0,182.9,41.2,0.75,16,1.03,0.31,3.01,0.55,0.0,0.0,0.57,0.0
Elias Silverio,180.3,155.0,185.4,37.3,0.8125,16,3.67,0.49,2.97,0.51,1.62,0.38,0.85,0.2
Alden Coria,172.7,125.0,170.2,25.7,0.8125,16,4.05,0.41,2.21,0.69,2.21,0.54,0.56,1.5
Khalid Murtazaliev,182.9,185.0,193.0,30.5,0.875,16,4.8,0.69,0.4,0.78,7.5,1.0,0.33,0.0
Ottman Azaitar,172.7,155.0,180.3,33.9,0.8125,16,4.43,0.44,4.11,0.52,0.0,0.0,1.0,0.0
Brandon Thatch,188.0,170.0,188.0,38.5,0.6875,16,2.7,0.42,3.63,0.52,1.36,0.66,0.5,0.7
Leonardo Silva de Oliveira,188.0,185.0,182.9,31.7,0.75,16,1.07,0.4,0.54,0.5,8.49,0.5,0.0,0.0
Francisco Trevino,175.3,155.0,177.8,42.0,0.8125,16,2.65,0.42,2.42,0.64,0.97,0.22,0.41,0.0
Taylor Moore,177.8,135.0,177.8,30.2,0.6666666666666666,15,0.2,0.75,2.07,0.42,0.0,0.0,0.25,0.0
Ricardo Morais,198.1,265.0,182.9,56.8,0.6666666666666666,15,2.86,0.37,2.39,0.53,0.0,0.0,0.0,0.0
Oumar Sy,193.0,205.0,203.2,28.1,0.8,15,3.57,0.51,1.97,0.64,2.9,0.35,0.66,0.6
Shanna Young,170.2,125.0,165.1,32.9,0.6,15,3.18,0.47,4.88,0.43,0.0,0.0,0.53,0.6
Paulo Renato Junior,182.9,205.0,185.4,29.9,0.8,15,4.89,0.45,5.18,0.56,0.0,0.0,1.0,0.0
Omar Morales,180.3,155.0,185.4,38.2,0.7333333333333333,15,3.42,0.4,3.18,0.58,0.46,1.0,0.63,0.0
Gauge Young,175.3,155.0,177.8,23.5,0.7333333333333333,15,6.88,0.52,5.73,0.52,1.2,0.31,0.75,0.0
Puja Tomar,157.5,115.0,160.0,30.1,0.6,15,5.27,0.49,5.42,0.46,0.0,0.0,0.75,0.0
Ian Rammel,182.9,185.0,182.9,38.4,0.4666666666666667,15,0.0,0.0,0.0,0.0,0.0,0.0,0.0,0.0
Karl Roberson,185.4,205.0,188.0,33.2,0.6,15,2.57,0.51,2.42,0.57,0.72,0.4,0.4,0.5
Jason Young,175.3,145.0,185.4,37.5,0.6,15,2.97,0.37,3.2,0.5,1.98,0.66,0.55,0.0
Eduarda Moura,167.6,125.0,170.2,29.8,0.8,15,2.49,0.37,2.4,0.58,3.42,0.34,0.8,0.6
Juan Manuel Puig,175.3,145.0,182.9,34.7,0.7333333333333333,15,4.91,0.23,7.17,0.51,0.0,0.0,0.0,0.0
Alex Ricci,180.3,155.0,182.9,41.4,0.6666666666666666,15,2.48,0.41,2.53,0.64,0.0,0.0,0.64,0.0
Andrey Pulyaev,193.0,185.0,198.1,26.3,0.6666666666666666,15,3.6,0.55,2.94,0.55,0.27,0.16,0.56,0.0
Richie Miranda,172.7,155.0,190.5,29.4,0.8666666666666667,15,3.07,0.38,4.47,0.43,1.0,0.11,0.0,0.0
Ryo Tajima,172.7,135.0,180.3,24.4,0.8,15,2.9,0.45,3.23,0.64,2.5,0.5,0.5,0.0
Jeremiah Riggs,182.9,185.0,182.9,41.0,0.4666666666666667,15,0.0,0.0,0.0,0.0,0.0,0.0,0.0,0.0
Lolohea Mahe,177.8,155.0,182.9,36.8,0.6666666666666666,15,1.71,0.29,6.92,0.4,2.44,0.4,0.0,0.0
Ruslan Magomedov,190.5,242.0,198.1,37.1,0.9333333333333333,15,4.02,0.47,1.47,0.66,0.33,1.0,0.88,0.0
Jon Tuck,180.3,155.0,185.4,39.3,0.6666666666666666,15,3.0,0.4,3.74,0.6,0.42,0.33,0.5,1.0
Bec Rawlings,167.6,125.0,162.6,34.9,0.4666666666666667,15,4.48,0.42,5.66,0.57,0.71,0.4,0.68,0.4
Kanako Murata,157.5,115.0,160.0,30.4,0.8,15,2.15,0.56,2.4,0.53,3.38,0.56,1.0,0.8
Marco Polo Reyes,180.3,155.0,180.3,39.1,0.5333333333333333,15,6.0,0.37,5.52,0.59,0.0,0.0,0.46,0.0
Mike Rio,177.8,155.0,177.8,42.5,0.6666666666666666,15,1.68,0.39,2.99,0.53,2.58,0.27,0.0,1.0
Sheymon Moraes,172.7,145.0,182.9,33.2,0.7333333333333333,15,3.0,0.42,3.64,0.63,0.0,0.0,0.53,0.0
Mike Rhodes,185.4,170.0,188.0,34.1,0.6666666666666666,15,3.2,0.39,4.13,0.64,0.96,0.33,0.75,0.5
Nicolae Negumereanu,182.9,205.0,198.1,29.3,0.8666666666666667,15,3.58,0.41,5.56,0.39,1.02,0.28,0.62,0.0
Taylor Roberts,180.3,170.0,182.9,36.8,0.2,15,0.0,0.0,0.0,0.0,0.0,0.0,0.0,0.0
Buddy Roberts,188.0,185.0,182.9,41.2,0.8,15,2.17,0.34,2.08,0.7,0.0,0.0,0.76,0.7
Jordan Williams,185.4,185.0,190.5,33.2,0.6,15,5.83,0.5,5.46,0.35,1.11,0.5,0.85,0.0
Yuri Villefort,182.9,170.0,185.4,32.8,0.6666666666666666,15,3.18,0.43,5.42,0.55,2.0,0.35,0.4,0.3
Viviane Pereira,157.5,115.0,160.0,30.3,0.8666666666666667,15,2.7,0.3,4.48,0.58,0.25,1.0,0.28,0.2
Andrew Martinez,175.3,215.0,182.9,36.8,0.6,15,3.4,0.31,2.3,0.47,1.5,0.5,0.0,0.0
Tre'ston Vines,182.9,185.0,200.7,27.5,0.6666666666666666,15,0.78,0.5,1.68,0.48,5.39,0.4,0.28,0.0
Joby Sanchez,167.6,135.0,172.7,32.5,0.7333333333333333,15,3.22,0.36,2.82,0.63,0.95,0.71,0.51,0.4
Tyson Pedro,190.5,205.0,200.7,32.3,0.6666666666666666,15,2.9,0.59,2.39,0.56,0.76,0.3,0.5,0.8
Andy Ogle,172.7,145.0,175.3,34.9,0.6,15,2.24,0.44,2.23,0.5,1.44,0.26,0.58,0.0
Pawel Pawlak,182.9,170.0,185.4,34.9,0.8,15,1.67,0.33,2.22,0.53,1.0,0.37,0.7,0.0
Djorden Santos,182.9,185.0,190.5,26.4,0.7333333333333333,15,6.43,0.42,6.63,0.48,0.47,0.28,0.85,0.0
Thomas Paull,170.2,155.0,170.2,29.2,0.7333333333333333,15,7.33,0.33,8.67,0.64,0.0,0.0,0.0,0.0
James Wade,177.8,205.0,182.9,51.9,0.26666666666666666,15,0.0,0.0,0.0,0.0,0.0,0.0,0.0,0.0
Keisuke Sasu,165.1,145.0,175.3,29.3,0.7333333333333333,15,2.76,0.49,2.42,0.48,3.76,0.4,0.61,1.9
Kiril Sidelnikov,180.3,230.0,182.9,35.4,0.7333333333333333,15,2.87,0.28,4.48,0.61,0.0,0.0,0.0,0.0
Harvey Park,182.9,155.0,177.8,37.8,0.8,15,3.77,0.5,7.21,0.33,0.0,0.0,0.0,0.0
Brendan Schaub,193.0,245.0,198.1,40.8,0.6666666666666666,15,2.92,0.37,2.22,0.57,2.32,0.46,0.72,0.4
Chris Wade,177.8,155.0,177.8,36.3,0.8,15,1.7,0.53,1.75,0.51,2.6,0.51,0.55,1.1
AJ Matthews,180.3,185.0,182.9,35.9,0.5333333333333333,15,5.11,0.52,4.96,0.51,0.0,0.0,1.0,0.0
Gadzhi Omargadzhiev,185.4,170.0,180.3,30.9,0.8666666666666667,15,1.8,0.39,2.2,0.39,1.35,0.3,0.6,0.5
Josh Shockley,185.4,155.0,182.9,34.1,0.7333333333333333,15,1.4,0.33,1.75,0.6,0.0,0.0,0.61,0.8
Fredson Paixao,167.6,145.0,167.6,44.6,0.6666666666666666,15,1.71,0.54,2.31,0.62,0.62,0.11,0.1,2.2
George Pacurariu,170.2,135.0,182.9,39.4,0.6666666666666666,15,4.69,0.53,2.68,0.63,5.03,1.0,1.0,5.0
Charles McCarthy,177.8,185.0,180.3,43.4,0.6666666666666666,15,0.18,0.12,4.03,0.56,2.67,0.6,0.0,2.7
Fabia Sintes,170.2,125.0,165.1,29.4,0.8,15,1.87,0.57,0.67,0.68,3.0,0.37,1.0,3.0
Emil Meek,180.3,170.0,188.0,35.4,0.6,15,2.52,0.39,2.53,0.38,0.25,0.33,0.47,1.0
Adilet Nurmatov,177.8,155.0,182.9,26.4,0.8666666666666667,15,0.0,0.0,0.0,0.0,0.0,0.0,0.0,0.0
Journey Newson,165.1,135.0,170.2,34.8,0.6666666666666666,15,2.64,0.32,2.57,0.64,0.56,0.16,0.43,0.3
Floyd Sword,182.9,185.0,182.9,47.4,0.8,15,0.78,0.42,1.57,0.4,0.0,0.0,0.33,0.0
Hidehiko Yoshida,180.3,225.0,182.9,54.3,0.4,15,1.05,0.36,1.89,0.62,1.09,0.33,0.71,2.2
Wagner Prado,182.9,205.0,188.0,37.0,0.8,15,1.72,0.4,3.06,0.5,0.0,0.0,0.22,0.0
John Yannis,170.2,135.0,177.8,29.5,0.6666666666666666,15,3.56,0.49,4.07,0.62,0.0,0.0,0.8,0.0
Mike Stumpf,177.8,170.0,182.9,37.4,0.7333333333333333,15,3.34,0.43,8.85,0.47,1.59,0.25,0.33,0.8
Chad Robichaux,162.6,135.0,182.9,48.4,0.8666666666666667,15,0.0,0.0,0.0,0.0,0.0,0.0,0.0,0.0
Ken Stone,172.7,135.0,180.3,41.2,0.7333333333333333,15,3.85,0.49,2.9,0.48,1.24,0.33,0.6,0.6
Oskar Piechota,182.9,185.0,193.0,33.9,0.7333333333333333,15,3.3,0.52,3.93,0.51,0.61,0.4,0.38,1.5
Marco Ruas,185.4,210.0,182.9,59.08599999999997,0.6,15,0.0,0.0,0.0,0.0,0.0,0.0,0.0,0.0
Quemuel Ottoni,182.9,155.0,182.9,31.2,0.8,15,0.0,0.0,0.0,0.0,0.0,0.0,0.0,0.0
Montserrat Conejo Ruiz,157.5,115.0,160.0,30.9,0.6666666666666666,15,2.21,0.29,6.19,0.44,1.75,0.5,0.44,0.6
Pablo Villaseca,170.2,155.0,182.9,36.9,0.8,15,2.79,0.42,3.25,0.65,2.5,0.5,0.33,0.0
Ramsey Nijem,180.3,155.0,190.5,35.8,0.6,15,3.05,0.44,1.62,0.62,5.32,0.62,0.55,1.1
Danilo Marques,198.1,205.0,195.6,38.0,0.7333333333333333,15,1.44,0.75,2.52,0.52,3.93,0.28,0.0,0.8
Julian Marquez,188.0,185.0,182.9,33.7,0.6,15,5.06,0.45,5.35,0.5,0.0,0.0,0.54,2.6
John Marsh,182.9,265.0,182.9,53.3,0.5333333333333333,15,0.83,0.42,2.23,0.4,0.43,1.0,0.54,0.4
Nazim Sadykhov,177.8,155.0,175.3,29.6,0.7333333333333333,15,4.69,0.48,5.42,0.49,1.08,0.45,0.72,0.2
Justin Wren,188.0,265.0,182.9,36.7,0.8666666666666667,15,3.43,0.35,2.07,0.64,0.0,0.0,1.0,0.0
Kiru Sahota,177.8,125.0,185.4,28.6,0.8,15,4.05,0.52,2.64,0.41,0.92,0.33,0.5,0.5
Axel Sola,182.9,155.0,188.0,26.3,0.8666666666666667,15,4.55,0.51,4.52,0.6,1.79,0.36,0.66,0.5
Jason Novelli,182.9,155.0,182.9,44.6,0.7333333333333333,15,1.73,0.24,3.55,0.66,0.7,0.33,1.0,0.0
Devonte Smith,175.3,155.0,193.0,30.4,0.7333333333333333,15,4.55,0.53,3.91,0.49,0.35,0.25,0.85,0.3
Artur Oumakhanov,170.2,154.0,182.9,44.8,0.6,15,1.2,0.33,1.67,0.7985999999999968,3.0,0.75,0.33,0.0
Ilimbek Akylbek,177.8,135.0,182.9,21.6,0.8,15,2.59,0.5,2.59,0.53,6.47,0.5,0.0,0.0
Rafael Estevam,172.7,135.0,175.3,27.4,0.9333333333333333,15,2.4,0.39,3.9,0.45,4.91,0.33,0.66,0.2
Chris Hawk,185.4,205.0,182.9,38.0,0.3333333333333333,15,0.0,0.0,0.0,0.0,0.0,0.0,0.0,0.0
Arman Ashimov,167.6,125.0,182.9,32.0,0.7333333333333333,15,0.0,0.0,0.0,0.0,0.0,0.0,0.0,0.0
Ozzy Diaz,193.0,185.0,200.7,33.1,0.6666666666666666,15,5.08,0.49,6.59,0.6,0.0,0.0,0.5,0.0
Garrett Armfield,167.6,135.0,177.8,27.2,0.6666666666666666,15,5.35,0.53,3.64,0.56,1.1,0.5,0.64,0.6
Mike Dolce,180.3,185.0,182.9,47.7,0.3333333333333333,15,0.0,0.0,0.0,0.0,0.0,0.0,0.0,0.0
Arlene Blencowe,165.1,145.0,182.9,40.7,0.6,15,2.31,0.43,2.1,0.43,0.0,0.0,0.55,0.6
Kyle Driscoll,180.3,145.0,188.0,29.3,0.8,15,2.73,0.32,2.6,0.58,2.0,0.18,0.0,0.0
Trey Houston,180.3,185.0,182.9,35.6,0.7333333333333333,15,0.0,0.0,0.0,0.0,0.0,0.0,0.0,0.0
Rilley Dutro,172.7,125.0,182.9,36.3,0.7333333333333333,15,4.74,0.54,5.95,0.33,0.0,0.0,0.83,0.0
Ben Earwood,172.7,170.0,182.9,36.8,0.8,15,0.5,0.55,0.2,0.33,3.0,1.0,0.0,0.0
Cody East,190.5,245.0,182.9,35.5,0.8,15,4.15,0.43,7.32,0.4,3.97,1.0,0.16,0.0
Adam Antolin,165.1,125.0,160.0,41.8,0.8,15,5.73,0.52,5.0,0.69,0.0,0.0,1.0,0.0
Paddy Holohan,177.8,125.0,175.3,35.7,0.8,15,2.13,0.46,2.81,0.46,2.88,0.47,0.71,1.3
Alex Andrade,180.3,200.0,182.9,49.6,0.6666666666666666,15,0.2,0.36,2.6,0.53,0.0,0.0,0.25,0.8
Andrew Holbrook,180.3,155.0,177.8,37.9,0.8,15,2.2,0.49,3.0,0.54,0.85,0.18,0.1,2.1
Rodrigo Lidio,180.3,155.0,185.4,34.5,0.8,15,0.97,0.5,0.0,0.7985999999999968,0.0,0.0,0.5,0.0
Evan Esguerra,177.8,145.0,182.9,45.5,0.5333333333333333,15,0.0,0.0,0.0,0.0,0.0,0.0,0.0,0.0
Corey Hill,193.0,155.0,203.2,45.2,0.4,15,3.57,0.46,1.61,0.7,3.02,0.8,1.0,0.0
Alvaro Herrera Mendoza,182.9,155.0,188.0,33.6,0.6,15,1.89,0.38,3.4,0.55,0.0,0.0,0.33,1.1
Sijara Eubanks,162.6,125.0,170.2,38.7,0.5333333333333333,15,4.3,0.43,3.43,0.57,1.9,0.44,0.66,0.3
Carlos Hernandez,172.7,125.0,170.2,30.2,0.6666666666666666,15,3.83,0.45,3.5,0.5,1.56,0.21,0.65,0.2
Dan Evensen,190.5,250.0,182.9,49.6,0.7333333333333333,15,0.27,0.1,3.86,0.38,0.0,0.0,0.0,4.0
Luis Henrique,188.0,243.0,188.0,30.4,0.6666666666666666,15,1.81,0.43,2.22,0.47,3.09,0.36,0.5,1.0
Josh Ferguson,165.1,125.0,182.9,35.6,0.6666666666666666,15,2.13,0.43,4.18,0.32,0.59,0.11,0.54,0.0
Gabriella Fernandes,167.6,125.0,167.6,30.4,0.7333333333333333,15,3.51,0.46,5.31,0.53,0.42,0.18,0.68,0.2
Sarah Alpar,162.6,135.0,160.0,32.6,0.6,15,2.36,0.44,6.06,0.38,1.61,0.26,0.2,0.4
Eric Irvin,172.7,155.0,182.9,38.0,0.7333333333333333,15,3.27,0.42,4.47,0.36,4.0,0.3,0.33,0.0
Tony DeSouza,182.9,170.0,177.8,49.4,0.7333333333333333,15,1.12,0.52,1.57,0.41,2.25,0.42,0.4,1.5
Jose Delgado,180.3,145.0,185.4,25.7,0.8,15,5.5,0.5,3.95,0.52,1.11,0.35,0.62,0.0
Chris Jones,175.3,149.0,182.9,42.1,0.6666666666666666,15,0.0,0.0,0.0,0.0,0.0,0.0,0.0,0.0
Tom Breese,190.5,185.0,185.4,32.3,0.8,15,3.34,0.5,2.81,0.6,0.0,0.0,0.7,1.1
Jarred Brooks,160.0,125.0,160.0,30.7,0.8666666666666667,15,2.12,0.46,1.66,0.62,4.54,0.57,0.69,0.6
KyeungPyo Kim,175.3,155.0,180.3,31.9,0.7333333333333333,15,6.77,0.46,6.32,0.63,3.87,0.4,1.0,0.0
JP Buys,165.1,135.0,170.2,27.7,0.6,15,1.88,0.39,3.02,0.4,1.55,0.25,0.25,2.3
Joe Benoit,175.3,170.0,182.9,41.8,0.7333333333333333,15,0.0,0.0,0.0,0.7985999999999968,0.0,0.0,0.0,0.0
Ricky Camp,170.2,135.0,182.9,36.8,0.7333333333333333,15,0.0,0.0,0.0,0.0,0.0,0.0,0.0,0.0
Bruno Carvalho,172.7,154.0,182.9,41.6,0.6666666666666666,15,0.6,0.45,0.93,0.53,0.0,0.0,0.66,4.0
Rafael Carvalho,190.5,185.0,182.9,37.4,0.9333333333333333,15,1.94,0.5,1.84,0.54,2.77,0.4,0.7,0.0
Rafael Cerqueira,190.5,205.0,193.0,33.8,0.7333333333333333,15,1.56,0.43,5.05,0.36,0.0,0.0,0.36,0.0
Chris Beal,170.2,125.0,175.3,38.4,0.6666666666666666,15,3.45,0.35,3.18,0.61,1.6,0.58,0.78,0.2
Bryan Battle,185.4,185.0,195.6,29.3,0.8666666666666667,15,5.12,0.52,4.11,0.44,0.77,0.17,0.53,0.4
Johnny Cisneros,180.3,170.0,182.9,43.9,0.6,15,0.0,0.0,0.0,0.0,0.0,0.0,0.0,0.0
Rich Attonito,177.8,170.0,182.9,46.5,0.6666666666666666,15,2.28,0.47,2.13,0.59,0.74,0.37,0.75,0.0
Pat Barry,180.3,235.0,188.0,44.5,0.5333333333333333,15,2.72,0.52,3.54,0.59,0.0,0.0,0.76,0.2
Dan Cramer,188.0,170.0,182.9,38.2,0.7333333333333333,15,0.97,0.3,2.1,0.31,0.0,0.0,0.66,0.5
Deshaun Johnson,177.8,167.0,182.9,53.1,0.4,15,2.27,0.41,6.67,0.43,0.0,0.0,0.0,0.0
Gary Balletto,172.7,170.0,177.8,28.9,0.7333333333333333,15,1.24,0.33,5.73,0.4,0.0,0.0,0.0,0.0
Maciej Jewtuszko,182.9,155.0,182.9,42.9,0.8,15,2.29,0.45,1.39,0.66,0.0,0.0,0.42,0.9
Carina Damm,162.6,135.0,182.9,36.8,0.13333333333333333,15,0.0,0.0,0.0,0.0,0.0,0.0,0.0,0.0
Bubba Jenkins,170.2,145.0,182.9,35.9,0.7333333333333333,15,2.41,0.37,1.58,0.67,7.23,0.68,1.0,0.0
Gigo Jara,175.3,145.0,182.9,36.8,0.4,15,2.26,0.57,2.71,0.51,0.0,0.0,0.66,0.0
Germaine de Randamie,175.3,135.0,180.3,39.7,0.6666666666666666,15,2.57,0.46,2.0,0.65,0.0,0.0,0.65,0.4
Javy Ayala,185.4,265.0,182.9,35.4,0.6666666666666666,15,0.83,0.25,5.0,0.33,0.0,0.0,0.0,0.0
Blas Avena,182.9,170.0,188.0,40.5,0.5333333333333333,15,2.34,0.47,3.36,0.43,2.37,0.8,0.5,1.8
Jake Hecht,182.9,170.0,185.4,39.9,0.7333333333333333,15,3.26,0.47,2.76,0.56,2.04,0.37,0.4,0.0
Derek Downey,185.4,185.0,182.9,43.7,0.7333333333333333,15,0.32,0.75,3.36,0.12,2.4,0.16,0.0,0.0
Jerry Bohlander,180.3,199.0,182.9,49.9,0.7333333333333333,15,0.0,0.0,0.0,0.0,0.0,0.0,0.0,0.0
Andreas Gustafsson,185.4,170.0,185.4,32.9,0.8,15,5.82,0.71,3.63,0.45,6.19,0.58,1.0,0.0
Agulali,175.3,125.0,170.2,21.6,0.8666666666666667,15,2.74,0.6,2.19,0.59,0.0,0.0,1.0,0.0
Fernie Garcia,170.2,135.0,170.2,31.7,0.6666666666666666,15,2.04,0.34,3.79,0.48,0.28,0.5,0.5,0.6
Jakob Lovstad,190.5,205.0,182.9,44.0,0.7333333333333333,15,0.0,0.0,9.43,0.35,0.0,0.0,0.0,0.0
Tobias Harila,177.8,155.0,182.9,30.0,0.8,15,0.0,0.0,0.0,0.0,0.0,0.0,0.0,0.0
CJ Hamilton,170.2,125.0,172.7,37.2,0.7333333333333333,15,2.47,0.31,3.93,0.58,0.0,0.0,0.62,0.0
Mariya Agapova,167.6,125.0,172.7,26.7,0.6666666666666666,15,4.43,0.54,3.62,0.52,0.55,0.66,0.45,0.8
Ange Loosa,177.8,170.0,188.0,30.8,0.6666666666666666,15,5.46,0.46,6.59,0.52,2.53,0.39,0.83,0.2
Loma Lookboonmee,157.5,115.0,160.0,28.0,0.6666666666666666,15,3.58,0.55,2.45,0.53,1.76,0.5,0.7,0.1
Apollo Gomes,172.7,135.0,177.8,23.5,0.8666666666666667,15,5.07,0.47,3.2,0.58,3.0,0.23,1.0,0.0
Eduardo Garagorri,175.3,145.0,177.8,34.6,0.8666666666666667,15,3.42,0.51,2.36,0.58,0.48,1.0,0.61,0.0
Ricardo Funch,177.8,170.0,188.0,43.4,0.6,15,2.61,0.65,3.57,0.4,1.24,0.18,0.6,0.0
Luis Gurule,165.1,125.0,162.6,30.1,0.7333333333333333,15,5.44,0.43,5.35,0.57,0.64,0.15,0.6,0.2
Jake Hadley,170.2,135.0,177.8,27.4,0.7333333333333333,15,3.8,0.43,4.16,0.61,0.33,0.11,0.54,1.1
Zane Frazier,195.6,250.0,182.9,36.8,0.26666666666666666,15,0.0,0.0,0.0,0.0,0.0,0.0,0.0,0.0
Gregor Gillespie,170.2,155.0,180.3,37.1,0.9333333333333333,15,3.74,0.52,2.3,0.57,6.86,0.48,1.0,0.8
Shamil Gamzatov,188.0,205.0,193.0,33.4,0.9333333333333333,15,5.35,0.48,3.46,0.51,0.0,0.0,0.5,0.0
Yanis Ghemmouri,175.3,135.0,175.3,28.9,0.8,15,2.29,0.38,5.14,0.35,0.0,0.0,0.0,0.0
Mahammadali Osmanli,177.8,135.0,182.9,21.6,0.8666666666666667,15,2.59,0.46,2.59,0.5,0.0,0.0,0.5,0.0
Kantharaj Agasa,177.8,135.0,182.9,31.9,0.8,15,0.0,0.0,0.0,0.0,0.0,0.0,0.0,0.0
Stephanie Frausto,157.5,115.0,160.0,33.3,0.5333333333333333,15,1.43,0.21,3.57,0.6,0.0,0.0,0.0,0.0
Justin Hawes,180.3,205.0,182.9,45.0,0.4,15,0.0,0.0,3.41,0.37,0.0,0.0,0.0,0.0
Rolando Perez,172.7,135.0,182.9,36.8,0.5,14,4.23,0.36,4.83,0.63,0.0,0.0,1.0,0.0
Frankie Perez,180.3,155.0,185.4,34.6,0.7142857142857143,14,1.64,0.41,2.17,0.54,1.75,0.41,0.5,0.3
Vinicius Moreira,193.0,205.0,193.0,34.8,0.6428571428571429,14,3.15,0.59,5.07,0.43,1.97,0.18,0.0,1.3
Kevin Jousset,188.0,170.0,190.5,30.7,0.7142857142857143,14,6.61,0.51,6.49,0.5,0.69,0.4,1.0,0.3
Sam Spengler,180.3,185.0,182.9,47.7,0.6428571428571429,14,3.27,0.62,3.27,0.54,1.75,0.11,0.75,1.8
Dagiisuren Chagnaadorj,172.7,145.0,180.3,24.0,0.8571428571428571,14,2.86,0.27,3.03,0.58,4.2,0.5,1.0,0.8
Adam Cella,188.0,170.0,182.9,38.5,0.42857142857142855,14,1.91,0.42,2.61,0.51,3.92,0.75,0.5,1.3
Luciano Pereira,177.8,125.0,182.9,23.0,0.9285714285714286,14,0.0,0.0,0.0,0.0,0.0,0.0,0.0,0.0
Gareth Joseph,177.8,205.0,182.9,39.3,0.6428571428571429,14,0.0,0.0,0.0,0.0,0.0,0.0,0.0,0.0
Sarah Moras,170.2,135.0,170.2,35.7,0.42857142857142855,14,2.28,0.34,3.58,0.5,0.67,0.21,0.33,0.8
Billy Giovanella,172.7,125.0,182.9,38.4,0.6428571428571429,14,1.27,0.4,2.02,0.52,0.87,0.12,1.0,1.7
Billy Ray Goff,177.8,170.0,182.9,25.5,0.6428571428571429,14,6.06,0.46,7.29,0.51,1.25,0.11,0.66,0.0
Darryl Cobb,175.3,185.0,182.9,43.4,0.42857142857142855,14,0.0,0.0,0.0,0.0,0.0,0.0,0.0,0.0
Ananias Mulumba,167.6,145.0,177.8,25.3,0.7142857142857143,14,4.44,0.43,4.72,0.52,0.0,0.0,0.66,0.7
Andreas Stahl,180.3,170.0,182.9,35.6,0.7142857142857143,14,2.83,0.37,4.74,0.57,1.55,0.66,0.8,0.0
Felipe Colares,172.7,145.0,175.3,29.8,0.7142857142857143,14,2.17,0.45,4.65,0.36,1.88,0.24,0.43,0.5
Chandler Cole,177.8,264.0,182.9,29.0,0.7142857142857143,14,2.45,0.6,3.59,0.26,0.0,0.0,0.0,0.0
Nora Cornolle,170.2,135.0,170.2,34.1,0.7142857142857143,14,2.65,0.54,1.95,0.57,0.91,0.31,0.5,0.4
Miguel Cosio,193.0,205.0,182.9,42.9,0.07142857142857142,14,0.0,0.0,0.0,0.0,0.0,0.0,0.0,0.0
Oscar Cota,182.9,230.0,182.9,39.2,0.7857142857142857,14,0.33,0.41,2.47,0.41,0.0,0.0,0.6,1.0
Tony Johnson,185.4,265.0,182.9,36.8,0.7857142857142857,14,2.0,0.53,4.73,0.31,2.0,0.22,0.0,0.0
Alexander Crispim,177.8,145.0,182.9,36.8,0.5714285714285714,14,0.0,0.0,0.0,0.0,0.0,0.0,0.0,0.0
Serhiy Sidey,180.3,135.0,182.9,27.5,0.8571428571428571,14,4.49,0.39,4.26,0.54,1.58,0.25,0.2,1.3
Ken Cross,182.9,155.0,182.9,29.2,0.7857142857142857,14,2.2,0.57,1.4,0.55,1.0,0.12,0.66,0.0
Allen Crowder,190.5,245.0,193.0,34.1,0.7142857142857143,14,2.95,0.51,2.95,0.56,1.85,0.33,1.0,1.2
Liudvik Sholinian,177.8,135.0,180.3,33.9,0.6428571428571429,14,2.5,0.3,5.67,0.55,0.0,0.0,0.66,0.0
Nick Catone,182.9,185.0,182.9,42.3,0.7142857142857143,14,2.11,0.44,2.32,0.63,3.71,0.44,0.83,0.5
Shane Carwin,188.0,265.0,203.2,49.0,0.8571428571428571,14,4.38,0.47,3.53,0.53,1.42,0.33,0.42,0.0
Brandon Cash,195.6,255.0,182.9,36.8,0.7142857142857143,14,5.42,0.72,0.68,0.33,8.49,0.66,0.0,0.0
Dustin Kimura,170.2,135.0,180.3,34.6,0.7857142857142857,14,1.33,0.21,3.82,0.51,0.93,0.37,0.5,2.2
Michinori Tanaka,165.1,135.0,170.2,33.2,0.7857142857142857,14,1.97,0.37,1.99,0.5,2.4,0.38,0.43,0.2
Top Noi Kiwram,165.1,125.0,170.2,31.4,0.6428571428571429,14,4.47,0.59,3.23,0.66,2.72,0.85,0.74,0.0
Ramon Taveras,172.7,145.0,177.8,30.0,0.7142857142857143,14,4.07,0.43,6.45,0.54,0.0,0.0,0.72,0.0
J.T Taylor,177.8,155.0,182.9,36.8,0.5,14,3.17,0.75,3.7,0.26,3.96,1.0,0.0,6.985999999999967
Dave Terrel,172.7,170.0,182.9,45.6,0.5,14,2.62,0.43,2.8,0.48,3.28,0.38,1.0,0.0
David Michaud,175.3,155.0,182.9,35.1,0.7857142857142857,14,3.25,0.43,4.45,0.54,2.53,0.58,0.77,0.7
Mario Piazzon,175.3,238.0,185.4,25.7,0.8571428571428571,14,1.25,0.73,1.07,0.4,8.49,0.48,0.5,0.0
Marcus Brimage,162.6,135.0,180.3,38.7,0.5,14,3.97,0.35,3.64,0.56,0.56,1.0,0.8,0.0
Lucas Brennan,177.8,155.0,182.9,23.6,0.7857142857142857,14,0.6,0.25,2.2,0.52,0.0,0.0,0.33,1.0
Armen Petrosyan,190.5,185.0,180.3,33.2,0.6428571428571429,14,5.84,0.53,3.31,0.53,0.17,0.33,0.41,0.0
Martin Bravo,172.7,145.0,180.3,30.3,0.7857142857142857,14,7.66,0.39,5.72,0.51,2.6,0.35,0.85,0.0
Kyron Bowen,190.5,185.0,185.4,30.0,0.6428571428571429,14,2.73,0.57,2.05,0.4,0.0,0.0,0.0,0.0
Steve Bosse,180.3,205.0,182.9,42.4,0.8571428571428571,14,5.99,0.52,5.38,0.5,0.92,0.33,1.0,0.0
Salim Touahri,177.8,170.0,182.9,34.3,0.7142857142857143,14,2.6,0.46,2.87,0.58,0.0,0.0,0.83,0.0
Alexander Trevino,177.8,170.0,182.9,36.8,0.5,14,0.0,0.0,0.0,0.0,0.0,0.0,0.0,0.0
Gaston Bolanos,170.2,145.0,175.3,31.3,0.6428571428571429,14,3.91,0.47,3.54,0.54,0.75,0.75,0.5,0.0
Michael Trizano,180.3,145.0,180.3,32.0,0.7857142857142857,14,3.63,0.53,4.4,0.5,0.36,0.66,0.72,0.5
Alberto Mina,182.9,170.0,195.6,41.7,0.9285714285714286,14,3.23,0.38,3.7,0.47,1.85,0.2,0.5,0.0
Todd Gouwenberg,185.4,205.0,182.9,49.3,0.6428571428571429,14,0.52,0.23,2.93,0.42,1.57,0.33,0.5,0.0
James Moontasri,177.8,170.0,180.3,35.7,0.6428571428571429,14,2.39,0.48,3.86,0.4,0.0,0.0,0.79,0.2
Tony Sylvester,185.4,225.0,182.9,45.9,0.7857142857142857,14,0.0,0.0,10.12,0.12,0.0,0.0,0.0,0.0
Steve Montgomery,193.0,185.0,182.9,33.0,0.6428571428571429,14,4.85,0.39,4.12,0.47,0.0,0.0,0.64,0.0
Alberto Montes,170.2,145.0,175.3,29.6,0.8571428571428571,14,4.7,0.48,11.61,0.52,0.0,0.0,0.77,3.4
Timmy Cuamba,175.3,135.0,180.3,24.9,0.7142857142857143,14,2.88,0.42,3.72,0.55,1.18,0.31,0.71,0.0
Ulysses Gomez,167.6,125.0,182.9,40.6,0.6428571428571429,14,2.72,0.25,3.57,0.68,0.0,0.0,0.0,0.0
Laureano Staropoli,185.4,185.0,180.3,30.8,0.6428571428571429,14,3.31,0.34,3.73,0.54,0.83,0.26,0.48,0.0
Lewis Gonzalez,177.8,170.0,182.9,36.3,0.7857142857142857,14,1.4,0.37,1.87,0.41,2.0,0.33,0.62,0.0
Kyle Stewart,182.9,170.0,193.0,34.9,0.7857142857142857,14,1.41,0.35,2.42,0.43,1.32,0.2,0.6,0.0
Dos Caras Jr.,193.0,225.0,182.9,46.6,0.6428571428571429,14,0.77,0.23,1.2,0.59,0.0,0.0,0.72,0.0
Masuto Kawana,167.6,145.0,175.3,28.9,0.7142857142857143,14,2.54,0.41,3.79,0.41,8.49,0.55,1.0,0.0
Chad Griggs,185.4,205.0,185.4,45.6,0.7857142857142857,14,2.67,0.5,2.22,0.46,1.51,0.66,0.41,0.0
Thiago Perpetuo,177.8,170.0,182.9,36.0,0.6428571428571429,14,5.39,0.69,3.51,0.51,2.82,0.5,0.66,0.0
Tatiana Suarez,165.1,115.0,167.6,33.0,0.9285714285714286,14,2.86,0.6,1.63,0.44,4.52,0.45,0.57,0.7
Matheus Camilo,177.8,155.0,175.3,23.0,0.7857142857142857,14,2.22,0.43,3.05,0.66,4.16,0.53,0.0,0.6
Sulangrangbo,175.3,135.0,167.6,21.6,0.7142857142857143,14,3.96,0.48,3.2,0.62,0.0,0.0,0.72,0.0
Aliaskhab Khizriev,175.3,185.0,188.0,33.4,1.0,14,6.01,0.64,4.38,0.61,5.64,0.6,1.0,3.8
Toby Misech,172.7,145.0,182.9,35.8,0.6428571428571429,14,3.27,0.4,7.73,0.46,0.0,0.0,0.0,0.0
Viktor Pesta,190.5,240.0,195.6,33.5,0.7142857142857143,14,1.58,0.36,2.54,0.56,3.29,0.28,1.0,0.0
Nick Penner,193.0,205.0,182.9,43.8,0.7857142857142857,14,1.25,0.3,4.6,0.38,0.0,0.0,0.4,0.0
Tommy Hayden,175.3,145.0,182.9,37.8,0.7857142857142857,14,1.48,0.27,2.05,0.55,3.42,0.33,0.66,0.0
Antonina Shevchenko,172.7,125.0,170.2,39.1,0.7142857142857143,14,3.86,0.55,2.93,0.52,0.43,0.42,0.53,0.4
Marcos da Matta,162.6,145.0,182.9,50.8,0.7857142857142857,14,0.0,0.0,0.0,0.0,0.0,0.0,0.0,0.0
Tom Erikson,190.5,265.0,182.9,59.08599999999997,0.6428571428571429,14,0.94,0.47,1.87,0.25,4.68,0.6,1.0,6.2
Ronda Rousey,170.2,135.0,167.6,36.9,0.8571428571428571,14,4.17,0.52,4.14,0.44,6.26,0.68,0.5,4.8
Sam Hoger,188.0,205.0,182.9,43.5,0.7142857142857143,14,1.07,0.25,2.25,0.57,1.12,0.38,0.29,1.3
Andy Enz,190.5,185.0,198.1,32.4,0.7142857142857143,14,3.51,0.23,5.32,0.57,0.0,0.0,0.58,0.0
Robert Ruchala,172.7,145.0,182.9,25.6,0.7857142857142857,14,3.37,0.34,5.2,0.45,1.0,0.22,0.71,0.0
Bolaji Oki,177.8,155.0,185.4,28.1,0.7142857142857143,14,6.42,0.45,5.12,0.61,1.02,0.57,0.75,0.0
Saul Elizondo,170.2,135.0,182.9,38.5,0.42857142857142855,14,2.07,0.3,4.93,0.48,2.0,1.0,0.66,1.0
George Hardwick,177.8,155.0,182.9,27.1,0.8571428571428571,14,3.6,0.38,4.6,0.71,0.0,0.0,0.83,0.0
Barb Honchak,162.6,125.0,165.1,44.3,0.7142857142857143,14,4.04,0.3,4.67,0.66,0.0,0.0,0.0,1.3
Justin Edwards,177.8,155.0,177.8,40.9,0.6428571428571429,14,2.68,0.42,3.32,0.51,2.14,0.26,0.27,1.0
Casey O'Neill,167.6,125.0,175.3,26.2,0.8571428571428571,14,7.6,0.52,5.36,0.57,1.35,0.34,0.7,0.8
Zach Reese,193.0,185.0,195.6,29.8,0.7142857142857143,14,4.47,0.54,4.0,0.43,2.74,0.61,0.52,1.2
Mickey Gall,188.0,170.0,188.0,31.9,0.5,14,3.5,0.49,4.72,0.49,1.15,0.32,0.37,1.6
Elise Reed,160.0,115.0,160.0,31.1,0.5714285714285714,14,3.5,0.52,4.16,0.48,0.41,0.6,0.52,0.0
Yuma Horiuchi,167.6,125.0,170.2,26.3,0.6428571428571429,14,3.73,0.3,5.0,0.35,2.0,0.16,0.0,2.0
Nick Ertl,175.3,155.0,182.9,55.2,0.5714285714285714,14,1.34,0.69,1.59,0.41,1.88,0.5,0.0,0.0
Roberto Romero,172.7,145.0,177.8,23.9,0.5714285714285714,14,4.56,0.49,6.44,0.44,0.0,0.0,0.71,0.0
Marcus Hicks,167.6,155.0,162.6,48.1,0.7142857142857143,14,1.42,0.43,3.06,0.61,2.7,0.53,0.25,4.0
Alptekin Ozkilic,165.1,125.0,165.1,37.8,0.6428571428571429,14,3.81,0.32,5.72,0.59,4.21,0.58,0.75,0.0
Luke Riley,175.3,145.0,175.3,24.5,1.0,14,6.67,0.58,3.86,0.61,0.0,0.0,0.37,0.0
Mario Rivera,177.8,170.0,182.9,36.8,0.42857142857142855,14,0.0,0.0,8.41,0.2,0.0,0.0,0.0,0.0
Edwin Figueroa,170.2,135.0,175.3,39.4,0.6428571428571429,14,2.57,0.39,3.06,0.51,0.2,1.0,0.37,0.6
Erisson Ferreira,167.6,125.0,177.8,32.7,0.8571428571428571,14,1.75,0.32,2.75,0.56,1.11,1.0,0.66,1.7
Kaue Fernandes,175.3,155.0,185.4,28.8,0.7857142857142857,14,4.26,0.55,1.63,0.6,1.16,1.0,0.76,0.0
Ahmad Hassanzada,185.4,155.0,190.5,27.1,0.7857142857142857,14,3.16,0.39,4.42,0.38,2.43,0.19,0.0,1.2
Brad Riddell,170.2,155.0,180.3,32.3,0.7142857142857143,14,4.71,0.53,3.53,0.53,1.77,0.36,0.63,0.0
Conor Heun,177.8,155.0,182.9,44.9,0.6428571428571429,14,2.92,0.36,3.66,0.54,2.45,0.31,0.33,0.3
Paulo Henrique,170.2,125.0,175.3,21.6,0.8571428571428571,14,0.93,0.32,1.87,0.61,0.0,0.0,0.5,0.0
Machi Fukuda,157.5,115.0,160.0,21.6,0.7857142857142857,14,1.42,0.33,2.06,0.52,8.23,0.6,0.33,0.0
Piera Rodriguez,160.0,115.0,160.0,31.1,0.8571428571428571,14,4.04,0.46,3.13,0.53,4.04,0.5,0.81,0.0
Gustavo Gabriel,167.6,125.0,182.9,29.8,0.9285714285714286,14,4.06,0.65,4.26,0.46,0.0,0.0,0.5,0.0
Ricardo Romero,182.9,205.0,193.0,45.7,0.7857142857142857,14,2.17,0.55,4.77,0.46,1.63,0.1,1.0,3.3
Jimy Hettes,175.3,145.0,180.3,36.6,0.7857142857142857,14,3.47,0.57,3.5,0.57,5.2,0.44,0.61,1.4
Francesco Nuzzi,167.6,135.0,180.3,27.3,0.8571428571428571,14,9.008599999999996,0.55,4.0,0.42,0.0,0.0,0.0,0.0
Antoni Hardonk,193.0,245.0,198.1,47.9,0.5714285714285714,14,3.4,0.61,3.07,0.46,0.0,0.0,0.4,0.9
Brandon Saling,177.8,170.0,182.9,37.9,0.5714285714285714,14,2.88,0.4,6.08,0.2,0.0,0.0,0.57,0.0
Stanislav Nedkov,180.3,205.0,180.3,42.1,0.8571428571428571,14,3.33,0.43,5.39,0.43,2.77,0.41,0.0,0.0
Nick Denis,170.2,135.0,182.9,40.2,0.7857142857142857,14,6.54,0.53,5.42,0.36,2.8,1.0,0.8,0.0
Roland Delorme,175.3,135.0,180.3,40.0,0.6428571428571429,14,2.28,0.44,4.32,0.4,2.51,0.34,0.42,1.6
Melissa Gatto,165.1,125.0,175.3,27.7,0.6428571428571429,14,3.47,0.49,2.67,0.54,1.77,0.27,0.58,0.4
Humberto DeLeon,177.8,135.0,182.9,34.1,0.5,14,0.0,0.0,0.0,0.0,0.0,0.0,0.0,0.0
Carlo Pedersoli Jr.,180.3,170.0,190.5,30.6,0.7857142857142857,14,4.17,0.37,4.12,0.61,2.91,0.44,0.0,0.0
Yoislandy Izquierdo,180.3,155.0,182.9,40.0,0.7142857142857143,14,2.93,0.52,1.4,0.26,0.0,0.0,0.5,0.0
Jose Quinonez,172.7,135.0,175.3,33.4,0.6428571428571429,14,3.6,0.45,3.0,0.64,2.7,0.47,0.42,0.6
Kyosuke Sasaki,170.2,183.0,182.9,44.2,0.21428571428571427,14,0.33,0.45,0.93,0.46,0.0,0.0,0.0,0.0
Jeremy Jackson,177.8,170.0,182.9,41.3,0.6428571428571429,14,0.71,0.27,2.03,0.25,1.52,0.4,0.58,0.0
Bassil Hafez,180.3,170.0,182.9,31.9,0.6428571428571429,14,3.71,0.38,5.68,0.41,2.21,0.24,0.5,0.0
Jefferson Nascimento,172.7,155.0,177.8,25.1,0.9285714285714286,14,2.42,0.48,2.56,0.57,0.0,0.0,0.66,0.0
Rodrigo Nascimento,188.0,246.0,203.2,31.1,0.7857142857142857,14,3.71,0.47,4.34,0.44,1.02,0.37,0.6,0.5
Chase Gibson,177.8,155.0,182.9,33.9,0.6428571428571429,14,3.13,0.54,6.4,0.52,0.0,0.0,0.0,0.0
Leonardo Damiani,177.8,170.0,175.3,33.3,0.7142857142857143,14,1.67,0.23,4.17,0.37,0.0,0.0,0.5,0.0
Victor Dias,167.6,125.0,175.3,33.0,0.7857142857142857,14,2.87,0.44,5.8,0.55,5.0,0.41,0.0,0.0
Davi Ramos,167.6,155.0,177.8,37.2,0.7142857142857143,14,2.64,0.37,3.44,0.56,1.95,0.4,0.83,0.6
Diyar Nurgozhay,188.0,205.0,188.0,26.7,0.8571428571428571,14,5.19,0.61,2.81,0.59,1.19,0.75,0.72,0.0
Joseph Sandoval,170.2,135.0,182.9,37.6,0.5,14,1.82,0.42,12.12,0.6,0.0,0.0,0.0,0.0
Josiane Nunes,157.5,135.0,170.2,30.0,0.7142857142857143,14,5.65,0.43,5.76,0.51,0.0,0.0,0.58,0.0
Quillan Salkilld,182.9,155.0,190.5,24.0,0.9285714285714286,14,4.73,0.56,2.79,0.46,6.86,0.36,0.81,1.0
Matthieu Duclos,190.5,185.0,193.0,28.7,0.7857142857142857,14,3.93,0.38,6.06,0.49,0.0,0.0,1.0,0.0
Joe Duarte,177.8,155.0,182.9,46.9,0.7142857142857143,14,2.27,0.38,4.0,0.53,3.0,0.5,0.69,1.0
Jeff Hughes,188.0,250.0,195.6,35.6,0.7142857142857143,14,3.95,0.51,3.67,0.6,0.71,0.5,0.45,0.0
Turrell Galloway,160.0,145.0,182.9,47.4,0.5714285714285714,14,0.0,0.0,0.0,0.0,0.0,0.0,0.0,0.0
Jacob Noe,177.8,205.0,182.9,43.4,0.21428571428571427,14,0.0,0.0,0.0,0.0,0.0,0.0,0.0,0.0
Mike Nickels,193.0,205.0,182.9,52.1,0.6428571428571429,14,4.44,0.52,1.11,0.64,8.49,0.8,0.0,2.8
Will Santiago,170.2,185.0,182.9,40.9,0.6428571428571429,14,1.47,0.39,5.53,0.56,1.0,0.5,1.0,0.0
Mitch Raposo,165.1,125.0,162.6,25.2,0.7857142857142857,14,1.91,0.38,2.92,0.6,1.98,0.36,0.68,0.0
Gabriel Santos,175.3,145.0,177.8,27.1,0.8571428571428571,14,4.35,0.6,4.31,0.45,3.8,0.54,0.87,1.2
Fabiano Iha,172.7,155.0,182.9,53.4,0.6428571428571429,14,1.73,0.47,2.49,0.42,2.88,0.4,0.5,2.9
Gokhan Saricam,190.5,265.0,190.5,32.8,0.8571428571428571,14,5.87,0.47,6.18,0.38,0.0,0.0,1.0,0.0
Mark Dickman,175.3,145.0,182.9,39.5,0.7857142857142857,14,0.0,0.0,0.0,0.0,0.0,0.0,0.0,0.0
Martin Day,177.8,145.0,185.4,35.1,0.5714285714285714,14,3.97,0.45,3.79,0.53,0.72,0.6,0.65,0.5
Wayne Phillips,177.8,185.0,182.9,40.5,0.5,14,0.0,0.0,0.0,0.0,0.0,0.0,0.0,0.0
Dione Barbosa,167.6,125.0,167.6,31.6,0.7142857142857143,14,2.15,0.45,2.29,0.64,2.47,0.44,0.63,2.1
Li Yunfeng,172.7,135.0,172.7,24.8,0.6428571428571429,14,0.53,0.29,2.55,0.35,0.0,0.0,0.5,0.0
Josh McDonald,177.8,185.0,182.9,36.8,0.6428571428571429,14,0.8,0.57,3.4,0.33,8.49,0.5,0.0,0.0
Antonio Arroyo,190.5,185.0,185.4,34.5,0.6428571428571429,14,2.82,0.66,2.02,0.5,1.14,0.41,0.41,0.2
Mana Martinez,177.8,135.0,177.8,27.8,0.7142857142857143,14,4.33,0.48,4.94,0.5,0.72,0.42,0.25,0.5
Niklas Backstrom,185.4,145.0,182.9,34.4,0.7857142857142857,14,1.12,0.41,3.65,0.4,2.92,0.8,0.72,2.2
Richard Walsh,182.9,170.0,185.4,35.1,0.6428571428571429,14,3.84,0.46,2.72,0.58,1.55,0.4,0.66,0.2
Liam McGeary,198.1,205.0,182.9,41.2,0.8571428571428571,14,1.28,0.48,1.92,0.5,0.51,1.0,0.0,2.5
Richie Vaculik,167.6,125.0,175.3,40.5,0.7142857142857143,14,3.69,0.46,4.09,0.57,3.0,0.45,0.31,1.0
Justin Lawrence,172.7,145.0,170.2,33.6,0.7142857142857143,14,3.84,0.35,2.83,0.67,0.72,0.28,0.73,0.0
Eliot Marshall,188.0,205.0,195.6,43.5,0.7142857142857143,14,1.93,0.27,2.39,0.67,0.47,0.33,0.79,0.9
Enrique Marin,177.8,170.0,182.9,37.3,0.7142857142857143,14,1.43,0.33,3.0,0.5,2.5,0.38,0.6,1.0
Raul Rosas Jr.,175.3,135.0,170.2,21.6,0.9285714285714286,14,2.12,0.43,2.17,0.47,5.02,0.53,0.53,0.7
Akbar Abdullaev,175.3,155.0,177.8,26.3,1.0,14,9.008599999999996,0.75,0.0,0.7985999999999968,0.0,0.0,0.0,0.0
Cole Williams,182.9,170.0,185.4,40.0,0.7857142857142857,14,0.31,0.27,5.34,0.23,0.0,0.0,0.25,0.0
Papy Abedi,180.3,185.0,182.9,45.5,0.7142857142857143,14,2.8,0.55,3.15,0.48,3.47,0.57,0.5,1.3
Khadzhi Bestaev,198.1,185.0,193.0,35.5,0.7142857142857143,14,6.15,0.29,10.0,0.43,0.0,0.0,0.0,0.0
Sheldon Westcott,185.4,170.0,180.3,39.4,0.7142857142857143,14,2.26,0.4,3.73,0.37,3.23,0.37,0.14,0.0
Aaron Wetherspoon,177.8,170.0,182.9,45.0,0.6428571428571429,14,2.27,0.32,4.33,0.45,0.0,0.0,0.77,0.0
JeongYeong Lee,177.8,145.0,185.4,28.1,0.7857142857142857,14,3.38,0.49,3.82,0.5,0.63,0.66,0.72,0.3
Tim Lajcik,185.4,225.0,182.9,58.5,0.5,14,0.0,0.0,0.0,0.0,0.0,0.0,0.0,0.0
Pat Audinwood,182.9,155.0,182.9,37.7,0.7857142857142857,14,1.17,0.12,4.31,0.41,0.8,0.5,0.0,0.0
Yazmin Jauregui,160.0,115.0,162.6,24.8,0.8571428571428571,14,7.26,0.4,5.29,0.55,0.34,0.16,1.0,0.0
Matthew Lopez,170.2,135.0,175.3,36.9,0.7142857142857143,14,3.13,0.5,3.73,0.55,3.32,0.6,0.71,1.3
Darion Abbey,188.0,265.0,203.2,30.8,0.6428571428571429,14,8.44,0.5,12.828599999999996,0.28,0.0,0.0,0.0,0.0
Christian Edwards,195.6,205.0,198.1,25.2,0.6428571428571429,14,3.55,0.57,2.46,0.51,0.0,0.0,0.0,0.0
Chris Wright,177.8,155.0,182.9,36.8,0.5714285714285714,14,0.0,0.0,0.0,0.0,0.0,0.0,0.0,0.0
Miguel Baeza,188.0,170.0,188.0,31.4,0.7142857142857143,14,4.09,0.49,5.92,0.46,0.36,0.22,0.54,2.0
Joe Martin,175.3,170.0,182.9,36.8,0.42857142857142855,14,0.73,0.4,2.4,0.45,0.0,0.0,0.16,0.0
Allan Zuniga,170.2,155.0,177.8,31.7,0.9285714285714286,14,3.93,0.52,1.8,0.61,0.0,0.0,0.57,1.0
Joshua Weems,172.7,135.0,175.3,29.7,0.7857142857142857,14,5.25,0.64,3.34,0.61,4.77,0.4,1.0,0.0
Juliana Lima,165.1,115.0,165.1,41.8,0.6428571428571429,14,1.94,0.44,2.11,0.55,1.72,0.31,0.7,0.0
Cat Zingano,167.6,145.0,172.7,41.5,0.7142857142857143,14,2.57,0.61,1.63,0.47,2.77,0.65,0.42,0.8
Zviad Lazishvili,167.6,135.0,175.3,32.2,0.9285714285714286,14,4.2,0.39,6.13,0.51,0.0,0.0,0.0,0.0
Yousri Belgaroui,198.1,185.0,200.7,31.6,0.7857142857142857,14,6.44,0.63,2.28,0.63,0.27,1.0,0.66,0.0
Mounir Lazzez,185.4,170.0,193.0,36.1,0.7857142857142857,14,7.49,0.55,5.42,0.53,1.8,0.57,0.71,0.0
Dominic Waters,185.4,170.0,200.7,34.7,0.6428571428571429,14,0.48,0.23,2.53,0.39,4.07,0.52,0.28,0.0
Alberto Uda,190.5,185.0,182.9,39.4,0.8571428571428571,14,1.79,0.52,3.49,0.45,2.83,0.5,0.66,0.0
Eric Lawson,182.9,185.0,182.9,42.9,0.6428571428571429,14,1.58,0.57,1.97,0.44,8.49,0.42,0.0,3.0
Mark Madsen,172.7,155.0,182.9,39.3,0.8571428571428571,14,3.56,0.49,3.97,0.52,2.86,0.66,0.62,0.0
Hyder Amil,175.3,145.0,177.8,33.6,0.7857142857142857,14,5.83,0.52,4.04,0.5,0.52,0.16,0.65,0.8
Valerie Letourneau,170.2,115.0,172.7,40.7,0.5714285714285714,14,4.51,0.37,5.4,0.58,0.77,0.45,0.66,0.3
Ryoga Arimoto,160.0,125.0,160.0,25.1,0.7142857142857143,14,5.07,0.43,5.4,0.47,1.0,0.5,0.6,0.0
Marco Beltran,172.7,125.0,175.3,37.6,0.5714285714285714,14,2.07,0.37,1.93,0.63,0.7,0.5,0.46,0.2
Patrick Williams,172.7,135.0,185.4,42.3,0.5714285714285714,14,4.12,0.51,4.12,0.52,2.71,0.41,1.0,0.5
Rob Yundt,185.4,185.0,182.9,43.7,0.6428571428571429,14,1.37,0.41,2.55,0.31,2.94,1.0,0.0,0.0
MarQuel Mederos,177.8,155.0,175.3,27.1,0.8571428571428571,14,5.94,0.6,5.21,0.51,0.21,0.06,0.8,0.0
Gina Mazany,167.6,125.0,172.7,35.4,0.5384615384615384,13,3.73,0.5,3.52,0.5,4.34,0.52,0.33,0.2
Kit Cope,182.9,170.0,182.9,46.8,0.46153846153846156,13,1.18,0.52,2.12,0.35,0.0,0.0,0.5,3.5
Nohelin Hernandez,177.8,135.0,180.3,29.8,0.6923076923076923,13,1.32,0.34,2.63,0.52,0.71,0.5,0.37,0.0
Brandon Shuey,170.2,155.0,182.9,47.9,0.5384615384615384,13,0.68,0.33,1.36,0.0,0.0,0.0,0.0,6.985999999999967
Rana Rudra Pratap Singh,177.8,135.0,175.3,26.6,0.8461538461538461,13,0.0,0.0,9.05,0.27,0.0,0.0,0.0,0.0
Jon Manley,185.4,170.0,182.9,37.5,0.6923076923076923,13,1.13,0.2,4.33,0.45,1.0,0.07,0.2,0.0
Danny Silva,170.2,145.0,175.3,26.9,0.8461538461538461,13,6.35,0.54,7.1,0.61,2.06,0.36,0.75,0.2
Erik Silva,175.3,145.0,180.3,36.8,0.6923076923076923,13,2.06,0.67,1.52,0.4,3.26,0.8,0.6,0.0
Nick Barnes,180.3,170.0,182.9,36.8,0.8461538461538461,13,2.86,0.29,8.93,0.51,5.36,1.0,1.0,5.4
Rashad Coulter,180.3,205.0,193.0,42.1,0.6923076923076923,13,4.82,0.56,6.68,0.5,0.0,0.0,0.62,0.0
Andrew Craig,185.4,170.0,193.0,38.0,0.6923076923076923,13,2.39,0.4,3.01,0.5,0.53,0.37,0.72,0.0
Hailey Cowan,172.7,135.0,170.2,31.9,0.5384615384615384,13,2.72,0.41,3.12,0.41,1.8,0.37,0.8,0.0
Thomas Diagne,185.4,154.0,182.9,40.3,0.46153846153846156,13,4.53,0.48,4.53,0.63,2.0,1.0,0.66,0.0
Liana Jojua,162.6,125.0,160.0,28.8,0.6153846153846154,13,2.42,0.3,5.32,0.54,1.71,0.66,0.5,1.3
Jin Soo Son,167.6,135.0,175.3,30.8,0.6923076923076923,13,5.1,0.36,7.63,0.52,1.5,0.25,1.0,0.0
Manny Vazquez,177.8,125.0,182.9,30.1,0.8461538461538461,13,1.47,0.41,2.67,0.48,1.0,0.33,0.0,1.0
Justin Haskins,177.8,170.0,182.9,44.3,0.5384615384615384,13,1.51,0.33,2.65,0.54,1.62,0.4,0.52,0.8
Bruno Souza,177.8,145.0,177.8,27.8,0.7692307692307693,13,3.73,0.39,5.3,0.45,0.5,0.16,0.6,0.0
Tony Juarez,177.8,155.0,182.9,36.8,0.07692307692307693,13,0.89,0.25,10.34,0.38,4.43,1.0,0.66,0.0
Ryan Hayes,177.8,155.0,182.9,36.8,0.5384615384615384,13,0.0,0.0,0.0,0.0,0.0,0.0,0.0,0.0
Tom Pagliarulo,182.9,145.0,188.0,26.5,0.8461538461538461,13,4.1,0.47,3.61,0.57,3.13,0.37,1.0,0.0
Yuele Huang,177.8,145.0,182.9,23.5,1.0,13,0.0,0.0,0.0,0.0,0.0,0.0,0.0,0.0
Chris Heatherly,175.3,155.0,182.9,36.1,0.6923076923076923,13,1.08,0.45,2.67,0.52,3.39,0.5,1.0,0.7
Greg Soto,180.3,170.0,185.4,37.6,0.6923076923076923,13,3.21,0.63,2.61,0.52,1.49,0.27,0.44,1.0
Magno Almeida,182.9,155.0,182.9,38.6,0.7692307692307693,13,1.67,0.36,2.6,0.41,0.0,0.0,0.4,5.0
Ali AlQaisi,167.6,135.0,172.7,33.3,0.6153846153846154,13,2.43,0.42,1.97,0.56,3.5,0.29,0.6,1.0
AJ Fletcher,177.8,170.0,170.2,26.9,0.7692307692307693,13,3.36,0.49,4.61,0.46,1.54,0.35,0.33,0.9
Miki Motono,157.5,115.0,160.0,29.6,0.6153846153846154,13,1.27,0.27,4.2,0.57,3.0,0.3,0.0,1.0
Kevin Christian,198.1,205.0,203.2,28.9,0.6923076923076923,13,2.19,0.58,3.54,0.4,0.0,0.0,0.5,1.9
Roque Conceicao,162.6,125.0,170.2,24.2,0.7692307692307693,13,2.73,0.4,9.09,0.41,0.0,0.0,0.0,0.0
YoungJae Song,172.7,145.0,177.8,28.0,0.7692307692307693,13,2.42,0.56,2.11,0.53,0.0,0.0,0.48,0.6
David Roberts,185.4,170.0,182.9,48.1,0.38461538461538464,13,0.0,0.0,0.0,0.0,0.0,0.0,0.0,0.0
Sandra Lavado,170.2,115.0,167.6,29.7,0.7692307692307693,13,0.87,0.37,2.67,0.34,0.0,0.0,0.33,0.0
Heather Clark,167.6,115.0,162.6,43.3,0.5384615384615384,13,3.69,0.49,5.62,0.5,0.33,0.04,0.8,0.3
Mateus Soares,177.8,135.0,182.9,36.8,0.8461538461538461,13,0.0,0.0,0.0,0.0,0.0,0.0,0.0,0.0
Jacob Malkoun,175.3,185.0,185.4,28.4,0.7692307692307693,13,4.23,0.56,2.33,0.55,5.39,0.42,0.55,0.8
James Mulheron,177.8,243.0,185.4,35.9,0.8461538461538461,13,2.4,0.31,3.47,0.42,0.0,0.0,0.25,0.0
Carlos Felipe,182.9,245.0,190.5,29.0,0.8461538461538461,13,4.88,0.45,5.6,0.5,0.0,0.0,0.72,0.0
Ryan Bastianelli,165.1,135.0,182.9,44.3,0.46153846153846156,13,0.0,0.0,0.0,0.0,0.0,0.0,0.0,0.0
Andre Lima,170.2,125.0,170.2,24.9,0.9230769230769231,13,3.89,0.57,2.83,0.59,0.96,0.6,0.76,1.0
Stephen Bass,175.3,145.0,182.9,41.1,0.8461538461538461,13,4.87,0.52,5.87,0.55,0.0,0.0,0.0,0.0
Sabina Mazo,170.2,125.0,177.8,26.8,0.6923076923076923,13,6.1,0.43,4.35,0.57,0.65,0.8,0.59,0.2
Paul Jones,175.3,199.0,182.9,59.08599999999997,0.8461538461538461,13,0.0,0.0,0.0,0.0,0.0,0.0,0.0,0.0
Carlos Eduardo Rocha,177.8,170.0,185.4,42.5,0.6923076923076923,13,1.24,0.34,1.85,0.55,0.0,0.0,0.52,1.4
Josh Epps,177.8,130.0,182.9,37.4,0.46153846153846156,13,0.0,0.0,0.0,0.0,0.0,0.0,0.0,0.0
Junior Barata,177.8,170.0,182.9,41.9,0.6923076923076923,13,4.03,0.33,8.46,0.34,0.0,0.0,0.0,0.0
Henry Martinez,170.2,155.0,175.3,40.4,0.6923076923076923,13,2.79,0.25,4.01,0.6,0.0,0.0,0.8,0.0
Takahiro Oba,172.7,200.0,182.9,47.4,0.38461538461538464,13,0.23,0.25,1.82,0.69,0.0,0.0,0.0,0.0
Jeimeson Saudino,167.6,135.0,182.9,32.8,0.6153846153846154,13,0.66,0.3,0.82,0.7985999999999968,2.47,0.5,0.0,2.5
ChangHo Lee,172.7,135.0,175.3,29.6,0.8461538461538461,13,3.88,0.66,2.13,0.37,3.2,0.34,0.4,0.3
Asjabharan,167.6,135.0,182.9,31.4,0.5384615384615384,13,0.0,0.0,0.0,0.0,0.0,0.0,0.0,0.0
Satoshi Honma,185.4,205.0,182.9,55.6,0.3076923076923077,13,0.0,0.0,0.0,0.0,0.0,0.0,0.0,0.0
Patrick Walsh,180.3,185.0,182.9,35.1,0.7692307692307693,13,2.03,0.19,2.83,0.64,3.0,0.54,1.0,1.5
Yukio Sakaguchi,175.3,185.0,182.9,50.4,0.46153846153846156,13,0.3,0.25,2.4,0.5,4.5,1.0,0.0,6.985999999999967
Dakota Hope,167.6,155.0,172.7,26.9,0.8461538461538461,13,7.07,0.41,7.0,0.33,1.0,0.33,1.0,0.0
Luana Santos,167.6,135.0,170.2,23.7,0.8461538461538461,13,2.53,0.53,2.45,0.64,2.14,0.37,0.85,1.0
Matt Dwyer,193.0,170.0,193.0,34.0,0.6923076923076923,13,2.57,0.34,3.24,0.54,0.44,0.1,0.6,0.0
Marilia Santos,162.6,125.0,182.9,31.1,0.7692307692307693,13,4.4,0.54,4.07,0.53,1.0,1.0,0.66,1.0
Francis Marshall,175.3,155.0,182.9,24.8,0.7692307692307693,13,3.19,0.34,3.45,0.55,2.71,0.47,0.88,0.5
Cody Donovan,190.5,205.0,188.0,42.9,0.6153846153846154,13,5.61,0.59,5.44,0.45,1.67,0.28,0.0,1.7
Christian Echols,175.3,185.0,167.6,25.6,0.6153846153846154,13,3.98,0.41,9.64,0.28,2.3,0.2,0.0,0.0
Young Hwang,175.3,135.0,182.9,35.3,0.6153846153846154,13,0.0,0.0,0.0,0.0,0.0,0.0,0.0,0.0
Jose Santibanez,177.8,155.0,182.9,44.0,0.7692307692307693,13,0.0,0.0,0.0,0.0,0.0,0.0,0.0,0.0
Kyle Noblitt,188.0,243.0,182.9,34.0,0.8461538461538461,13,0.0,0.0,0.0,0.0,0.0,0.0,0.0,0.0
Chad Leonhardt,182.9,170.0,182.9,43.9,0.6923076923076923,13,0.0,0.0,0.0,0.0,0.0,0.0,0.0,0.0
Harry Hunsucker,188.0,205.0,190.5,35.0,0.5384615384615384,13,3.54,0.52,6.53,0.42,0.0,0.0,0.0,2.0
Islam Dulatov,190.5,170.0,190.5,25.4,0.9230769230769231,13,8.78,0.54,4.24,0.5,2.2,1.0,1.0,0.0
Christian Wellisch,188.0,234.0,195.6,48.3,0.6153846153846154,13,3.12,0.27,3.04,0.56,1.22,0.42,0.45,1.2
John Salgado,177.8,170.0,182.9,36.8,0.3076923076923077,13,0.99,0.5,1.86,0.4,0.0,0.0,0.5,0.0
Shinsho Anzai,170.2,170.0,177.8,38.1,0.7692307692307693,13,3.23,0.58,3.75,0.45,1.83,0.16,0.75,0.0
Eric Nolan,188.0,170.0,188.0,26.3,0.6153846153846154,13,1.68,0.34,2.59,0.44,0.0,0.0,0.44,0.0
Erik Apple,182.9,170.0,182.9,46.3,0.7692307692307693,13,0.0,0.0,0.54,0.7985999999999968,0.0,0.0,0.0,6.985999999999967
Sage Northcutt,182.9,170.0,180.3,27.8,0.8461538461538461,13,3.58,0.52,1.96,0.58,1.81,0.34,0.41,0.6
Christien Savoie,180.3,170.0,182.9,31.3,0.7692307692307693,13,1.39,0.45,6.95,0.23,0.0,0.0,0.12,0.0
Brogan Walker,162.6,125.0,170.2,35.4,0.6153846153846154,13,1.84,0.32,3.32,0.47,1.02,0.75,0.11,0.0
Juan Espino,190.5,255.0,203.2,43.2,0.8461538461538461,13,2.38,0.7,1.95,0.4,8.49,0.78,0.5,2.4
Jonathan Wiezorek,190.5,250.0,182.9,45.9,0.8461538461538461,13,1.27,0.58,5.47,0.31,1.91,0.2,0.0,0.0
Cortavious Romious,162.6,135.0,172.7,30.0,0.6923076923076923,13,1.91,0.38,3.46,0.39,2.29,0.66,0.64,0.8
Isaiah Hill,177.8,155.0,182.9,36.8,0.38461538461538464,13,4.84,0.5,0.97,0.7985999999999968,0.0,0.0,0.66,6.985999999999967
Rob Wilkinson,190.5,185.0,203.2,31.9,0.8461538461538461,13,2.74,0.5,5.66,0.39,4.47,0.25,0.0,0.0
Joao Roque,167.6,155.0,182.9,52.4,0.5384615384615384,13,0.0,0.0,0.0,0.0,0.0,0.0,0.0,0.0
Mike Wilkinson,170.2,145.0,167.6,36.3,0.6923076923076923,13,2.35,0.38,3.7,0.35,0.92,0.14,0.55,0.9
Aaron Jeffery,188.0,185.0,185.4,31.1,0.7692307692307693,13,3.1,0.45,4.46,0.34,0.0,0.0,0.5,0.0
Ravena Oliveira,165.1,125.0,165.1,26.9,0.5384615384615384,13,1.77,0.31,3.71,0.46,0.74,0.5,0.47,0.0
Alex Serdyukov,188.0,170.0,188.0,43.6,0.6153846153846154,13,4.94,0.48,3.1,0.46,1.84,0.55,0.67,1.8
Felipe Franco,185.4,205.0,193.0,22.9,0.8461538461538461,13,2.55,0.57,2.39,0.43,3.7,0.4,0.87,0.0
Ryan Janes,190.5,185.0,193.0,42.4,0.7692307692307693,13,7.69,0.48,5.53,0.59,0.35,1.0,0.58,0.0
Julien Leblanc,188.0,185.0,188.0,31.9,0.7692307692307693,13,1.69,0.66,2.96,0.46,0.0,0.0,0.0,0.0
Jaqueline Amorim,160.0,115.0,172.7,28.5,0.8461538461538461,13,2.26,0.49,2.06,0.54,2.01,0.33,0.0,4.3
Kevin Natividad,167.6,135.0,177.8,30.7,0.6923076923076923,13,2.68,0.34,4.29,0.47,3.66,0.5,0.83,0.0
Issa Isakov,175.3,155.0,177.8,34.2,0.7692307692307693,13,1.93,0.36,5.78,0.4,0.0,0.0,0.0,0.0
Demba Seck,185.4,145.0,188.0,30.5,0.7692307692307693,13,1.5,0.4,5.25,0.22,0.0,0.0,0.6,0.0
Kolton Englund,177.8,155.0,175.3,30.5,0.6923076923076923,13,2.31,0.25,11.54,0.4,0.0,0.0,0.0,0.0
Wes Schultz,182.9,185.0,195.6,27.4,0.6923076923076923,13,3.31,0.48,3.96,0.46,2.56,0.25,0.0,3.6
Masakatsu Okuda,177.8,155.0,182.9,48.0,0.6153846153846154,13,0.0,0.0,4.27,0.34,0.0,0.0,0.0,4.3
Jean-Paul Lebosnoyani,180.3,170.0,182.9,24.9,0.8461538461538461,13,4.14,0.46,4.05,0.57,2.89,0.42,1.0,1.9
Julia Avila,170.2,135.0,172.7,35.6,0.6923076923076923,13,2.81,0.42,3.28,0.55,0.63,0.37,0.52,0.2
Shane del Rosario,193.0,250.0,182.9,40.3,0.8461538461538461,13,3.93,0.6,2.97,0.54,1.2,0.4,0.16,2.4
Justin Ledet,193.0,205.0,203.2,35.3,0.6923076923076923,13,3.35,0.39,4.82,0.49,0.23,0.5,0.42,0.2
Chase Waldon,185.4,185.0,190.5,37.3,0.8461538461538461,13,1.03,0.28,6.72,0.38,7.76,0.33,0.0,0.0
Cyril Asker,182.9,247.0,188.0,38.0,0.6923076923076923,13,3.35,0.39,5.82,0.35,4.41,0.62,1.0,0.9
Jon Delos Reyes,167.6,125.0,170.2,36.4,0.6153846153846154,13,2.99,0.38,4.14,0.51,3.2,0.83,0.55,1.9
Stephanie Egger,167.6,135.0,172.7,35.4,0.6153846153846154,13,2.2,0.46,2.48,0.52,2.48,0.42,0.5,0.6
Kris McCray,182.9,170.0,193.0,42.3,0.6153846153846154,13,2.69,0.45,2.57,0.54,2.88,0.55,0.38,0.0
James Head,185.4,170.0,185.4,39.9,0.6923076923076923,13,2.75,0.48,3.11,0.49,0.41,1.0,0.66,0.8
Jeremy Larsen,177.8,145.0,177.8,39.6,0.6153846153846154,13,4.87,0.48,5.75,0.57,2.49,0.33,0.0,0.0
Gilbert Urbina,190.5,185.0,190.5,27.7,0.6153846153846154,13,6.68,0.57,4.72,0.47,2.73,0.44,0.0,0.7
Nick Urso,167.6,125.0,167.6,38.3,0.7692307692307693,13,3.61,0.45,5.06,0.36,0.0,0.0,0.0,0.0
Jason McLean,165.1,145.0,182.9,46.6,0.46153846153846156,13,0.0,0.0,0.0,0.0,0.0,0.0,0.0,0.0
Trent Miller,177.8,185.0,182.9,28.2,0.7692307692307693,13,2.13,0.32,5.94,0.47,3.36,0.5,0.0,1.7
Lu Kai,175.3,145.0,175.3,29.8,0.6153846153846154,13,3.76,0.43,5.51,0.55,2.62,0.5,1.0,2.6
Taiyilake Nueraji,188.0,155.0,190.5,23.0,0.9230769230769231,13,9.008599999999996,0.53,5.01,0.58,1.47,0.33,1.0,0.0
Junior Tafa,190.5,205.0,190.5,27.3,0.5384615384615384,13,3.53,0.52,2.7,0.52,0.0,0.0,0.72,0.0
Caio Magalhaes,185.4,185.0,185.4,36.0,0.7692307692307693,13,2.27,0.4,2.78,0.56,1.05,0.15,0.58,1.6
Trevor Peek,175.3,145.0,177.8,29.0,0.6923076923076923,13,3.86,0.52,3.8,0.41,1.23,0.5,0.5,0.0
Kevin Szaflarski,195.6,260.0,195.6,29.0,0.8461538461538461,13,1.13,0.28,8.07,0.3,0.0,0.0,0.0,0.0
Carlton Minus,177.8,170.0,190.5,30.7,0.7692307692307693,13,3.5,0.4,4.97,0.5,0.0,0.0,0.58,0.0
Joao Zaiden,177.8,205.0,182.9,30.8,0.7692307692307693,13,0.0,0.0,0.0,0.0,0.0,0.0,0.0,0.0
Derek Getzel,182.9,155.0,182.9,36.8,0.6153846153846154,13,0.0,0.0,0.0,0.0,0.0,0.0,0.0,0.0
Corinne Laframboise,162.6,125.0,165.1,34.6,0.6153846153846154,13,3.16,0.68,1.89,0.47,3.16,1.0,0.33,0.0
Damir Mirenic,182.9,185.0,182.9,49.4,0.6923076923076923,13,0.84,0.5,9.86,0.35,0.0,0.0,0.0,0.0
Genaro Valdez,175.3,155.0,182.9,32.0,0.7692307692307693,13,4.08,0.3,7.16,0.48,1.54,0.44,0.36,0.4
Kazuhiro Hamanaka,182.9,185.0,182.9,45.2,0.38461538461538464,13,1.7,0.37,0.91,0.6,0.0,0.0,0.5,0.0
Nate Loughran,188.0,185.0,182.9,43.4,0.8461538461538461,13,1.81,0.4,4.11,0.59,0.0,0.0,0.0,2.1
Maurice Mitchell,175.3,145.0,182.9,36.5,0.8461538461538461,13,3.8,0.55,3.54,0.6,0.0,0.0,1.0,0.0
Kay Hansen,157.5,115.0,160.0,24.4,0.5384615384615384,13,3.01,0.5,3.19,0.51,1.83,0.22,0.37,0.8
Nicolle Caliari,160.0,115.0,160.0,27.2,0.6923076923076923,13,2.88,0.39,5.59,0.52,3.38,0.29,0.5,1.0
Tommy Gantt,180.3,155.0,193.0,31.0,1.0,13,3.72,0.7,1.03,0.47,6.41,0.33,1.0,1.3
Noad Lahat,175.3,145.0,175.3,39.6,0.8461538461538461,13,2.79,0.46,1.47,0.63,2.37,0.26,0.16,2.4
Joe Ray,177.8,170.0,182.9,39.0,1.0,13,0.0,0.0,0.0,0.0,0.0,0.0,0.0,0.0
Billy Pasulatan,165.1,125.0,167.6,32.4,0.7692307692307693,13,0.65,0.2,5.22,0.48,0.0,0.0,0.0,4.9
Rafael Rebello,165.1,135.0,170.2,43.2,0.6923076923076923,13,2.19,0.32,3.29,0.58,2.82,0.33,0.75,0.5
Dorian Price,190.5,170.0,182.9,46.4,0.6153846153846154,13,0.0,0.0,0.0,0.0,0.0,0.0,0.0,0.0
Danielle Taylor,157.5,115.0,160.0,34.2,0.6923076923076923,13,2.75,0.29,3.31,0.71,0.2,0.2,0.7,0.2
Ryan McGillivray,180.3,170.0,182.9,37.3,0.9230769230769231,13,1.27,0.2,2.2,0.52,0.0,0.0,0.44,0.0
Don Madge,182.9,155.0,182.9,33.1,0.6923076923076923,13,2.08,0.52,0.74,0.67,2.22,0.25,0.8,0.7
Kyle Bochniak,170.2,145.0,177.8,36.9,0.6153846153846154,13,2.63,0.31,5.11,0.58,1.14,0.15,0.62,0.0
Rei Tsuruya,167.6,125.0,172.7,21.6,0.9230769230769231,13,2.85,0.54,1.79,0.43,5.17,0.37,0.5,2.1
Derek Bohi,193.0,260.0,182.9,36.8,0.6153846153846154,13,0.0,0.0,0.0,0.0,0.0,0.0,0.0,0.0
Tim Gorman,165.1,135.0,182.9,40.7,0.6923076923076923,13,2.73,0.31,5.57,0.46,1.0,0.09,0.33,0.0
Damien Trites,180.3,165.0,182.9,44.4,0.5384615384615384,13,0.0,0.0,0.0,0.0,0.0,0.0,0.0,0.0
Pascal Krauss,185.4,170.0,182.9,36.7,0.8461538461538461,13,5.45,0.47,3.88,0.59,1.53,0.5,0.6,0.9
Mateus Mendonca,167.6,125.0,180.3,25.0,0.7692307692307693,13,1.66,0.4,4.14,0.3,2.54,0.27,0.55,0.4
Kevin Gray,162.6,125.0,170.2,38.7,0.6923076923076923,13,3.45,0.62,4.48,0.66,0.0,0.0,0.0,0.0
Pietro Menga,170.2,125.0,172.7,35.9,1.0,13,0.0,0.0,0.0,0.0,0.0,0.0,0.0,0.0
Angad Bisht,170.2,125.0,170.2,28.6,0.7692307692307693,13,3.91,0.51,4.56,0.33,2.41,0.37,1.0,0.0
Mario Pinto,195.6,265.0,200.7,25.8,1.0,13,3.68,0.7,1.98,0.58,4.41,0.42,1.0,0.8
Poliana Botelho,172.7,125.0,170.2,35.0,0.6153846153846154,13,2.9,0.58,2.8,0.54,0.85,0.57,0.76,0.0
Kaline Medeiros,160.0,115.0,182.9,36.8,0.6153846153846154,13,2.06,0.7,0.29,0.7985999999999968,4.41,1.0,0.0,4.4
Brian Bowles,170.2,135.0,177.8,43.5,0.7692307692307693,13,2.36,0.26,2.98,0.64,1.39,0.7,0.54,1.4
Caio Machado,193.0,250.0,198.1,29.5,0.6153846153846154,13,5.82,0.53,2.87,0.63,0.0,0.0,0.82,0.0
Charalampos Grigoriou,170.2,135.0,170.2,31.8,0.6153846153846154,13,2.62,0.48,3.97,0.46,2.62,0.8,0.9,0.0
Sergio Gomez,167.6,155.0,182.9,41.7,0.7692307692307693,13,1.5,0.42,1.16,0.56,2.57,0.66,0.31,0.0
Daria Zhelezniakova,175.3,135.0,172.7,27.9,0.7692307692307693,13,4.13,0.4,3.38,0.64,0.31,1.0,0.5,0.0
Juan Andres Luna,170.2,125.0,182.9,28.4,0.9230769230769231,13,3.27,0.31,3.0,0.65,0.0,0.0,0.0,0.0
Jeremiah Billington,175.3,205.0,182.9,46.1,0.8461538461538461,13,1.6,0.62,7.06,0.35,0.0,0.0,0.5,0.0
Philip Perez,165.1,155.0,182.9,36.8,0.5384615384615384,13,1.36,0.75,0.68,0.66,8.49,1.0,0.0,6.985999999999967
Devin Powell,182.9,155.0,185.4,35.8,0.6923076923076923,13,2.88,0.41,3.67,0.51,0.0,0.0,0.0,0.6
Charlie Kohler,175.3,155.0,182.9,47.5,0.6153846153846154,13,0.81,0.33,4.31,0.46,0.0,0.0,0.0,4.0
Josiah Harrell,170.2,155.0,172.7,25.1,0.8461538461538461,13,2.21,0.45,8.0,0.3,4.14,0.4,0.0,0.0
Tra Telligman,188.0,233.0,182.9,58.9,0.5384615384615384,13,1.83,0.35,3.02,0.56,0.87,1.0,0.8,0.0
Jordan Parsons,175.3,145.0,182.9,33.3,0.8461538461538461,13,3.29,0.4,2.37,0.6,1.54,0.21,0.5,1.0
Brady Huang,175.3,135.0,175.3,31.0,0.8461538461538461,13,4.62,0.37,10.77,0.3,0.0,0.0,0.0,0.0
Steve Cantwell,188.0,185.0,190.5,37.1,0.5384615384615384,13,3.63,0.34,5.76,0.55,0.65,0.3,0.8,0.7
Regezhen,172.7,145.0,175.3,22.8,0.8461538461538461,13,3.53,0.41,3.13,0.73,0.0,0.0,0.55,0.0
Gil Castillo,175.3,170.0,182.9,58.2,0.6153846153846154,13,0.6,0.45,2.22,0.44,3.33,0.45,0.5,0.0
Reginaldo Junior,172.7,170.0,188.0,24.9,0.8461538461538461,13,1.47,0.48,4.4,0.55,4.0,0.66,1.0,3.0
Suman Mokhtarian,172.7,145.0,182.9,31.6,0.6153846153846154,13,2.21,0.43,6.85,0.48,0.0,0.0,0.0,0.0
Justin Frazier,182.9,265.0,190.5,34.5,0.7692307692307693,13,1.11,0.66,6.11,0.04,0.0,0.0,0.0,0.0
Cain Carrizosa,172.7,155.0,182.9,37.4,0.7692307692307693,13,2.72,0.42,5.8,0.51,0.0,0.0,0.14,0.0
Stephen Regman,180.3,185.0,193.0,32.4,0.6923076923076923,13,1.41,0.6,4.93,0.23,3.52,1.0,0.0,0.0
BoHyun Park,157.5,115.0,160.0,24.6,0.7692307692307693,13,4.03,0.38,3.53,0.55,1.0,0.22,0.77,0.0
Phil Cardella,180.3,155.0,182.9,47.5,0.6153846153846154,13,2.47,0.5,2.0,0.57,0.0,0.0,0.11,2.5
Daniel Frunza,185.4,170.0,185.4,29.7,0.6923076923076923,13,3.25,0.38,4.32,0.5,0.0,0.0,0.5,0.0
Saidyokub Kakhramonov,172.7,135.0,175.3,28.1,0.7692307692307693,13,2.05,0.51,0.88,0.58,6.63,0.48,0.83,1.9
Jeff Molina,167.6,125.0,175.3,26.5,0.8461538461538461,13,7.25,0.48,5.04,0.55,0.0,0.0,0.66,0.0
Kenneth Alexander,175.3,155.0,182.9,46.3,0.5384615384615384,13,0.88,0.19,2.2,0.66,4.71,0.26,0.0,0.0
Ren Yawei,175.3,155.0,175.3,25.9,0.6923076923076923,13,4.67,0.64,5.32,0.36,0.0,0.0,0.66,1.4
Geza Kalman,185.4,200.0,182.9,36.8,0.3076923076923077,13,0.0,0.0,0.0,0.0,0.0,0.0,0.0,0.0
Paige VanZant,162.6,115.0,165.1,29.8,0.6153846153846154,13,3.35,0.52,2.62,0.42,1.27,0.33,0.34,1.0
Lucas Alexander,180.3,145.0,185.4,28.4,0.6153846153846154,13,4.69,0.57,2.87,0.56,0.0,0.0,0.6,0.0
Matt Van Buren,195.6,205.0,182.9,37.6,0.5384615384615384,13,7.73,0.45,6.82,0.49,0.0,0.0,0.5,0.0
Mike van Arsdale,188.0,205.0,182.9,58.5,0.6153846153846154,13,1.52,0.41,1.91,0.41,1.06,0.14,0.37,0.0
Michael Lombardo,182.9,170.0,182.9,33.7,0.8461538461538461,13,1.47,0.62,2.63,0.31,2.5,0.21,0.6,0.0
Eric Bedard,188.0,239.0,182.9,39.3,0.46153846153846156,13,6.37,0.35,8.54,0.52,0.0,0.0,0.0,0.0
Marcus McGhee,172.7,135.0,175.3,33.7,0.8461538461538461,13,5.44,0.43,3.64,0.56,0.24,0.11,0.9,0.2
Muhammad Mokaev,170.2,125.0,177.8,23.4,1.0,13,1.61,0.45,1.35,0.57,5.29,0.41,0.25,0.8
Guilherme Vasconcelos,182.9,185.0,182.9,37.8,0.6923076923076923,13,3.27,0.29,4.4,0.7,0.0,0.0,0.0,0.0
Steve Steinbeiss,190.5,185.0,190.5,42.7,0.6923076923076923,13,3.92,0.55,1.86,0.49,0.44,0.5,0.58,0.0
Ricardo Prasel,198.1,238.0,198.1,33.6,0.8333333333333334,12,2.21,0.57,7.83,0.37,0.0,0.0,0.0,0.0
Tom Egan,180.3,170.0,182.9,36.8,0.5833333333333334,12,0.0,0.0,3.91,0.5,0.0,0.0,0.28,0.0
Brady Hiestand,172.7,135.0,180.3,24.7,0.8333333333333334,12,2.72,0.5,3.67,0.51,4.13,0.37,0.61,1.4
Jamie Yager,185.4,185.0,182.9,40.1,0.6666666666666666,12,3.08,0.39,2.55,0.63,0.0,0.0,0.66,0.0
HyunSung Park,170.2,125.0,167.6,28.2,0.8333333333333334,12,3.38,0.41,3.14,0.55,1.5,0.31,0.47,1.8
Mayton Perea,188.0,170.0,190.5,23.4,0.75,12,9.008599999999996,0.62,5.33,0.63,0.0,0.0,0.0,0.0
Brandon Wolff,175.3,170.0,182.9,48.2,0.5833333333333334,12,0.47,0.33,10.91,0.19,0.0,0.0,0.0,0.0
Marcelo Guimaraes,182.9,185.0,185.4,40.5,0.75,12,4.67,0.51,4.41,0.62,1.99,0.13,0.0,0.0
Saparbeg Safarov,185.4,185.0,198.1,37.2,0.75,12,4.03,0.48,2.96,0.47,2.52,0.41,0.33,0.0
Piero Guaylupo,172.7,155.0,172.7,21.6,1.0,12,9.008599999999996,0.66,12.828599999999996,0.29,0.0,0.0,1.0,0.0
Mostapha Al-Turk,188.0,245.0,195.6,50.5,0.5,12,1.36,0.19,3.61,0.53,0.0,0.0,0.0,0.0
CJ Marsh,177.8,155.0,182.9,36.8,0.4166666666666667,12,0.0,0.0,0.0,0.0,0.0,0.0,0.0,0.0
Torrez Finney,172.7,185.0,190.5,25.2,0.9166666666666666,12,1.78,0.54,3.34,0.4,6.86,0.59,0.75,0.8
Dustin West,180.3,170.0,182.9,36.8,0.5,12,0.0,0.0,0.0,0.0,0.0,0.0,0.0,0.0
Noah Gugnon,180.3,155.0,180.3,23.2,0.8333333333333334,12,3.7,0.45,4.44,0.68,0.0,0.0,0.0,6.985999999999967
Mike Zichelle,177.8,205.0,182.9,36.8,0.6666666666666666,12,0.87,0.35,0.87,0.4,0.0,0.0,0.0,2.0
Malcolm Wellmaker,177.8,135.0,180.3,29.6,0.8333333333333334,12,4.58,0.55,4.23,0.52,0.0,0.0,0.46,0.0
Ryan MacDonald,180.3,135.0,180.3,30.8,0.8333333333333334,12,2.28,0.29,6.49,0.45,0.0,0.0,0.0,0.0
Todd Duffee,190.5,260.0,198.1,38.1,0.75,12,5.93,0.37,2.87,0.56,0.72,0.25,0.9,0.0
Elizabeth Phillips,167.6,135.0,165.1,37.4,0.5,12,2.6,0.33,3.07,0.58,0.75,0.25,0.53,0.2
Istela Nunes,162.6,115.0,167.6,31.4,0.5,12,4.28,0.47,4.07,0.59,0.0,0.0,0.47,0.0
Dave Zitanick,177.8,170.0,182.9,43.8,0.4166666666666667,12,0.0,0.0,0.0,0.0,0.0,0.0,0.0,0.0
Brianna Fortino,157.5,115.0,160.0,30.4,0.75,12,3.53,0.41,3.23,0.57,2.5,0.45,0.66,0.0
Jonathan Piersma,180.3,170.0,185.4,27.8,0.75,12,0.4,0.42,0.87,0.31,0.0,0.0,0.36,3.0
Renee Forte,170.2,155.0,180.3,36.8,0.6666666666666666,12,2.08,0.32,2.12,0.63,2.32,0.58,0.66,0.0
Nurullo Aliev,177.8,155.0,182.9,23.1,1.0,12,2.29,0.44,1.59,0.55,3.48,0.51,0.8,0.5
Tresean Gore,182.9,185.0,190.5,29.5,0.6666666666666666,12,3.59,0.49,6.24,0.43,1.54,0.61,0.84,1.0
Raphael Pessoa,190.5,262.0,198.1,34.8,0.8333333333333334,12,2.16,0.26,3.43,0.42,0.0,0.0,1.0,0.0
Vik Grujic,180.3,170.0,185.4,46.9,0.5,12,2.24,0.48,3.39,0.41,1.18,0.33,0.26,0.4
Jamey-Lyn Horth,170.2,125.0,167.6,33.8,0.75,12,3.8,0.47,2.64,0.63,0.98,0.42,0.8,0.2
Eddie Gordon,182.9,185.0,193.0,40.4,0.6666666666666666,12,2.03,0.32,2.57,0.6,1.93,0.83,0.63,0.0
Diego Rivas,172.7,145.0,175.3,32.1,0.8333333333333334,12,1.37,0.4,2.14,0.52,1.79,0.6,0.64,0.9
Leon Aliu,182.9,185.0,188.0,34.5,0.8333333333333334,12,6.32,0.5,10.11,0.38,0.0,0.0,0.0,0.0
Will Ribeiro,172.7,135.0,182.9,40.9,0.8333333333333334,12,1.83,0.28,1.64,0.74,1.15,1.0,0.5,2.9
David Marshall,188.0,170.0,182.9,39.4,0.6666666666666666,12,0.0,0.0,0.0,0.0,0.0,0.0,0.0,0.0
Nathan Fletcher,170.2,135.0,177.8,26.0,0.75,12,3.41,0.59,2.16,0.57,3.37,0.38,0.5,0.7
Joseph Holmes,193.0,185.0,203.2,28.5,0.6666666666666666,12,2.88,0.53,3.08,0.54,1.49,0.4,0.5,0.8
Dan O'Connor,162.6,115.0,182.9,41.1,0.5,12,4.0,0.56,5.1,0.54,0.0,0.0,1.0,0.0
Gugun Gusman,170.2,135.0,172.7,33.8,0.6666666666666666,12,0.88,0.27,6.18,0.41,0.0,0.0,0.33,0.0
Bob Gilstrap,190.5,200.0,182.9,36.8,0.4166666666666667,12,0.0,0.0,0.0,0.0,0.0,0.0,0.0,0.0
Cameron Saaiman,172.7,135.0,170.2,23.0,0.75,12,5.3,0.46,4.14,0.51,0.89,0.28,0.47,0.7
Larissa Pacheco,170.2,135.0,182.9,29.3,0.8333333333333334,12,1.21,0.19,4.14,0.55,0.0,0.0,0.0,0.0
Logan Paxton,172.7,155.0,177.8,28.4,0.8333333333333334,12,7.38,0.63,7.54,0.52,2.46,0.14,1.0,0.0
Diego Henrique da Silva,188.0,185.0,182.9,37.4,0.6666666666666666,12,2.53,0.57,3.27,0.3,0.0,0.0,0.63,0.0
Brandon Halsey,182.9,185.0,182.9,37.3,0.75,12,1.74,0.47,0.87,0.65,4.98,0.53,1.0,1.2
Raimond Magomedaliev,185.4,170.0,190.5,33.6,0.8333333333333334,12,4.07,0.41,4.75,0.41,0.0,0.0,0.0,0.0
Caolan Loughran,167.6,135.0,172.7,27.6,0.8333333333333334,12,4.73,0.42,5.2,0.52,3.0,0.34,0.87,0.0
Justin Patterson,177.8,170.0,182.9,38.1,0.75,12,0.0,0.0,0.0,0.0,0.0,0.0,0.0,0.0
Richie Hightower,172.7,170.0,182.9,49.1,0.6666666666666666,12,4.62,0.35,6.92,0.21,3.46,1.0,1.0,0.0
Dom Mar Fan,180.3,155.0,190.5,23.8,0.75,12,3.43,0.56,2.31,0.44,1.84,0.5,0.62,0.3
Kleydson Rodrigues,165.1,135.0,170.2,28.2,0.6666666666666666,12,4.58,0.57,2.29,0.53,0.6,0.22,0.53,0.6
Chad Hanekom,193.0,185.0,188.0,33.7,0.75,12,0.73,0.47,1.47,0.33,0.0,0.0,0.71,1.0
Jodie Esquibel,157.5,115.0,162.6,37.7,0.5,12,4.1,0.31,7.37,0.52,0.75,0.21,0.83,0.0
Mansur Abdul-Malik,188.0,185.0,203.2,26.2,0.75,12,3.34,0.45,4.5,0.45,1.64,0.46,0.8,0.3
Zarah Fairn,172.7,135.0,182.9,40.1,0.5,12,4.55,0.31,7.4,0.45,0.0,0.0,0.6,0.0
Dylan Mantello,185.4,155.0,185.4,31.1,0.6666666666666666,12,4.69,0.62,4.76,0.55,0.0,0.0,0.76,0.0
Ethyn Ewing,167.6,135.0,175.3,27.9,0.8333333333333334,12,7.44,0.55,4.53,0.63,1.68,0.6,1.0,0.0
William Macario,180.3,170.0,190.5,32.5,0.75,12,4.92,0.54,3.96,0.65,1.85,0.45,0.78,0.0
Jared Rollins,175.3,170.0,182.9,46.9,0.6666666666666666,12,3.33,0.57,2.41,0.39,2.5,0.5,0.5,1.2
Benito Lopez,177.8,135.0,185.4,29.7,0.8333333333333334,12,4.39,0.45,5.18,0.56,0.0,0.0,0.73,0.3
Ryan Gandra,185.4,185.0,188.0,28.7,0.9166666666666666,12,9.008599999999996,0.49,2.04,0.69,0.0,0.0,1.0,0.0
ChangMin Yoon,172.7,145.0,177.8,29.6,0.6666666666666666,12,5.7,0.48,2.15,0.64,1.9,0.28,1.0,0.0
Geane Herrera,165.1,125.0,167.6,33.6,0.75,12,1.51,0.31,5.07,0.52,0.83,0.37,0.38,0.6
Ashlee Evans-Smith,172.7,135.0,170.2,36.5,0.5,12,4.03,0.34,4.59,0.53,0.95,0.22,0.5,0.0
Lucas Gamaza,177.8,170.0,182.9,36.8,0.6666666666666666,12,7.57,0.31,6.99,0.45,0.0,0.0,0.0,0.0
Karl Williams,190.5,235.0,200.7,34.0,0.8333333333333334,12,2.68,0.48,2.15,0.55,4.2,0.48,1.0,0.2
Alen Amedovski,177.8,185.0,188.0,35.7,0.6666666666666666,12,0.99,0.3,3.85,0.46,0.0,0.0,0.0,0.0
Marcel Fortuna,185.4,205.0,188.0,38.2,0.75,12,3.83,0.46,4.52,0.64,0.45,0.08,0.75,0.5
Zygimantas Ramaska,180.3,145.0,180.3,27.0,0.75,12,0.96,0.6,2.25,0.3,0.0,0.0,0.33,2.4
Austin Lingo,177.8,145.0,177.8,29.5,0.75,12,3.86,0.37,4.86,0.57,0.43,0.66,0.75,0.0
Damon Wilson,175.3,145.0,175.3,30.7,0.75,12,7.56,0.49,8.27,0.52,0.0,0.0,0.0,0.0
JaeHyun Park,172.7,155.0,185.4,22.1,0.6666666666666666,12,1.75,0.67,1.36,0.45,2.31,0.85,0.22,0.4
Evan Elder,177.8,155.0,182.9,26.7,0.8333333333333334,12,5.66,0.5,4.94,0.57,0.48,0.15,0.4,0.5
Jonny Parsons,175.3,170.0,175.3,32.3,0.75,12,4.65,0.44,4.89,0.6,0.0,0.0,0.66,0.0
Alex Gilpin,170.2,145.0,182.9,31.8,0.9166666666666666,12,6.8,0.54,12.29,0.42,2.17,0.25,0.0,2.2
Billy Elekana,190.5,205.0,195.6,28.6,0.8333333333333334,12,2.71,0.56,3.59,0.46,0.85,0.22,0.0,0.8
Adam Wieczorek,195.6,250.0,203.2,31.9,0.8333333333333334,12,1.68,0.38,1.87,0.48,0.41,0.33,0.58,0.4
Rinya Nakamura,170.2,135.0,172.7,28.8,0.8333333333333334,12,3.25,0.51,1.89,0.61,2.44,0.58,1.0,1.2
Lance Gibson Jr.,175.3,155.0,182.9,28.9,0.8333333333333334,12,2.4,0.45,4.24,0.56,1.67,0.66,0.75,0.0
Wesley Little,193.0,205.0,182.9,36.8,0.3333333333333333,12,0.0,0.0,0.0,0.0,0.0,0.0,0.0,0.0
Norbert Novenyi Jr.,182.9,185.0,190.5,24.2,0.9166666666666666,12,1.8,0.56,1.0,0.61,6.0,0.66,0.8,1.0
Patricia Alujas,162.6,115.0,162.6,27.6,0.75,12,5.83,0.31,9.25,0.44,0.0,0.0,0.0,0.0
Luis Pena,190.5,155.0,190.5,30.5,0.75,12,3.66,0.46,3.12,0.51,1.17,0.33,0.48,1.2
Louis Gaudinot,160.0,125.0,160.0,39.3,0.6666666666666666,12,2.34,0.37,6.42,0.48,0.57,0.4,0.31,1.1
Ian Entwistle,165.1,135.0,182.9,37.1,0.75,12,0.11,0.07,7.36,0.31,0.0,0.0,0.0,6.985999999999967
Vinicius Queiroz,198.1,220.0,182.9,40.3,0.6666666666666666,12,3.67,0.51,4.1,0.41,5.07,0.7,1.0,0.7
EoJin Park,182.9,145.0,180.3,22.0,0.75,12,3.78,0.4,3.92,0.47,0.0,0.0,0.0,0.0
Greg Hardy,195.6,265.0,203.2,35.4,0.5833333333333334,12,4.79,0.5,3.31,0.55,0.2,0.33,0.64,0.0
Matt Hobar,177.8,135.0,177.8,37.0,0.75,12,3.23,0.42,4.27,0.52,3.66,0.44,0.5,0.0
Namo Fazil,180.3,170.0,180.3,27.2,0.8333333333333334,12,9.008599999999996,0.46,10.59,0.38,0.0,0.0,0.66,0.0
Yuji Ephoevi-Ga,182.9,155.0,190.5,24.2,0.9166666666666666,12,2.67,0.71,2.6,0.44,0.0,0.0,0.6,0.0
Sidney Outlaw,172.7,170.0,188.0,31.7,0.6666666666666666,12,0.13,0.33,0.8,0.71,3.0,0.75,0.0,3.0
Ateba Gautier,193.0,185.0,203.2,21.7,0.9166666666666666,12,4.32,0.43,2.6,0.54,0.41,1.0,0.93,0.0
Marcos Mariano,185.4,155.0,193.0,37.2,0.5,12,0.25,0.27,2.11,0.43,0.0,0.0,0.28,0.0
Konstantin Erokhin,180.3,230.0,182.9,40.9,0.75,12,1.07,0.36,1.83,0.47,0.0,0.0,0.7,0.0
Mitch Ramirez,180.3,155.0,177.8,31.2,0.6666666666666666,12,3.27,0.44,3.77,0.38,0.54,0.33,0.33,0.0
Murad Chunkaiev,180.3,185.0,182.9,36.8,0.6666666666666666,12,0.85,0.16,3.41,0.66,8.49,1.0,0.0,0.0
Heraldo Souza,180.3,185.0,185.4,29.0,0.75,12,1.62,0.33,1.62,0.5,0.0,0.0,0.0,0.0
Rolles Gracie,193.0,242.0,182.9,45.5,0.6666666666666666,12,2.3,0.32,3.38,0.55,2.3,0.1,0.0,0.0
Adam Milstead,190.5,205.0,193.0,36.5,0.6666666666666666,12,3.85,0.46,4.79,0.43,0.0,0.0,0.64,0.0
Jason Butcher,190.5,185.0,182.9,39.2,0.8333333333333334,12,1.82,0.4,2.73,0.25,8.49,0.5,0.0,0.0
Justin Tafa,182.9,264.0,188.0,30.1,0.5833333333333334,12,4.05,0.54,5.11,0.47,0.0,0.0,0.53,0.0
Jacobe Smith,177.8,170.0,182.9,28.0,1.0,12,6.89,0.67,2.78,0.47,7.78,0.91,1.0,0.7
Dmitrii Smoliakov,188.0,253.0,188.0,41.4,0.75,12,1.44,0.42,3.81,0.55,0.0,0.0,0.75,0.0
Jenel Lausa,165.1,125.0,172.7,35.4,0.5833333333333334,12,1.44,0.42,3.53,0.53,0.55,0.66,0.51,0.8
Jamelle Jones,182.9,205.0,190.5,35.9,0.5833333333333334,12,1.78,0.75,3.11,0.65,0.0,0.0,0.0,0.0
Dakota Bush,177.8,155.0,185.4,29.6,0.6666666666666666,12,2.77,0.38,4.42,0.41,2.4,0.33,0.0,0.0
Bartosz Szewczyk,193.0,205.0,185.4,26.3,0.6666666666666666,12,2.7,0.33,3.52,0.47,0.0,0.0,0.0,0.0
Mark Cherico,170.2,145.0,175.3,37.6,0.9166666666666666,12,3.69,0.34,7.37,0.56,5.03,0.5,0.0,0.0
Alex Soto,172.7,135.0,182.9,39.9,0.6666666666666666,12,2.95,0.25,5.02,0.59,2.82,0.3,0.0,0.0
Luigi Vendramini,172.7,155.0,185.4,28.0,0.75,12,2.82,0.4,3.82,0.57,1.11,0.15,1.0,0.6
Sebastian Szalay,167.6,145.0,167.6,29.9,0.8333333333333334,12,4.94,0.41,2.2,0.65,0.51,0.2,0.84,0.0
Lucia Szabova,177.8,135.0,182.9,26.0,1.0,12,0.0,0.0,0.0,0.0,0.0,0.0,0.0,0.0
Roy Jones,177.8,205.0,182.9,40.2,0.5833333333333334,12,0.0,0.0,0.0,0.0,0.0,0.0,0.0,0.0
Marc Cofer,177.8,185.0,182.9,51.8,0.5833333333333334,12,0.0,0.0,0.0,0.0,0.0,0.0,0.0,0.0
Aspen Ladd,167.6,135.0,167.6,28.8,0.75,12,3.78,0.47,4.65,0.47,1.56,0.47,0.62,0.6
Brian Camozzi,188.0,170.0,198.1,32.5,0.5833333333333334,12,3.15,0.26,6.39,0.54,0.0,0.0,0.0,0.7
Aaron Tau,162.6,125.0,167.6,30.4,0.9166666666666666,12,4.85,0.44,5.0,0.6,0.89,0.18,0.64,0.0
Jack May,198.1,255.0,182.9,42.7,0.75,12,1.52,0.38,3.29,0.33,0.91,0.33,0.2,0.0
Hugo Viana,167.6,135.0,170.2,41.3,0.6666666666666666,12,3.05,0.38,3.2,0.57,0.22,0.06,0.5,0.0
Sidney Silva,190.5,170.0,182.9,51.8,0.6666666666666666,12,2.86,0.65,3.3,0.34,3.3,1.0,0.0,0.0
Otari Tanzilovi,175.3,135.0,177.8,25.7,0.8333333333333334,12,4.2,0.68,4.2,0.49,4.5,0.36,0.85,0.0
Jesse Murray,190.5,205.0,198.1,30.9,0.6666666666666666,12,2.38,0.28,7.72,0.43,0.0,0.0,0.0,0.0
Renato Verissimo,185.4,170.0,182.9,50.4,0.5833333333333334,12,0.92,0.48,1.87,0.47,1.46,0.3,0.5,2.5
John Cofer,175.3,155.0,182.9,39.7,0.6666666666666666,12,2.73,0.41,3.43,0.62,1.22,0.5,0.64,0.0
Payton Talbott,177.8,135.0,177.8,25.3,0.9166666666666666,12,6.62,0.56,3.41,0.46,0.78,0.44,0.77,0.2
Chris Cope,182.9,170.0,182.9,40.8,0.6666666666666666,12,3.96,0.26,4.82,0.5,0.0,0.0,0.8,0.0
Ryuichi Murata,172.7,183.0,182.9,47.3,0.6666666666666666,12,0.84,0.36,1.89,0.5,4.74,0.5,1.0,3.2
Willian Colorado,177.8,135.0,182.9,37.5,0.9166666666666666,12,0.0,0.0,0.0,0.0,0.0,0.0,0.0,0.0
Christian Colombo,195.6,265.0,182.9,43.5,0.6666666666666666,12,2.76,0.44,4.02,0.42,0.0,0.0,0.33,0.0
David Barrios,167.6,145.0,182.9,36.8,0.3333333333333333,12,0.0,0.0,0.0,0.0,0.0,0.0,0.0,0.0
Louis Jourdain,175.3,135.0,175.3,26.8,0.75,12,7.32,0.49,2.44,0.54,0.0,0.0,0.66,1.4
Namsrai Batbayar,162.6,125.0,172.7,23.0,0.8333333333333334,12,4.2,0.41,3.5,0.44,1.56,0.27,1.0,0.5
Seth Kleinbeck,188.0,185.0,182.9,50.4,0.6666666666666666,12,2.55,0.33,2.42,0.4,0.98,0.25,0.9,0.0
Remo Cardarelli,177.8,135.0,182.9,36.8,0.5833333333333334,12,2.27,0.47,1.47,0.59,0.0,0.0,1.0,0.0
Chad Vance,182.9,185.0,182.9,36.8,0.5833333333333334,12,0.0,0.0,0.0,0.0,0.0,0.0,0.0,0.0
Erick Montano,182.9,170.0,185.4,38.1,0.5833333333333334,12,2.79,0.44,2.06,0.64,2.29,0.36,0.66,0.0
Spike Carlyle,172.7,145.0,180.3,30.7,0.75,12,2.55,0.54,3.85,0.3,3.34,0.36,0.57,0.5
Baisangur Susurkaev,188.0,185.0,200.7,23.0,1.0,12,5.74,0.54,4.45,0.58,2.09,0.26,1.0,0.8
Rama Supandhi,165.1,125.0,167.6,32.2,0.6666666666666666,12,2.2,0.42,3.53,0.48,1.0,0.11,0.0,0.0
Yusuke Kasuya,170.2,155.0,182.9,34.1,0.75,12,2.17,0.44,4.34,0.48,1.36,0.33,0.0,0.0
Lone'er Kavanagh,167.6,125.0,170.2,24.6,0.8333333333333334,12,4.13,0.5,3.94,0.53,1.12,0.46,0.82,0.4
Dave Beneteau,188.0,250.0,182.9,36.8,0.5,12,0.0,0.0,0.0,0.0,0.0,0.0,0.0,0.0
Will Kerr,177.8,155.0,175.3,41.2,0.75,12,1.91,0.42,6.22,0.33,0.0,0.0,0.0,6.985999999999967
CJ Keith,182.9,155.0,182.9,37.4,0.6666666666666666,12,0.86,0.5,1.82,0.5,0.0,0.0,0.62,0.0
Charlie Campbell,182.9,155.0,182.9,28.5,0.75,12,5.23,0.51,4.17,0.55,2.45,0.36,0.62,0.0
Chris Kelades,170.2,125.0,172.7,42.9,0.75,12,2.4,0.43,2.64,0.48,1.04,0.18,0.53,0.3
Jeremy Kennedy,180.3,145.0,180.3,31.3,0.9166666666666666,12,2.22,0.46,2.58,0.47,5.73,0.52,0.66,0.0
Yohan Lainesse,185.4,170.0,193.0,31.4,0.75,12,2.22,0.41,3.38,0.58,0.94,0.28,0.72,0.5
DeAnna Bennett,162.6,125.0,172.7,39.1,0.6666666666666666,12,3.13,0.58,3.27,0.58,0.0,0.0,0.0,1.0
Nate Moore,182.9,170.0,182.9,40.7,0.6666666666666666,12,2.21,0.25,2.87,0.42,1.23,0.16,0.25,0.0
Gabriel Checco,185.4,185.0,182.9,37.7,0.8333333333333334,12,0.0,0.0,0.0,0.0,0.0,0.0,0.0,0.0
Alexis Miranda,185.4,170.0,188.0,25.0,0.75,12,3.7,0.37,7.65,0.31,0.0,0.0,0.16,0.0
Raphael Butler,190.5,261.0,182.9,40.0,0.75,12,4.69,0.45,0.94,0.7985999999999968,0.0,0.0,1.0,6.985999999999967
Ernest Chavez,172.7,145.0,177.8,40.5,0.8333333333333334,12,2.79,0.4,3.89,0.59,0.89,0.33,0.5,0.0
Juan Miranda,177.8,155.0,182.9,36.8,0.5833333333333334,12,0.0,0.0,0.0,0.0,0.0,0.0,0.0,0.0
MinWoo Kim,172.7,135.0,182.9,30.4,0.8333333333333334,12,0.0,0.0,0.0,0.0,0.0,0.0,0.0,0.0
Cory McKenna,160.0,115.0,160.0,24.5,0.6666666666666666,12,2.94,0.38,3.68,0.46,2.0,0.47,0.75,0.4
Andreas Spang,185.4,185.0,182.9,45.1,0.75,12,0.0,0.0,0.0,0.0,0.0,0.0,0.0,0.0
Jacob Kilburn,175.3,145.0,182.9,28.5,0.6666666666666666,12,2.56,0.33,6.78,0.35,0.51,0.05,0.2,0.5
Josh Stansbury,188.0,205.0,188.0,39.1,0.3333333333333333,12,3.22,0.54,3.54,0.54,0.0,0.0,0.87,1.0
Felicia Spencer,167.6,145.0,172.7,33.1,0.75,12,3.21,0.48,4.54,0.45,1.18,0.18,0.27,0.2
Jacqueline Cavalcanti,172.7,135.0,177.8,26.3,0.8333333333333334,12,5.3,0.46,2.98,0.68,0.0,0.0,0.85,0.0
Albert Morales,175.3,135.0,182.9,32.6,0.5833333333333334,12,3.81,0.35,3.96,0.56,0.91,0.35,0.7,0.2
Young Sam Jung,172.7,139.0,182.9,38.2,0.3333333333333333,12,0.53,0.09,2.79,0.63,0.0,0.0,0.0,2.0
Scott Junk,185.4,265.0,182.9,45.0,0.6666666666666666,12,5.13,0.6,1.81,0.45,0.0,0.0,0.0,0.0
Theodor Berggren,180.3,170.0,190.5,23.7,0.6666666666666666,12,3.49,0.35,10.78,0.33,0.0,0.0,0.0,0.0
Dylan Budka,182.9,185.0,190.5,24.0,0.5833333333333334,12,1.06,0.38,1.8,0.42,1.93,0.38,0.76,0.4
Mads Burnell,172.7,145.0,175.3,29.8,0.75,12,1.28,0.41,2.71,0.51,3.45,0.47,0.22,0.4
Aalon Cruz,182.9,145.0,198.1,34.3,0.6666666666666666,12,7.58,0.39,8.88,0.58,0.0,0.0,0.0,0.0
Eddie Mendez,177.8,185.0,182.9,40.0,0.6666666666666666,12,1.71,0.33,3.43,0.11,0.0,0.0,0.0,0.0
Kyle Kurtz,177.8,170.0,182.9,36.8,0.5833333333333334,12,1.31,0.36,2.95,0.52,1.23,0.2,0.0,2.5
Yadier del Valle,175.3,145.0,175.3,27.4,0.9166666666666666,12,4.12,0.61,2.13,0.55,1.21,0.42,0.61,2.0
Bruno Assis,188.0,185.0,182.9,31.6,0.6666666666666666,12,1.27,0.43,3.2,0.36,2.0,0.5,0.66,1.0
Anthony Ivy,188.0,185.0,188.0,33.9,0.6666666666666666,12,2.5,0.42,4.57,0.51,4.69,0.2,1.0,0.0
Wallid Ismail,170.2,205.0,182.9,55.9,0.75,12,0.92,0.31,0.83,0.44,1.85,0.28,0.0,0.5
Askar Askar,170.2,145.0,175.3,29.4,0.9166666666666666,12,0.0,0.0,0.0,0.0,0.0,0.0,0.0,0.0
Julia Budd,170.2,145.0,170.2,40.5,0.8333333333333334,12,2.42,0.74,1.18,0.47,3.6,0.57,0.83,0.0
Antonio Braga Neto,190.5,185.0,195.6,36.2,0.75,12,1.36,0.33,3.92,0.45,3.07,0.37,0.0,0.5
Isaac Thomson,177.8,145.0,175.3,21.7,0.75,12,1.4,0.44,2.2,0.42,4.0,0.8,0.33,0.0
Matt Sayles,170.2,155.0,172.7,29.9,0.6666666666666666,12,4.83,0.41,2.81,0.61,0.36,0.16,0.81,0.7
Iouri Kotchkine,188.0,235.0,182.9,54.0,0.5833333333333334,12,0.67,0.38,4.92,0.15,0.0,0.0,0.25,0.0
Naoki Inoue,175.3,125.0,180.3,26.5,0.9166666666666666,12,3.67,0.35,3.37,0.6,0.0,0.0,0.6,2.5
Rabindra Dhant,170.2,135.0,175.3,25.1,0.9166666666666666,12,3.09,0.52,2.8,0.46,1.22,0.25,0.73,0.6
Kyle Bolt,188.0,185.0,182.9,36.8,0.6666666666666666,12,7.27,0.52,7.27,0.45,0.0,0.0,0.0,0.0
Steven Nguyen,180.3,145.0,185.4,30.6,0.8333333333333334,12,7.47,0.42,7.1,0.6,0.24,1.0,0.88,0.0
Robert Breslin,180.3,155.0,182.9,36.8,0.25,12,2.21,0.46,3.5,0.66,1.38,1.0,0.5,0.0
Korey Kuppe,195.6,170.0,195.6,34.9,0.6666666666666666,12,0.73,0.73,1.33,0.31,0.0,0.0,0.69,1.0
Stewart Nicoll,165.1,125.0,165.1,29.2,0.6666666666666666,12,3.01,0.37,4.81,0.54,2.82,0.22,0.33,0.0
Joe Kropschot,190.5,185.0,200.7,28.5,0.75,12,7.93,0.61,3.93,0.62,1.0,0.5,0.5,3.0
Alibi Idiris,167.6,125.0,172.7,29.2,0.9166666666666666,12,2.51,0.44,2.64,0.6,3.25,0.31,0.66,0.0
Khadis Ibragimov,190.5,205.0,198.1,28.6,0.6666666666666666,12,3.55,0.49,4.26,0.47,0.97,0.3,0.8,0.3
Dennis Dombrow,177.8,145.0,182.9,37.8,0.5833333333333334,12,0.0,0.0,0.0,0.0,0.0,0.0,0.0,0.0
Raphael Uchegbu,175.3,135.0,185.4,28.4,0.8333333333333334,12,2.46,0.48,2.85,0.5,1.48,0.16,0.0,0.0
Oleksandr Doskalchuk,167.6,125.0,182.9,33.8,0.8333333333333334,12,0.0,0.0,0.0,0.0,0.0,0.0,0.0,0.0
Jay Bogan,177.8,145.0,182.9,36.8,0.5,12,0.0,0.0,0.0,0.0,0.0,0.0,0.0,0.0
Tom Nolan,190.5,155.0,185.4,23.8,0.9166666666666666,12,4.84,0.45,3.74,0.48,1.08,0.26,0.58,1.4
Anton Turkalj,193.0,205.0,198.1,27.6,0.6666666666666666,12,2.45,0.42,3.42,0.54,4.98,0.41,0.16,0.0
Dan Argueta,170.2,135.0,172.7,30.4,0.75,12,2.48,0.43,3.44,0.5,4.36,0.35,0.55,1.4
Mallory Martin,162.6,115.0,160.0,29.9,0.5833333333333334,12,4.42,0.48,6.64,0.55,2.28,0.43,0.25,0.3
Samuel Sanches,177.8,155.0,188.0,21.6,0.9166666666666666,12,5.95,0.75,0.0,0.7985999999999968,0.0,0.0,1.0,0.0
Ryan Kuse,172.7,145.0,180.3,29.5,0.75,12,1.8,0.23,3.95,0.56,0.0,0.0,0.0,0.0
Andrew Valladerez,177.8,135.0,182.9,36.5,0.4166666666666667,12,0.0,0.0,0.0,0.0,0.0,0.0,0.0,0.0
Marcos Brigagao,190.5,205.0,193.0,27.8,0.9166666666666666,12,3.07,0.43,3.27,0.25,0.0,0.0,0.36,0.0
Bobby Nash,182.9,170.0,188.0,33.8,0.6666666666666666,12,3.42,0.37,3.95,0.51,2.37,0.33,1.0,1.6
Yoshihiro Nakao,182.9,220.0,182.9,51.5,0.75,12,1.73,0.35,2.06,0.64,2.69,0.46,0.0,0.5
Peter Danesoe,175.3,135.0,172.7,23.3,0.6666666666666666,12,4.99,0.52,6.73,0.38,0.0,0.0,0.62,0.0
Quang Le,170.2,135.0,177.8,32.2,0.75,12,2.82,0.38,4.59,0.49,2.9,0.33,1.0,0.4
Cung Le,175.3,185.0,177.8,51.6,0.75,12,4.36,0.48,2.98,0.66,1.37,0.71,0.88,0.3
Fernando Bettega,177.8,170.0,182.9,43.8,0.5833333333333334,12,0.0,0.0,0.0,0.0,0.0,0.0,0.0,0.0
Melsik Baghdasaryan,175.3,145.0,177.8,31.9,0.6666666666666666,12,4.98,0.58,3.15,0.56,0.0,0.0,0.7,0.0
Mackens Semerzier,175.3,145.0,182.9,43.2,0.6666666666666666,12,2.91,0.45,3.48,0.46,2.14,0.5,0.5,2.1
Tommy McMillen,182.9,145.0,188.0,26.0,1.0,12,9.008599999999996,0.47,5.06,0.58,1.58,0.83,0.78,0.9
Rodrigo de Lima,170.2,155.0,182.9,32.8,0.6666666666666666,12,1.29,0.33,5.5,0.32,2.66,0.36,0.0,1.3
Luke Cummo,182.9,170.0,188.0,43.7,0.5,12,1.74,0.43,1.5,0.59,0.89,0.55,0.42,1.4
Bahatebole Batebolati,172.7,170.0,180.3,26.3,0.8333333333333334,12,4.02,0.45,4.83,0.61,1.34,0.66,1.0,0.0
Everett Cummings,177.8,205.0,182.9,36.8,1.0,12,0.43,0.6,4.34,0.45,0.0,0.0,0.0,2.2
Matt Secor,182.9,170.0,182.9,37.3,0.6666666666666666,12,0.51,0.2,0.81,0.5,3.03,1.0,0.0,3.0
Darrion Caldwell,177.8,135.0,182.9,36.0,0.9090909090909091,11,0.85,0.34,0.57,0.6,3.41,0.66,1.0,0.8
Vince Cachero,167.6,145.0,172.7,34.1,0.6363636363636364,11,3.29,0.45,6.51,0.43,0.0,0.0,0.18,0.5
Nick Garcia,162.6,125.0,182.9,36.8,0.7272727272727273,11,0.67,0.25,3.03,0.5,0.0,0.0,0.83,5.1
Takeru Uchida,170.2,125.0,172.7,21.6,0.8181818181818182,11,0.42,0.4,0.63,0.25,3.17,0.2,0.0,6.3
Micheal Gillmore,180.3,170.0,182.9,36.8,0.5454545454545454,11,2.04,0.57,3.02,0.43,0.0,0.0,0.5,0.0
Gary Tapusoa,170.2,185.0,182.9,44.3,0.7272727272727273,11,0.0,0.0,0.0,0.0,0.0,0.0,0.0,0.0
Cam Teague,177.8,145.0,175.3,25.9,0.8181818181818182,11,5.7,0.28,12.828599999999996,0.32,0.0,0.0,0.0,0.0
Royler Gracie,172.7,150.0,182.9,58.1,0.45454545454545453,11,0.0,0.0,0.0,0.0,0.0,0.0,0.0,0.0
Yudi Cahyadi,167.6,145.0,172.7,31.8,0.7272727272727273,11,4.8,0.62,6.72,0.48,0.0,0.0,0.0,0.0
Danilo Suzart,182.9,260.0,182.9,32.1,0.8181818181818182,11,4.09,0.55,11.73,0.51,0.0,0.0,0.0,0.0
James Bochnovic,193.0,205.0,203.2,34.9,0.7272727272727273,11,0.65,0.26,3.64,0.21,0.0,0.0,0.0,0.0
Dorian Ramos,172.7,145.0,177.8,30.0,0.7272727272727273,11,2.3,0.52,2.67,0.47,1.82,0.25,0.33,0.0
Roman Bogatov,172.7,155.0,185.4,33.0,0.9090909090909091,11,3.33,0.42,4.4,0.44,1.0,0.09,0.5,0.0
Mike Glenn,177.8,205.0,182.9,46.2,0.45454545454545453,11,0.0,0.0,0.0,0.0,0.0,0.0,0.0,0.0
Rickson Gracie,177.8,185.0,182.9,59.08599999999997,1.0,11,0.0,0.0,0.0,0.0,0.0,0.0,0.0,0.0
Domingo Pilarte,182.9,135.0,185.4,34.0,0.7272727272727273,11,1.31,0.47,2.96,0.4,1.2,0.42,0.54,0.8
Junie Browning,175.3,155.0,182.9,39.6,0.45454545454545453,11,3.76,0.48,1.76,0.66,3.53,0.66,0.0,3.5
Damian Pinas,185.4,185.0,200.7,21.8,0.9090909090909091,11,6.33,0.63,5.89,0.39,0.0,0.0,0.85,0.0
Klaudia Sygula,172.7,135.0,175.3,25.0,0.7272727272727273,11,5.59,0.46,4.56,0.55,0.29,0.11,0.41,0.0
Landon Quinones,175.3,155.0,177.8,28.1,0.6363636363636364,11,6.77,0.4,7.7,0.55,0.5,0.33,1.0,0.0
Michel Quinones,177.8,155.0,185.4,39.0,0.7272727272727273,11,2.91,0.29,5.98,0.48,0.0,0.0,0.36,0.0
Chris Birchler,190.5,205.0,182.9,36.6,0.6363636363636364,11,9.008599999999996,0.46,12.828599999999996,0.35,0.0,0.0,0.0,0.0
Jonas Bilharinho,180.3,145.0,190.5,33.6,0.8181818181818182,11,3.71,0.6,3.36,0.57,0.0,0.0,1.0,0.0
Michael Bravo,177.8,155.0,182.9,36.8,0.6363636363636364,11,0.0,0.0,0.0,0.0,0.0,0.0,0.0,0.0
Daniel Teymur,165.1,145.0,175.3,35.9,0.6363636363636364,11,3.08,0.46,3.93,0.56,0.56,0.18,0.6,0.3
Daermisi Zhawupasi,172.7,135.0,172.7,24.3,0.8181818181818182,11,1.86,0.4,2.36,0.55,7.74,0.65,0.53,1.4
Asaf Chopurov,177.8,135.0,182.9,22.1,1.0,11,0.0,0.0,0.0,0.0,0.0,0.0,0.0,0.0
Blake Bilder,172.7,145.0,172.7,33.5,0.7272727272727273,11,3.81,0.48,4.15,0.53,0.31,0.07,0.71,0.6
Darrel Gholar,172.7,194.0,182.9,59.08599999999997,0.45454545454545453,11,0.0,0.0,0.0,0.0,0.0,0.0,0.0,0.0
Sean Gauci,165.1,125.0,162.6,27.2,0.9090909090909091,11,5.07,0.59,5.8,0.68,4.0,0.44,1.0,0.0
Pat Pytlik,182.9,170.0,185.4,34.7,0.8181818181818182,11,3.12,0.56,4.56,0.22,0.0,0.0,0.33,0.0
Azamat Gashimov,167.6,125.0,182.9,33.7,0.7272727272727273,11,1.24,0.21,4.75,0.53,1.69,0.25,0.0,0.0
Roberto Traven,190.5,227.0,182.9,55.3,0.5454545454545454,11,0.92,0.5,2.77,0.57,0.0,0.0,0.0,0.0
Kevin Syler,175.3,155.0,180.3,30.4,0.9090909090909091,11,5.6,0.69,4.03,0.48,1.0,0.4,0.77,2.0
Chris Brown,177.8,170.0,182.9,36.8,0.9090909090909091,11,0.0,0.0,0.0,0.0,0.0,0.0,0.0,0.0
Tallison Teixeira,198.1,258.0,203.2,24.1,0.8181818181818182,11,4.85,0.62,4.1,0.41,2.4,0.3,0.0,0.0
Bubba Bush,182.9,185.0,182.9,38.4,0.7272727272727273,11,0.63,0.55,7.01,0.25,2.82,0.5,0.6,0.0
Makoto Takimoto,170.2,205.0,182.9,44.1,0.5454545454545454,11,1.37,0.39,1.71,0.55,1.48,0.5,0.25,1.1
Felipe Portela,177.8,170.0,182.9,36.1,0.8181818181818182,11,0.0,0.0,0.0,0.0,0.0,0.0,0.0,0.0
Besam Yousef,180.3,170.0,182.9,38.8,0.6363636363636364,11,3.14,0.53,3.98,0.38,1.33,0.66,0.5,0.0
Joe Brammer,172.7,155.0,182.9,40.4,0.6363636363636364,11,2.15,0.31,2.8,0.56,0.81,0.5,0.5,0.0
Josh San Diego,177.8,135.0,182.9,36.8,0.7272727272727273,11,0.0,0.0,0.0,0.0,0.0,0.0,0.0,0.0
Pat Benson,175.3,155.0,182.9,49.5,0.2727272727272727,11,0.0,0.0,0.0,0.0,0.0,0.0,0.0,0.0
YeDam Seo,160.0,115.0,160.0,31.8,0.6363636363636364,11,1.07,0.27,2.4,0.58,0.5,0.2,0.42,0.0
Paul Ruiz,167.6,135.0,182.9,36.5,0.6363636363636364,11,1.4,0.33,1.4,0.75,0.0,0.0,1.0,6.985999999999967
Patrik White,182.9,155.0,182.9,30.6,0.8181818181818182,11,9.008599999999996,0.49,6.28,0.6,0.0,0.0,0.5,0.0
Tom DeBlass,182.9,185.0,182.9,41.6,0.8181818181818182,11,1.5,0.35,4.43,0.37,1.0,0.5,0.28,0.5
Gloria de Paula,165.1,115.0,170.2,28.6,0.5454545454545454,11,4.89,0.53,3.77,0.66,0.74,0.37,0.65,0.5
Jorge de Oliveira,172.7,155.0,182.9,43.9,0.8181818181818182,11,1.26,0.31,4.84,0.48,0.0,0.0,0.22,0.0
Kenneth Seegrist,182.9,185.0,182.9,43.2,0.36363636363636365,11,3.21,0.66,1.28,0.0,0.0,0.0,0.4,6.985999999999967
Hunter Azure,172.7,145.0,175.3,31.8,0.8181818181818182,11,3.92,0.53,2.08,0.58,1.97,0.34,0.67,1.3
Won Jin Eoh,170.2,160.0,182.9,36.8,0.45454545454545453,11,3.74,0.44,3.58,0.46,0.0,0.0,0.5,0.0
DongHyun Seo,170.2,145.0,170.2,33.4,0.6363636363636364,11,4.91,0.63,3.35,0.41,0.0,0.0,0.0,0.0
Joey Gambino,170.2,145.0,182.9,35.2,0.8181818181818182,11,2.47,0.35,2.53,0.51,0.0,0.0,0.42,0.8
Mateo Vogel,172.7,145.0,180.3,27.8,0.7272727272727273,11,4.47,0.46,2.87,0.65,1.0,0.16,0.0,0.0
Rodrigo Sezinando,175.3,170.0,180.3,26.1,0.8181818181818182,11,2.25,0.27,8.76,0.42,3.37,0.25,0.66,0.0
Bobby Escalante,177.8,130.0,182.9,36.8,0.45454545454545453,11,0.0,0.0,0.0,0.0,0.0,0.0,0.0,0.0
Fabrizio Escarrega,175.3,155.0,188.0,25.9,0.8181818181818182,11,5.47,0.49,3.2,0.58,3.0,1.0,1.0,0.0
Cindy Dandois,170.2,135.0,182.9,39.2,0.7272727272727273,11,3.13,0.32,3.4,0.58,5.0,0.55,0.0,0.0
Gleidson Cutis,175.3,155.0,182.9,34.9,0.6363636363636364,11,2.99,0.52,8.28,0.59,0.0,0.0,0.0,0.0
James Wilks,185.4,170.0,190.5,45.7,0.6363636363636364,11,1.82,0.45,2.03,0.5,1.27,0.22,0.66,3.8
Marcio Cruz,193.0,232.0,182.9,45.7,0.7272727272727273,11,2.92,0.46,1.51,0.68,0.53,0.07,0.37,1.6
Collin Anglin,175.3,145.0,180.3,30.9,0.7272727272727273,11,4.59,0.48,5.54,0.51,2.28,0.66,1.0,0.0
Damian Rzepecki,177.8,155.0,180.3,22.1,0.9090909090909091,11,1.07,0.25,4.93,0.43,1.0,0.14,0.66,0.0
Booker DeRousse,188.0,205.0,182.9,42.8,0.5454545454545454,11,0.0,0.0,0.0,0.0,0.0,0.0,0.0,0.0
Amir Sadollah,177.8,170.0,190.5,43.3,0.5454545454545454,11,4.71,0.46,3.55,0.6,0.57,0.27,0.6,0.3
Tristan Arenal,177.8,155.0,182.9,38.8,0.6363636363636364,11,0.0,0.0,0.0,0.0,0.0,0.0,0.0,0.0
Erick Sanchez,177.8,145.0,182.9,33.2,0.7272727272727273,11,0.0,0.0,0.0,0.0,0.0,0.0,0.0,0.0
Silvestre Sanchez,177.8,155.0,185.4,22.1,0.9090909090909091,11,4.56,0.48,3.46,0.51,4.71,0.3,0.66,1.2
Trey Waters,195.6,170.0,195.6,28.9,0.8181818181818182,11,6.39,0.44,5.83,0.55,0.4,0.33,0.85,0.8
Danny Downes,182.9,155.0,182.9,37.7,0.7272727272727273,11,1.66,0.34,3.53,0.37,0.0,0.0,0.37,0.5
Neemias Santana,188.0,185.0,193.0,27.5,0.6363636363636364,11,1.67,0.34,2.0,0.52,0.0,0.0,0.0,0.0
Felipe dos Santos,170.2,125.0,177.8,23.3,0.7272727272727273,11,3.75,0.39,3.8,0.41,0.0,0.0,0.2,0.5
David Dodd,188.0,200.0,182.9,50.3,0.36363636363636365,11,0.0,0.0,0.0,0.0,0.0,0.0,0.0,0.0
Wang Cong,167.6,125.0,165.1,31.6,0.9090909090909091,11,6.82,0.58,2.73,0.6,0.62,0.75,0.85,0.6
Rico DiSciullo,172.7,135.0,182.9,37.2,0.8181818181818182,11,1.71,0.33,4.41,0.56,0.0,0.0,0.0,0.0
Jhonata Diniz,193.0,254.0,200.7,32.5,0.8181818181818182,11,3.89,0.56,3.62,0.56,0.0,0.0,0.7,0.0
Cesar Arzamendia,180.3,155.0,182.9,32.9,0.7272727272727273,11,5.37,0.45,5.2,0.56,7.32,0.75,0.0,2.4
Nyamjargal Tumendemberel,170.2,125.0,180.3,25.8,0.9090909090909091,11,2.72,0.42,2.47,0.53,3.37,0.5,0.56,2.1
Vincent Eazelle,180.3,155.0,182.9,43.1,0.8181818181818182,11,0.0,0.0,0.0,0.0,0.0,0.0,0.0,0.0
Mridul Saikia,170.2,125.0,172.7,26.6,0.8181818181818182,11,1.36,0.33,6.43,0.26,0.0,0.0,0.0,0.0
Lumumba Sayers,182.9,185.0,182.9,45.5,0.5454545454545454,11,2.54,0.41,2.37,0.48,7.63,0.75,0.0,2.5
Mark Scanlon,175.3,170.0,182.9,36.8,0.8181818181818182,11,2.2,0.35,3.33,0.48,3.0,0.75,0.25,2.0
Danny Barlow,188.0,185.0,200.7,28.4,0.8181818181818182,11,5.81,0.51,4.65,0.52,0.0,0.0,1.0,0.0
Melissa Croden,175.3,135.0,172.7,32.7,0.7272727272727273,11,4.27,0.47,2.13,0.59,2.02,0.5,0.66,0.3
Tamires Vidal,167.6,135.0,172.7,25.4,0.6363636363636364,11,2.91,0.53,4.46,0.49,0.0,0.0,0.35,0.7
Carol Foro,157.5,115.0,160.0,26.8,0.9090909090909091,11,7.43,0.57,5.7,0.55,0.0,0.0,0.77,0.0
Jonavin Webb,177.8,170.0,182.9,34.7,0.8181818181818182,11,1.47,0.3,2.27,0.64,2.5,0.31,0.4,1.0
Alan Baudot,190.5,243.0,200.7,35.9,0.7272727272727273,11,5.36,0.58,4.82,0.46,0.0,0.0,0.62,0.0
Matthew Riddle,185.4,170.0,193.0,38.0,0.7272727272727273,11,3.01,0.42,2.74,0.54,3.51,0.5,0.89,0.5
Hailai Wushamo,177.8,115.0,182.9,23.3,0.9090909090909091,11,0.0,0.0,0.0,0.0,0.0,0.0,0.0,0.0
Ron Sparks,195.6,265.0,182.9,36.8,0.7272727272727273,11,0.0,0.0,0.0,0.0,0.0,0.0,0.0,0.0
Artem Frolov,177.8,185.0,182.9,32.3,1.0,11,0.0,0.0,0.0,0.0,0.0,0.0,0.0,0.0
Sarah Frota,167.6,125.0,175.3,36.7,0.8181818181818182,11,4.52,0.52,2.57,0.55,0.0,0.0,0.53,0.0
Bobby Stack,175.3,155.0,182.9,36.8,0.7272727272727273,11,1.0,0.2,2.89,0.34,7.48,0.45,1.0,0.0
John Albert,172.7,135.0,172.7,37.2,0.5454545454545454,11,3.05,0.49,2.82,0.35,0.0,0.0,0.5,6.1
Jack Cartwright,175.3,135.0,172.7,29.6,0.9090909090909091,11,0.8,0.38,3.33,0.29,6.0,0.66,0.0,2.0
Clayton Carpenter,167.6,125.0,167.6,27.6,0.7272727272727273,11,3.88,0.5,4.47,0.49,1.75,0.35,0.5,1.0
Maia Stevenson,162.6,115.0,160.0,41.8,0.5454545454545454,11,1.57,0.54,3.13,0.33,3.91,1.0,0.5,0.0
Navajo Stirling,193.0,205.0,200.7,26.1,1.0,11,6.47,0.55,2.56,0.58,0.82,0.25,0.71,0.0
Cale Yarbrough,185.4,185.0,182.9,37.0,0.7272727272727273,11,3.16,0.27,10.0,0.72,0.0,0.0,0.0,0.0
JooSang Yoo,170.2,145.0,180.3,29.9,0.8181818181818182,11,3.99,0.43,4.76,0.53,0.72,0.25,0.66,0.0
Cody Canterbury,172.7,155.0,182.9,36.8,0.09090909090909091,11,0.0,0.0,0.0,0.0,0.0,0.0,0.0,0.0
Carlos Candelario,172.7,125.0,172.7,32.6,0.7272727272727273,11,3.97,0.46,5.17,0.44,2.28,0.36,0.53,0.3
Amir Aliakbari,190.5,250.0,182.9,39.6,0.9090909090909091,11,0.0,0.0,0.0,0.0,0.0,0.0,0.0,0.0
Chelsea Chandler,172.7,135.0,172.7,33.1,0.6363636363636364,11,3.52,0.45,4.27,0.4,0.81,0.6,0.25,0.3
Kim Couture,172.7,135.0,182.9,48.0,0.2727272727272727,11,9.008599999999996,0.75,2.31,0.69,0.0,0.0,0.0,0.0
Kimbert Alintozon,160.0,135.0,165.1,24.9,0.6363636363636364,11,2.39,0.52,4.06,0.46,1.56,0.33,0.75,0.0
Dayana Silva,170.2,135.0,182.9,33.3,0.6363636363636364,11,6.33,0.51,5.93,0.57,0.0,0.0,0.42,0.0
Victor Rodriguez,165.1,125.0,170.2,31.3,0.6363636363636364,11,1.59,0.37,6.11,0.5,0.0,0.0,0.0,0.0
Jamey Simmons,167.6,135.0,177.8,31.3,0.6363636363636364,11,0.79,0.21,1.92,0.74,0.0,0.0,0.5,0.0
Kiran Singh,157.5,115.0,165.1,23.4,0.6363636363636364,11,0.0,0.0,12.828599999999996,0.23,0.0,0.0,0.0,0.0
Jair Farias,185.4,145.0,193.0,30.8,0.9090909090909091,11,3.8,0.39,5.33,0.51,0.0,0.0,0.41,0.0
Andre Amado,182.9,154.0,182.9,40.2,0.5454545454545454,11,2.27,0.24,5.91,0.63,0.0,0.0,0.2,0.0
Chance Farrar,175.3,145.0,182.9,48.3,0.7272727272727273,11,0.81,0.22,2.21,0.67,3.02,1.0,0.0,0.0
Colton Smith,182.9,155.0,180.3,36.4,0.6363636363636364,11,1.64,0.41,2.3,0.51,4.09,0.36,0.25,1.4
Mark Climaco,162.6,125.0,165.1,26.2,0.8181818181818182,11,4.13,0.59,2.9,0.57,3.5,0.36,0.46,0.0
Elijah Smith,175.3,135.0,180.3,21.6,0.9090909090909091,11,4.18,0.48,2.96,0.46,2.98,0.53,0.53,1.1
Karolina Wojcik,157.5,115.0,182.9,29.1,0.8181818181818182,11,2.67,0.65,0.87,0.62,2.0,0.66,1.0,1.0
Denis Sobolev,190.5,216.0,182.9,48.4,0.36363636363636365,11,0.0,0.0,5.45,0.33,0.0,0.0,0.0,0.0
John Cholish,180.3,155.0,188.0,40.0,0.7272727272727273,11,2.65,0.49,2.29,0.73,1.82,0.31,0.78,0.4
Dmitry Sosnovskiy,190.5,240.0,195.6,34.5,1.0,11,2.95,0.7,2.53,0.35,3.16,0.66,1.0,3.2
Fabio Cherant,185.4,205.0,188.0,29.1,0.6363636363636364,11,1.35,0.4,4.89,0.38,0.0,0.0,0.0,0.0
Albert Cheng,180.3,170.0,182.9,38.9,0.6363636363636364,11,1.0,0.41,2.6,0.71,0.0,0.0,0.0,0.0
Luke Flores,182.9,155.0,185.4,35.8,0.8181818181818182,11,1.56,0.44,1.88,0.6,0.0,0.0,0.4,1.2
Chasen Blair,177.8,155.0,180.3,25.2,0.6363636363636364,11,4.31,0.39,5.39,0.55,0.0,0.0,1.0,0.0
Pawan Maan,170.2,155.0,177.8,37.7,0.6363636363636364,11,0.89,0.44,2.98,0.43,0.0,0.0,0.0,0.0
Kaloyan Kolev,188.0,205.0,185.4,31.2,0.9090909090909091,11,1.12,0.45,4.49,0.42,8.49,0.6,0.0,0.0
Brendon Marotte,175.3,145.0,177.8,28.0,0.7272727272727273,11,0.41,0.5,5.7,0.28,0.0,0.0,0.0,0.0
Stephen Ledbetter,175.3,145.0,182.9,41.5,0.7272727272727273,11,1.2,0.38,1.6,0.57,5.0,0.45,1.0,0.0
Andrews Nakahara,185.4,185.0,182.9,40.8,0.45454545454545453,11,2.68,0.44,1.9,0.57,0.0,0.0,0.72,0.4
Samandar Murodov,185.4,170.0,190.5,24.3,1.0,11,1.5,0.75,0.5,0.44,6.01,0.66,0.0,1.5
Ricky Palacios,167.6,145.0,182.9,36.5,0.9090909090909091,11,7.73,0.53,3.27,0.59,0.0,0.0,1.0,0.0
Dashon Johnson,170.2,145.0,182.9,35.9,0.8181818181818182,11,1.01,0.69,3.83,0.35,0.85,0.33,0.63,0.8
Tony Kelley,175.3,135.0,177.8,36.9,0.7272727272727273,11,5.55,0.47,4.85,0.45,0.0,0.0,0.52,1.4
Alex Nicholson,193.0,185.0,195.6,33.7,0.6363636363636364,11,4.12,0.43,4.65,0.47,0.0,0.0,0.5,0.5
Jonathan Mix,182.9,168.0,182.9,43.1,0.6363636363636364,11,0.0,0.0,0.0,0.0,0.0,0.0,0.0,0.0
Daniel Pereira,177.8,185.0,182.9,33.1,0.8181818181818182,11,0.0,0.0,0.0,0.0,0.0,0.0,0.0,0.0
Danni McCormack,162.6,125.0,160.0,33.8,0.8181818181818182,11,6.93,0.51,4.53,0.6,6.0,0.42,0.5,2.0
Gisele Moreira,167.6,135.0,182.9,43.0,0.7272727272727273,11,5.93,0.42,6.33,0.48,4.0,0.57,0.0,0.0
Richardson Moreira,188.0,185.0,182.9,39.8,0.6363636363636364,11,1.17,0.28,1.83,0.67,0.0,0.0,1.0,0.0
Nair Melikyan,167.6,155.0,182.9,26.4,1.0,11,0.0,0.0,0.0,0.0,0.0,0.0,0.0,0.0
Pawel Nastula,182.9,230.0,182.9,53.5,0.45454545454545453,11,1.3,0.43,1.73,0.5,3.0,0.6,0.0,1.5
Roman Mitichyan,177.8,170.0,182.9,45.3,0.7272727272727273,11,0.26,0.16,2.7,0.43,1.93,1.0,0.25,1.9
Joe Lowry,180.3,155.0,185.4,34.1,0.8181818181818182,11,3.97,0.34,4.25,0.63,0.0,0.0,0.0,0.0
Kin Moy,165.1,135.0,182.9,36.8,0.7272727272727273,11,2.3,0.33,1.93,0.62,1.67,0.42,0.5,1.7
Ailiya Muratbek,177.8,155.0,182.9,36.8,0.8181818181818182,11,0.0,0.0,0.0,0.0,0.0,0.0,0.0,0.0
Klayton Mai,175.3,125.0,182.9,37.1,0.7272727272727273,11,1.53,0.42,1.02,0.63,3.83,1.0,0.0,6.985999999999967
Al Matavao,172.7,205.0,170.2,29.9,0.7272727272727273,11,7.84,0.46,6.7,0.58,0.0,0.0,0.0,0.0
Ramona Pascual,170.2,135.0,167.6,35.3,0.5454545454545454,11,3.87,0.57,8.43,0.46,1.81,0.19,1.0,0.0
Mike Moreno,182.9,185.0,182.9,36.8,0.5454545454545454,11,1.27,0.51,1.07,0.58,0.0,0.0,0.44,0.0
George Mangos,172.7,145.0,175.3,21.6,0.9090909090909091,11,1.3,0.5,0.67,0.58,0.0,0.0,0.42,3.5
Fatima Kline,167.6,115.0,170.2,23.5,0.9090909090909091,11,4.88,0.48,2.46,0.61,3.13,0.66,0.65,0.2
Mark Hall,182.9,190.0,182.9,59.08599999999997,0.45454545454545453,11,0.0,0.0,0.0,0.0,0.0,0.0,0.0,0.0
Chungreng Koren,167.6,135.0,170.2,25.9,0.7272727272727273,11,3.92,0.44,3.38,0.42,6.88,0.5,0.33,0.6
Ryan Hall,177.8,145.0,177.8,38.9,0.8181818181818182,11,2.38,0.5,1.33,0.65,0.22,0.09,0.0,2.2
Teemu Packalen,185.4,155.0,190.5,36.6,0.7272727272727273,11,2.57,0.54,3.91,0.47,2.31,0.25,1.0,1.5
Angel Pacheco,172.7,135.0,177.8,32.0,0.6363636363636364,11,7.58,0.36,10.56,0.41,0.33,0.5,0.16,0.0
Connor Matthews,172.7,145.0,180.3,31.6,0.6363636363636364,11,4.82,0.43,6.06,0.55,3.24,0.55,0.46,0.7
Guto Inocente,190.5,205.0,182.9,37.6,0.6363636363636364,11,4.13,0.66,2.92,0.54,0.67,0.33,0.66,0.7
Jeremy Hamilton,177.8,185.0,182.9,39.1,0.8181818181818182,11,0.0,0.0,0.0,0.0,0.0,0.0,0.0,0.0
Nick Pace,170.2,135.0,172.7,36.7,0.7272727272727273,11,1.48,0.34,3.14,0.57,2.52,0.43,0.54,0.5
Raquel Pa'aluhi,170.2,135.0,182.9,33.2,0.5454545454545454,11,1.71,0.56,3.42,0.46,0.0,0.0,0.18,0.0
Murtazali Magomedov,175.3,145.0,177.8,24.4,1.0,11,4.83,0.48,2.07,0.7985999999999968,5.17,0.5,0.0,5.2
Icho Larenas,190.5,235.0,182.9,43.8,0.5454545454545454,11,0.17,0.15,2.5,0.28,0.0,0.0,0.14,0.0
Justine Kish,165.1,125.0,162.6,35.7,0.6363636363636364,11,4.51,0.48,4.59,0.57,0.87,0.33,0.5,0.1
Taiga Iwasaki,185.4,185.0,185.4,26.5,0.8181818181818182,11,1.99,0.33,7.08,0.32,0.0,0.0,0.0,0.0
Jon Kunneman,175.3,185.0,185.4,24.5,0.9090909090909091,11,3.93,0.37,7.93,0.38,2.0,0.5,0.5,0.0
Tainara Lisboa,170.2,135.0,170.2,32.8,0.6363636363636364,11,2.01,0.44,2.88,0.45,1.67,0.31,0.53,0.3
Jaimelene Nievera,165.1,125.0,182.9,39.2,0.6363636363636364,11,1.67,0.53,8.73,0.33,1.79,0.16,0.0,0.0
Impa Kasanganay,180.3,170.0,190.5,30.0,0.8181818181818182,11,4.96,0.48,3.66,0.58,1.75,0.58,0.66,0.2
SeongChan Hong,170.2,155.0,175.3,34.1,0.8181818181818182,11,6.57,0.55,8.76,0.47,0.0,0.0,0.0,0.0
Mick Parkin,193.0,265.0,200.7,28.2,0.9090909090909091,11,4.7,0.5,4.13,0.58,1.38,0.46,0.5,0.2
Ryan Loder,188.0,185.0,193.0,32.6,0.7272727272727273,11,5.1,0.69,2.46,0.5,1.37,0.14,1.0,1.4
Kaito Oda,165.1,125.0,160.0,25.9,0.7272727272727273,11,2.07,0.62,1.93,0.38,4.0,1.0,0.25,0.0
Chris Hofmann,182.9,170.0,182.9,34.1,0.8181818181818182,11,4.78,0.45,4.63,0.35,3.42,0.42,0.0,0.0
Lukasz Les,177.8,170.0,182.9,42.2,0.7272727272727273,11,0.0,0.0,0.0,0.0,0.0,0.0,0.0,0.0
Kwan Ho Kwak,165.1,135.0,182.9,34.5,0.8181818181818182,11,3.29,0.41,3.45,0.47,0.78,1.0,0.26,0.0
Jonathan Micallef,182.9,170.0,195.6,24.8,0.9090909090909091,11,3.85,0.43,3.64,0.56,1.08,0.42,0.66,0.7
Cody Law,177.8,145.0,182.9,28.8,0.8181818181818182,11,0.0,0.0,0.0,0.0,0.0,0.0,0.0,0.0
Lee Murray,190.5,185.0,182.9,46.3,0.7272727272727273,11,0.36,0.15,3.28,0.32,0.9,1.0,0.42,1.8
Mike Lullo,172.7,145.0,182.9,44.4,0.7272727272727273,11,2.48,0.36,4.84,0.4,1.18,0.11,0.0,0.6
Justin Jones,180.3,185.0,182.9,36.3,0.8181818181818182,11,1.7,0.36,3.17,0.45,1.0,0.15,0.46,0.5
Jose Ochoa,170.2,125.0,170.2,23.0,0.8181818181818182,11,5.16,0.47,2.99,0.58,0.3,0.25,0.65,0.9
Alfred Khashakyan,172.7,135.0,177.8,35.5,0.7272727272727273,11,6.14,0.42,6.38,0.4,3.54,0.25,0.0,0.0
Michael McBride,185.4,155.0,182.9,37.8,0.7272727272727273,11,4.08,0.48,5.85,0.4,1.85,0.42,0.3,1.2
Elaina Maxwell,172.7,145.0,182.9,45.0,0.6363636363636364,11,2.07,0.6,2.4,0.53,0.0,0.0,0.5,1.0
Ben Lagman,188.0,185.0,182.9,37.3,0.5454545454545454,11,0.0,0.0,0.0,0.0,0.0,0.0,0.0,0.0
Gabrielle Holloway,160.0,145.0,182.9,33.7,0.5454545454545454,11,0.7,0.42,3.07,0.34,3.0,0.35,0.16,1.0
Zelim Imadaev,182.9,170.0,193.0,28.9,0.7272727272727273,11,2.91,0.36,4.35,0.43,0.38,0.5,0.6,0.0
Claudia Leite,160.0,135.0,162.6,27.2,0.7272727272727273,11,1.27,0.47,1.73,0.57,1.0,0.25,0.0,1.0
Christian Morecraft,198.1,260.0,203.2,37.3,0.7272727272727273,11,2.82,0.34,2.46,0.46,3.26,0.66,0.5,2.2
Stephanie Luciano,167.6,115.0,165.1,24.0,0.7272727272727273,11,5.25,0.42,3.29,0.63,1.47,0.66,0.8,0.5
Jeremie Holloway,182.9,170.0,182.9,39.3,0.7272727272727273,11,0.81,0.5,0.51,0.79,0.0,0.0,0.0,0.0
Achmed Labasanov,190.5,215.0,182.9,45.7,0.6363636363636364,11,0.75,0.39,1.1,0.46,3.0,1.0,0.0,0.8
Roger Narvaez,190.5,185.0,182.9,40.3,0.7272727272727273,11,2.12,0.37,3.32,0.64,0.0,0.0,0.5,0.9
Ramiro Jimenez,175.3,145.0,185.4,25.0,1.0,11,9.008599999999996,0.65,2.43,0.7985999999999968,5.2,1.0,1.0,0.0
Josh Paiva,167.6,125.0,182.9,32.7,0.8,10,0.0,0.0,0.0,0.0,0.0,0.0,0.0,0.0
Ty Flores,190.5,205.0,185.4,30.0,0.7,10,2.0,0.37,7.8,0.25,1.0,0.09,0.0,0.0
Luis Pajuelo,177.8,145.0,175.3,29.0,0.8,10,6.03,0.57,8.2,0.52,0.0,0.0,0.66,0.0
Lucrezia Ria,167.6,125.0,182.9,31.5,0.8,10,4.07,0.46,4.4,0.45,1.0,0.33,0.0,0.0
Guangyou Ning,162.6,145.0,162.6,42.0,0.5,10,2.66,0.41,1.91,0.61,1.09,0.5,0.62,0.3
Jonathan Wilson,188.0,205.0,190.5,36.5,0.7,10,2.92,0.48,5.65,0.56,0.37,1.0,0.8,0.0
Orion Cosce,180.3,170.0,180.3,29.5,0.8,10,2.77,0.53,4.02,0.44,1.92,0.4,0.61,0.0
Jason Freeman,188.0,225.0,182.9,47.3,0.6,10,0.0,0.0,0.0,0.0,0.0,0.0,0.0,0.0
In Su Hwang,180.3,185.0,188.0,30.0,0.8,10,2.47,0.46,6.2,0.44,0.0,0.0,0.5,0.0
Camila Reynoso,177.8,115.0,182.9,21.6,0.9,10,0.0,0.0,0.0,0.0,0.0,0.0,0.0,0.0
Guilherme Viana,193.0,205.0,182.9,36.8,0.7,10,2.92,0.4,2.72,0.59,1.2,0.66,0.77,0.0
Ronnie Lawrence,172.7,135.0,172.7,31.6,0.8,10,2.78,0.56,1.75,0.52,6.75,0.77,0.45,0.2
Jose Souza,190.5,170.0,200.7,21.6,0.9,10,4.24,0.45,4.86,0.49,0.0,0.0,0.0,0.0
Antonio Dos Santos,177.8,185.0,182.9,35.4,0.6,10,5.4,0.51,3.94,0.43,0.0,0.0,1.0,0.0
Estefani Almeida,162.6,125.0,182.9,35.2,0.7,10,3.13,0.37,6.07,0.42,0.0,0.0,0.0,0.0
Ericka Almeida,167.6,115.0,182.9,34.8,0.7,10,1.07,0.39,3.33,0.43,0.5,0.33,0.37,0.0
Alex Chambers,160.0,115.0,160.0,45.2,0.5,10,2.97,0.54,5.1,0.5,2.31,0.41,0.53,1.0
Brian Johnston,190.5,230.0,182.9,55.4,0.5,10,0.0,0.0,0.0,0.0,0.0,0.0,0.0,0.0
Iwo Baraniewski,182.9,205.0,185.4,25.1,0.9,10,5.83,0.56,5.03,0.59,0.8,0.2,0.83,0.0
Patrick Speight,185.4,170.0,182.9,36.8,0.7,10,0.0,0.0,0.0,0.0,0.0,0.0,0.0,0.0
Bruno Korea,167.6,135.0,165.1,32.5,0.7,10,2.12,0.34,3.96,0.42,0.0,0.0,0.25,0.0
Justin Willis,185.4,264.0,198.1,36.5,0.8,10,3.37,0.59,2.57,0.57,0.96,0.66,0.36,0.0
Carl Malenko,180.3,200.0,182.9,53.9,0.6,10,0.0,0.0,0.0,0.0,0.0,0.0,0.0,0.0
Bilal Hasan,170.2,125.0,177.8,22.5,1.0,10,9.008599999999996,0.47,4.38,0.5,1.83,1.0,0.0,0.0
Cesar Almeida,185.4,185.0,188.0,35.8,0.7,10,3.73,0.6,2.23,0.44,0.2,0.33,0.53,0.2
Shauna Bannon,165.1,115.0,165.1,30.2,0.7,10,3.85,0.44,3.25,0.45,0.0,0.0,0.47,0.5
Sasha Palatnikov,185.4,170.0,182.9,34.8,0.6,10,6.69,0.53,5.44,0.52,0.72,1.0,0.7,0.0
Yuri Panferov,185.4,185.0,182.9,27.3,0.9,10,3.65,0.5,2.55,0.6,2.64,0.57,0.36,0.0
Gabriel Silva,167.6,135.0,180.3,29.3,0.8,10,1.3,0.34,3.47,0.45,1.5,0.25,0.38,0.5
Felipe Silva,182.9,155.0,195.6,39.6,0.8,10,5.4,0.5,1.8,0.59,1.0,1.0,0.71,0.0
Nick Maximov,182.9,185.0,193.0,26.0,0.8,10,1.93,0.45,2.64,0.46,4.16,0.45,0.35,0.2
Jesse Moreng,170.2,145.0,182.9,44.1,0.9,10,1.26,0.4,2.08,0.48,5.56,1.0,1.0,0.0
Jacob Silva,165.1,125.0,170.2,35.9,0.6,10,4.17,0.44,4.92,0.56,1.51,1.0,0.66,0.0
Stephen Banaszak,182.9,145.0,182.9,33.1,0.5,10,4.2,0.47,1.15,0.66,0.0,0.0,1.0,1.9
Mal Foki,170.2,220.0,182.9,47.8,0.5,10,2.86,0.14,12.828599999999996,0.54,0.0,0.0,0.0,0.0
Abongo Humphrey,180.3,205.0,182.9,46.6,0.7,10,1.45,0.4,3.83,0.46,1.41,0.37,0.33,3.8
Bobby Flynn,177.8,170.0,182.9,36.8,0.6,10,0.38,0.25,0.77,0.0,0.0,0.0,0.0,0.0
Deron Winn,167.6,185.0,177.8,34.6,0.7,10,4.55,0.44,6.21,0.46,4.28,0.52,0.4,0.0
Scott Bessac,193.0,245.0,182.9,58.2,0.4,10,0.0,0.0,0.0,0.0,0.0,0.0,0.0,0.0
Robert Sanchez,167.6,125.0,167.6,37.8,0.8,10,0.96,0.4,1.78,0.46,3.61,0.62,0.5,0.7
Oluwale Bamgbose,180.3,185.0,198.1,36.4,0.6,10,2.45,0.48,2.7,0.55,0.94,0.33,0.37,0.0
Maiara Amanajas dos Santos,165.1,115.0,182.9,36.5,0.7,10,5.53,0.35,12.828599999999996,0.33,0.0,0.0,1.0,0.0
Steven Asplund,195.6,260.0,198.1,25.5,0.8,10,7.88,0.53,5.25,0.48,0.0,0.0,1.0,0.4
Yoshinori Horie,172.7,145.0,177.8,28.6,0.8,10,2.76,0.49,5.65,0.48,0.0,0.0,0.0,0.0
Shimon Smotritsky,188.0,170.0,188.0,23.4,0.8,10,3.52,0.34,8.67,0.56,3.52,0.33,0.5,0.0
Cameron Olson,185.4,205.0,190.5,34.1,0.7,10,3.13,0.47,2.2,0.57,3.0,0.42,1.0,1.0
Macksom Lee,185.4,135.0,190.5,25.0,0.9,10,0.87,0.44,2.13,0.5,0.0,0.0,0.63,1.0
Kazunari Murakami,185.4,220.0,182.9,50.1,0.5,10,0.0,0.0,0.0,0.0,0.0,0.0,0.0,0.0
Hunter Smith,175.3,155.0,175.3,25.2,0.8,10,5.07,0.42,5.27,0.63,0.0,0.0,0.0,0.0
Tyler Hill,190.5,170.0,182.9,32.4,0.8,10,3.64,0.39,5.33,0.47,0.0,0.0,0.0,0.0
Julius Walker,193.0,205.0,198.1,24.5,0.7,10,3.72,0.53,4.18,0.42,4.07,0.38,1.0,0.0
Yanal Ashmouz,175.3,155.0,175.3,28.8,0.8,10,2.88,0.5,4.78,0.5,3.24,0.38,0.64,0.0
Michael Oliveira,185.4,170.0,198.1,25.9,1.0,10,8.28,0.52,3.35,0.64,0.0,0.0,1.0,0.0
Jessie Rosas,170.2,145.0,172.7,21.6,0.8,10,5.0,0.5,11.67,0.46,0.0,0.0,0.0,0.0
Mandy Bohm,170.2,125.0,180.3,34.4,0.8,10,2.51,0.45,3.24,0.6,0.72,0.18,0.75,0.7
Melissa Mullins,170.2,135.0,172.7,32.4,0.7,10,3.67,0.49,4.15,0.53,2.2,0.46,0.85,0.0
Chris Honeycutt,177.8,170.0,185.4,35.4,0.9,10,2.99,0.44,1.41,0.66,3.4,0.45,0.75,0.0
Bruno Oliveira,193.0,205.0,203.2,39.7,0.8,10,3.44,0.33,4.92,0.54,0.0,0.0,0.0,0.0
Angelo Trevino,180.3,170.0,182.9,30.6,0.7,10,5.19,0.54,3.9,0.47,0.0,0.0,1.0,0.0
Rick Roufus,182.9,207.0,182.9,57.6,0.4,10,0.53,0.33,1.06,0.33,0.0,0.0,0.5,0.0
Muhammad Saidov,188.0,205.0,185.4,28.0,1.0,10,6.11,0.45,3.46,0.63,0.0,0.0,0.0,0.0
Josh Hokit,185.4,235.0,185.4,26.1,1.0,10,9.008599999999996,0.64,5.28,0.48,3.73,0.47,0.77,0.4
Melissa Martinez,157.5,115.0,167.6,26.4,0.8,10,3.78,0.47,5.21,0.53,0.35,0.5,0.5,0.0
Terrance Saeteurn,167.6,125.0,170.2,28.6,0.8,10,3.82,0.4,3.82,0.52,0.0,0.0,0.0,0.0
Jeremy Wallace,175.3,155.0,182.9,36.9,0.4,10,0.0,0.0,0.0,0.0,0.0,0.0,0.0,0.0
Luca Borando,177.8,145.0,182.9,23.3,0.9,10,0.0,0.0,0.0,0.0,0.0,0.0,0.0,0.0
Chalid Arrab,180.3,205.0,182.9,48.6,0.7,10,1.56,0.34,1.63,0.56,3.05,0.75,0.37,1.0
Rodrigo Ruas,177.8,185.0,182.9,46.2,0.4,10,1.28,0.35,7.0,0.41,0.0,0.0,0.0,0.0
Danny Sabatello,177.8,135.0,180.3,30.8,0.9,10,2.07,0.57,0.2,0.25,3.0,0.75,1.0,1.0
Cory Walmsley,182.9,205.0,182.9,36.8,0.8,10,0.79,0.75,1.18,0.5,0.0,0.0,0.0,0.0
Ho Taek Oh,177.8,155.0,182.9,30.5,0.7,10,0.0,0.0,0.0,0.0,0.0,0.0,0.0,0.0
Shaun Etchell,170.2,125.0,172.7,30.4,0.7,10,0.0,0.0,0.0,0.0,4.37,1.0,1.0,0.0
Nilson Rojas,167.6,125.0,160.0,24.7,0.9,10,4.42,0.5,7.1,0.58,0.0,0.0,0.0,0.0
Natan Levy,175.3,155.0,180.3,32.3,0.8,10,3.7,0.52,3.19,0.58,5.03,0.58,0.41,0.5
Rico Farrington,193.0,170.0,200.7,34.5,0.7,10,6.33,0.41,7.2,0.51,0.0,0.0,0.2,0.0
Emiliano Linares,172.7,145.0,182.9,26.7,0.8,10,1.17,0.28,3.59,0.26,0.0,0.0,0.33,0.0
Michal Figlak,177.8,155.0,177.8,27.4,0.8,10,4.0,0.39,4.93,0.52,0.5,0.12,0.57,0.0
Jon Murphy,190.5,260.0,182.9,46.4,0.6,10,3.93,0.66,8.85,0.43,0.0,0.0,0.0,0.0
Cheyanne Vlismas,160.0,115.0,160.0,28.5,0.7,10,4.93,0.5,2.57,0.64,0.25,0.33,0.66,0.2
Jhonata Silva,165.1,125.0,167.6,26.7,0.8,10,4.86,0.52,9.85,0.44,0.0,0.0,0.0,0.0
Brian Melancon,172.7,170.0,182.9,41.6,0.7,10,4.18,0.49,3.64,0.64,2.02,1.0,0.66,0.0
Jocelyn Jones-Lybarger,170.2,115.0,162.6,38.2,0.6,10,2.96,0.31,4.83,0.56,0.34,0.25,0.81,0.0
Colby Thicknesse,170.2,135.0,175.3,24.5,0.9,10,3.24,0.41,2.93,0.54,0.67,0.07,0.33,1.7
Ben Sosoli,182.9,265.0,182.9,34.1,0.7,10,2.31,0.31,4.3,0.47,0.0,0.0,0.0,0.0
Jimmy Drago,177.8,170.0,180.3,28.9,0.7,10,3.8,0.29,5.6,0.65,1.0,0.5,0.0,0.0
Anthony Drilich,165.1,125.0,165.1,29.8,0.8,10,5.8,0.31,5.07,0.4,0.0,0.0,0.55,0.0
Reyes Cortez Jr.,170.2,135.0,172.7,31.4,0.7,10,4.1,0.45,7.43,0.52,1.5,0.11,1.0,0.0
SeungGuk Choi,167.6,125.0,162.6,27.0,0.7,10,2.69,0.42,2.69,0.65,1.02,0.27,0.74,0.0
John Lewis,182.9,155.0,182.9,36.8,0.3,10,0.0,0.0,4.0,0.66,0.0,0.0,0.0,0.0
Noe Hernandez,177.8,155.0,182.9,36.8,0.5,10,0.0,0.0,0.0,0.0,0.0,0.0,0.0,0.0
Marcus Silveira,190.5,242.0,182.9,59.08599999999997,0.6,10,0.0,0.0,0.0,0.0,0.0,0.0,0.0,0.0
Carlos Mota,162.6,125.0,175.3,28.7,0.8,10,0.8,0.41,1.13,0.54,0.0,0.0,0.5,1.0
Melinda Fabian,167.6,125.0,167.6,36.5,0.4,10,4.03,0.41,4.0,0.62,0.0,0.0,1.0,0.0
Cody Sons,175.3,205.0,182.9,36.8,0.3,10,0.0,0.0,0.0,0.0,0.0,0.0,0.0,0.0
Rachael Ostovich,160.0,125.0,160.0,32.8,0.4,10,2.54,0.43,3.97,0.57,2.03,0.83,0.66,0.8
Collin Huckbody,190.5,185.0,193.0,29.3,0.8,10,2.05,0.6,2.73,0.42,8.49,1.0,0.0,6.985999999999967
Viktoriia Dudakova,165.1,115.0,170.2,24.9,0.8,10,2.87,0.47,3.4,0.5,2.73,0.35,0.33,0.0
Drako Rodriguez,172.7,135.0,175.3,27.5,0.7,10,3.37,0.36,4.4,0.58,2.93,0.66,0.75,0.7
Garett Whiteley,182.9,155.0,182.9,43.0,0.7,10,3.72,0.48,4.04,0.46,0.0,0.0,0.27,0.9
Bevon Lewis,190.5,185.0,200.7,32.7,0.7,10,3.73,0.43,2.67,0.54,0.0,0.0,0.66,0.0
Reese Andy,182.9,205.0,182.9,50.8,0.7,10,2.87,0.5,3.5,0.58,0.67,0.2,0.4,0.0
Brian Houston,188.0,185.0,182.9,42.7,0.4,10,1.9,0.35,3.67,0.53,0.95,1.0,0.87,0.0
Joe Pardo,185.4,210.0,182.9,36.8,0.4,10,0.0,0.0,0.0,0.0,0.0,0.0,0.0,0.0
YiSak Lee,182.9,185.0,182.9,24.0,0.8,10,2.73,0.4,5.73,0.47,0.0,0.0,0.0,0.0
William Rentz,177.8,170.0,182.9,24.8,0.8,10,0.0,0.0,0.0,0.0,0.0,0.0,0.0,0.0
Antonio Schembri,175.3,205.0,182.9,49.6,0.5,10,0.72,0.26,2.12,0.55,1.31,0.4,0.0,0.4
Tafon Nchukwi,182.9,185.0,195.6,29.2,0.6,10,5.57,0.52,4.11,0.54,0.76,0.57,0.64,0.0
Alik Lorenz,188.0,205.0,195.6,26.9,0.8,10,9.008599999999996,0.54,10.4,0.28,0.0,0.0,0.0,0.0
AJ Dobson,185.4,185.0,193.0,32.0,0.7,10,4.29,0.46,5.31,0.46,1.67,0.75,0.65,0.3
Shelton Graves,188.0,255.0,193.0,38.2,0.7,10,2.19,0.69,0.81,0.33,4.86,0.57,0.0,0.0
Juan Cabrera,177.8,185.0,182.9,21.6,0.9,10,0.0,0.0,0.0,0.0,0.0,0.0,0.0,0.0
Justin McElfresh,198.1,205.0,182.9,44.0,0.6,10,4.59,0.26,12.79,0.41,0.0,0.0,0.0,0.0
Josh Bumgarner,185.4,170.0,182.9,42.6,0.6,10,0.0,0.0,0.0,0.0,0.0,0.0,0.0,0.0
Sung Bin Jo,182.9,145.0,182.9,31.5,0.9,10,1.4,0.33,2.67,0.51,1.0,0.33,0.83,1.0
Wallen Del Rosario,162.6,125.0,170.2,30.8,0.8,10,1.4,0.32,4.73,0.4,1.0,0.16,1.0,0.0
Austin Tweedy,175.3,155.0,182.9,33.3,0.8,10,4.29,0.66,6.43,0.0,0.0,0.0,0.0,0.0
Allan Begosso,165.1,135.0,167.6,28.1,0.7,10,1.8,0.4,7.73,0.34,0.0,0.0,0.25,2.0
Justin Governale,177.8,145.0,182.9,36.8,0.5,10,0.0,0.0,0.0,0.0,0.0,0.0,0.0,0.0
Miranda Granger,170.2,115.0,172.7,31.7,0.7,10,2.79,0.47,2.57,0.57,0.0,0.0,0.33,0.0
Alvi Dasuyev,182.9,170.0,185.4,21.9,1.0,10,5.87,0.39,5.07,0.43,2.0,0.22,0.0,0.0
Talita Bernardo,162.6,135.0,172.7,36.8,0.6,10,3.12,0.42,4.04,0.55,1.62,0.22,0.28,0.5
Lissette Neri,157.5,145.0,182.9,36.4,0.6,10,0.0,0.0,0.0,0.0,0.0,0.0,0.0,0.0
Nobuhiko Takada,182.9,220.0,182.9,59.08599999999997,0.2,10,0.31,0.24,1.92,0.39,1.15,0.2,0.0,0.0
Christopher Lopez,177.8,170.0,182.9,37.9,0.9,10,0.0,0.0,0.0,0.0,0.0,0.0,0.0,0.0
Cody Haddon,170.2,135.0,175.3,25.3,0.9,10,8.84,0.56,2.72,0.62,2.96,0.35,0.83,0.6
SangHoon Yoo,182.9,170.0,188.0,34.0,0.8,10,4.83,0.65,6.11,0.4,0.53,1.0,0.69,0.5
Daniel Gracie,188.0,225.0,182.9,51.5,0.5,10,1.9,0.38,1.33,0.59,0.36,1.0,0.8,2.1
KB Bhullar,193.0,185.0,198.1,32.2,0.8,10,4.31,0.49,5.39,0.45,0.0,0.0,0.0,0.0
Nina Milosevic,165.1,135.0,170.2,27.4,0.9,10,5.7,0.53,3.53,0.72,0.0,0.0,1.0,0.0
Melissa Amaya,177.8,115.0,182.9,29.1,0.9,10,2.65,0.37,6.01,0.52,0.0,0.0,0.0,0.0
Kurtis Campbell,175.3,145.0,182.9,21.6,0.9,10,3.41,0.61,1.5,0.58,8.49,0.5,0.5,0.8
Mansher Khera,177.8,155.0,172.7,31.7,1.0,10,2.8,0.38,2.6,0.38,2.0,0.14,1.0,0.0
Sean Lally,182.9,170.0,182.9,33.2,0.7,10,5.34,0.39,7.23,0.3,0.0,0.0,0.0,0.0
Delphine Benouaich,160.0,115.0,160.0,28.8,0.8,10,9.008599999999996,0.58,7.69,0.63,0.0,0.0,0.0,1.6
Jon Madsen,182.9,240.0,182.9,43.9,0.8,10,2.46,0.41,1.18,0.7985999999999968,1.32,0.71,0.7,0.0
Greg McIntyre,177.8,155.0,182.9,43.7,0.6,10,0.79,0.3,1.36,0.41,5.09,0.5,0.0,0.0
Juliana Miller,170.2,125.0,167.6,27.7,0.6,10,2.74,0.41,3.84,0.45,2.38,0.31,0.44,1.3
Justin Sumter,188.0,185.0,203.2,34.1,0.7,10,2.68,0.48,7.64,0.34,2.87,1.0,0.0,0.0
Nasrudin Nasrudinov,182.9,205.0,180.3,32.2,0.9,10,1.03,0.75,0.29,0.75,2.2,0.5,0.4,0.0
Eric Jacob,177.8,155.0,182.9,36.8,0.1,10,0.0,0.0,0.0,0.0,0.0,0.0,0.0,0.0
Bruce Whitehead,177.8,170.0,182.9,27.0,0.8,10,0.0,0.0,0.0,0.0,0.0,0.0,0.0,0.0
Christian Natividad,162.6,125.0,170.2,27.1,1.0,10,6.86,0.72,7.71,0.52,0.0,0.0,0.0,0.0
Arjan Bhullar,185.4,245.0,190.5,37.6,0.9,10,2.33,0.56,3.25,0.59,1.73,0.75,1.0,0.0
Eli Tamez,170.2,135.0,182.9,38.4,1.0,10,0.0,0.0,0.0,0.0,0.0,0.0,0.0,0.0
Hannah Goldy,162.6,115.0,160.0,31.6,0.6,10,5.19,0.47,4.67,0.5,0.66,0.12,0.54,0.2
Louis Lee Scott,172.7,135.0,177.8,23.8,1.0,10,5.35,0.58,0.81,0.71,2.43,0.66,1.0,0.0
Ivan Valenzuela,188.0,185.0,195.6,31.1,0.8,10,0.0,0.0,9.6,0.33,0.0,0.0,0.0,0.0
Takaya Suzuki,170.2,125.0,172.7,21.6,0.9,10,6.87,0.51,2.29,0.67,1.01,1.0,1.0,0.0
Lawrence Lui,170.2,135.0,182.9,27.4,0.8,10,3.96,0.41,3.56,0.63,4.57,0.39,1.0,0.0
Anton Zafir,180.3,170.0,182.9,36.6,0.7,10,2.99,0.64,2.31,0.52,6.11,0.6,0.0,0.0
Danny Abbadi,180.3,155.0,182.9,40.5,0.4,10,3.29,0.38,4.41,0.57,0.0,0.0,0.77,0.0
Jackson McVey,193.0,185.0,195.6,24.8,0.8,10,7.14,0.61,3.96,0.32,0.0,0.0,0.0,0.9
Farida Abdueva,160.0,115.0,167.6,21.6,0.8,10,4.52,0.47,4.34,0.54,0.0,0.0,0.85,0.0
Hugo Cunha,190.5,263.0,200.7,30.9,0.8,10,0.6,0.3,3.01,0.34,0.0,0.0,0.0,0.0
Shawn Bunch,165.1,135.0,182.9,40.8,0.7,10,0.0,0.0,1.55,0.55,0.0,0.0,0.5,0.0
Shane Primm,190.5,205.0,182.9,39.4,0.5,10,0.83,0.26,2.25,0.62,1.78,0.2,0.0,0.0
Motoki Miyazawa,180.3,168.0,182.9,38.7,0.7,10,1.23,0.28,3.91,0.61,0.0,0.0,0.0,0.0
Anthony Adams,185.4,185.0,193.0,36.0,0.8,10,3.17,0.41,5.93,0.44,0.0,0.0,0.0,0.0
Nick Serra,175.3,170.0,182.9,45.8,0.7,10,0.0,0.0,1.73,0.43,1.0,0.1,0.0,2.0
Abdul Rakhman Yakhyaev,188.0,205.0,198.1,23.0,1.0,10,8.64,0.68,2.22,0.59,8.49,0.75,1.0,6.985999999999967
Joe Cason,190.5,205.0,182.9,36.0,0.9,10,4.17,0.55,10.83,0.23,0.0,0.0,0.0,0.0
Russell Patrick,175.3,145.0,182.9,39.3,0.6,10,0.0,0.0,0.0,0.0,0.0,0.0,0.0,0.0
Ed Ratcliff,177.8,155.0,180.3,40.8,0.7,10,2.71,0.38,2.96,0.63,0.28,0.16,0.53,0.0
Bo Nickal,185.4,185.0,193.0,28.0,0.9,10,3.36,0.61,1.93,0.6,3.12,0.57,1.0,2.3
Hisaki Kato,182.9,185.0,182.9,41.3,0.8,10,2.8,0.48,1.72,0.68,1.62,1.0,0.0,0.0
Jhonoven Pati,185.4,185.0,190.5,33.3,0.6,10,2.88,0.53,6.13,0.33,2.7,1.0,0.0,0.0
Shin Haraguchi,165.1,145.0,172.7,25.1,0.8,10,2.02,0.63,1.84,0.43,8.49,0.51,0.0,0.0
Jordan Johnson,188.0,205.0,200.7,35.1,1.0,10,3.45,0.47,2.64,0.53,3.25,0.42,1.0,1.2
Josias Musasa,172.7,135.0,188.0,25.2,0.8,10,3.19,0.45,4.39,0.36,0.9,0.5,0.81,0.5
David Teymur,175.3,155.0,185.4,34.7,0.8,10,4.69,0.43,3.53,0.55,0.94,0.33,0.77,0.0
Talita Alencar,157.5,115.0,160.0,33.2,0.8,10,3.09,0.36,3.67,0.51,3.01,0.29,0.66,0.5
Daniel Gallemore,195.6,265.0,182.9,36.8,0.7,10,3.1,0.41,6.0,0.52,0.0,0.0,0.0,0.0
Mantas Kondratavicius,188.0,185.0,190.5,24.5,0.9,10,4.97,0.65,1.3,0.57,2.8,0.6,0.91,0.9
Tyler Diamond,170.2,145.0,175.3,32.8,0.9,10,3.4,0.47,2.53,0.44,3.0,0.75,0.7,0.0
Magomed Gadzhiyasulov,188.0,205.0,190.5,30.2,0.9,10,2.89,0.49,1.64,0.62,3.67,0.73,0.61,0.0
Brahyam Zurcher,177.8,145.0,177.8,27.8,0.9,10,1.86,0.15,5.57,0.59,0.0,0.0,0.0,0.0
James Gabert,177.8,178.0,182.9,36.8,0.6,10,0.0,0.0,0.0,0.0,0.0,0.0,0.0,0.0
Roger Gracie,193.0,185.0,200.7,42.3,0.8,10,1.78,0.35,1.79,0.61,1.87,0.53,0.6,1.9
Matt Dixon,177.8,170.0,190.5,28.2,0.9,10,1.97,0.43,4.56,0.37,3.06,0.3,0.0,0.0
Vitor Costa,188.0,185.0,190.5,23.3,0.8,10,7.36,0.54,9.62,0.5,0.0,0.0,0.0,0.0
Hunter Worsham,177.8,185.0,182.9,36.8,0.7,10,0.0,0.0,0.0,0.0,0.0,0.0,0.0,0.0
Randy Costa,175.3,135.0,185.4,29.5,0.6,10,6.53,0.46,7.58,0.58,0.0,0.0,0.5,0.0
Casey Ryan,177.8,185.0,182.9,36.5,0.7,10,0.0,0.0,0.0,0.0,0.0,0.0,0.0,0.0
Solomon Renfro,175.3,170.0,182.9,26.9,0.8,10,5.2,0.44,3.53,0.61,2.0,0.5,1.0,0.0
Collin Hart,185.4,185.0,182.9,34.2,0.6,10,6.33,0.44,7.53,0.51,2.0,0.16,0.5,0.0
Masaaki Satake,185.4,220.0,182.9,58.4,0.1,10,1.4,0.35,3.76,0.41,0.0,0.0,0.58,0.0
Aji Susilo,177.8,155.0,182.9,36.8,0.6,10,0.0,0.0,0.0,0.0,0.0,0.0,0.0,0.0
Zac Pauga,188.0,205.0,193.0,35.8,0.7,10,4.46,0.62,2.73,0.58,0.38,0.07,1.0,0.0
Xavier Siller,165.1,125.0,182.9,29.6,0.5,10,1.02,0.36,1.53,0.57,3.83,1.0,0.0,0.0
John Devine,177.8,155.0,182.9,46.0,0.6,10,1.52,0.18,2.28,0.57,0.0,0.0,0.0,0.0
Liam McCracken,175.3,155.0,180.3,22.5,0.8,10,3.46,0.48,4.56,0.51,1.18,0.33,0.69,0.0
Min Soo Kim,185.4,255.0,182.9,48.9,0.3,10,0.87,0.75,3.48,0.2,0.0,0.0,0.0,0.0
Guilherme Uriel,185.4,242.0,188.0,26.9,0.8,10,1.01,0.43,3.89,0.22,0.0,0.0,0.57,4.3
Chris Yee,175.3,185.0,182.9,36.8,0.4,10,0.0,0.0,0.0,0.0,0.0,0.0,0.0,0.0
Kevin Haley,188.0,205.0,182.9,36.8,0.6,10,0.87,0.59,0.87,0.64,3.0,1.0,0.0,2.0
Marwan Rahiki,172.7,145.0,182.9,21.6,0.9,10,6.69,0.49,5.91,0.59,0.43,0.33,0.37,0.4
Ivana Petrovic,172.7,125.0,177.8,29.6,0.7,10,1.91,0.41,2.05,0.56,2.12,0.38,0.61,0.8
Justin Bruckmann,175.3,170.0,182.9,49.4,0.7,10,0.59,0.66,5.91,0.16,0.0,0.0,0.33,0.0
Liliya Shakirova,162.6,125.0,165.1,32.2,0.8,10,2.7,0.3,2.58,0.74,0.0,0.0,0.0,0.0
Marques Daniels,177.8,155.0,182.9,45.5,0.5,10,0.0,0.0,0.0,0.0,0.0,0.0,0.0,0.0
Micol Di Segni,160.0,115.0,160.0,36.0,0.7,10,7.47,0.4,5.87,0.33,0.0,0.0,0.37,0.0
Uran Satybaldiev,193.0,205.0,200.7,29.4,0.9,10,2.14,0.25,3.66,0.44,0.0,0.0,0.5,1.7
Chris Indich,177.8,170.0,182.9,36.7,0.6,10,1.31,0.3,4.32,0.43,0.75,0.5,0.5,1.5
Humberto Brown Morrison,177.8,145.0,182.9,39.2,0.4,10,1.71,0.5,2.19,0.62,1.43,0.25,0.0,0.0
Adam Yandiev,175.3,185.0,188.0,35.4,0.9,10,0.18,0.08,6.14,0.36,0.0,0.0,0.25,0.0
Yuito Yanagawa,172.7,145.0,172.7,23.2,0.8,10,0.3,0.33,3.32,0.42,0.0,0.0,1.0,4.5
Keiichiro Nakamura,177.8,145.0,177.8,25.1,0.8888888888888888,9,4.48,0.41,4.28,0.63,0.0,0.0,0.78,0.0
Kim In Seok,167.6,145.0,182.9,43.2,0.3333333333333333,9,0.87,0.37,5.19,0.6,0.0,0.0,0.0,0.0
Lisa Kyriacou,165.1,125.0,162.6,30.1,0.7777777777777778,9,4.67,0.41,4.4,0.47,0.0,0.0,0.33,0.0
Jon Olav Einemo,198.1,253.0,182.9,48.1,0.6666666666666666,9,2.15,0.52,3.05,0.52,1.73,0.55,0.43,0.0
Brendan O'Reilly,170.2,170.0,175.3,36.5,0.6666666666666666,9,1.9,0.47,2.77,0.39,2.22,0.43,0.36,0.6
Mark Eddiva,172.7,145.0,172.7,37.9,0.6666666666666666,9,3.37,0.45,2.98,0.54,1.45,0.22,0.63,0.0
Yorgan De Castro,182.9,250.0,188.0,37.0,0.6666666666666666,9,2.46,0.43,3.85,0.53,0.0,0.0,0.77,0.0
Shanelle Dyer,167.6,115.0,165.1,22.7,0.8888888888888888,9,9.008599999999996,0.52,5.82,0.51,0.91,0.15,1.0,0.0
Igor Severino,170.2,125.0,175.3,21.6,0.8888888888888888,9,7.17,0.52,4.33,0.47,8.49,0.71,0.5,0.0
Naoya Ogawa,193.0,255.0,182.9,55.8,0.7777777777777778,9,2.41,0.42,1.66,0.47,1.25,1.0,0.66,1.2
Jack Congdon,188.0,170.0,190.5,26.6,0.7777777777777778,9,5.29,0.35,9.71,0.21,0.0,0.0,1.0,0.0
Radley Da Silva,175.3,145.0,180.3,28.5,0.8888888888888888,9,0.27,0.22,0.93,0.48,6.0,1.0,1.0,0.0
Adam Darby,190.5,170.0,198.1,25.1,0.8888888888888888,9,9.008599999999996,0.55,4.96,0.45,0.0,0.0,0.0,0.0
Jeremia Siregar,157.5,125.0,160.0,32.4,0.6666666666666666,9,2.8,0.42,7.37,0.29,0.0,0.0,0.75,0.0
Josh Janousek,180.3,185.0,182.9,43.3,0.8888888888888888,9,0.0,0.0,0.0,0.0,0.0,0.0,0.0,0.0
Jarjis Danho,190.5,265.0,188.0,40.2,0.7777777777777778,9,3.38,0.5,5.25,0.49,0.51,0.16,1.0,0.0
YunSeong Jang,182.9,170.0,182.9,21.6,0.7777777777777778,9,2.53,0.41,4.13,0.51,2.0,0.5,0.9,0.0
Te Edwards,172.7,155.0,182.9,33.3,0.6666666666666666,9,1.5,0.41,4.15,0.44,0.72,1.0,0.44,0.0
Hugo Duarte,182.9,240.0,182.9,55.4,0.6666666666666666,9,0.0,0.0,0.0,0.0,0.0,0.0,0.0,0.0
JungHyun Lee,165.1,125.0,165.1,21.6,0.8888888888888888,9,4.27,0.39,6.2,0.38,0.0,0.0,0.64,0.0
Claudio Mattos,177.8,185.0,182.9,36.8,0.5555555555555556,9,0.0,0.0,3.53,0.0,0.0,0.0,0.0,0.0
Louis Cosce,175.3,170.0,180.3,28.3,0.7777777777777778,9,4.31,0.45,5.35,0.47,1.04,0.2,0.5,0.5
Ariel Beck,167.6,125.0,167.6,33.3,0.4444444444444444,9,4.44,0.34,4.31,0.64,0.0,0.0,0.0,0.0
Robelis Despaigne,198.1,265.0,203.2,35.4,0.7777777777777778,9,2.08,0.53,2.38,0.49,0.66,1.0,0.61,0.0
Maria Silva,160.0,115.0,162.6,28.0,0.8888888888888888,9,3.0,0.57,1.13,0.62,2.0,1.0,0.55,0.5
Eduardo Neves,188.0,263.0,198.1,23.8,0.7777777777777778,9,7.69,0.65,6.15,0.55,5.77,0.66,0.0,0.0
Jansey Silva,188.0,185.0,170.2,28.6,0.7777777777777778,9,0.46,0.4,2.32,0.33,0.0,0.0,0.0,0.0
Sumit Kumar,165.1,125.0,167.6,23.3,0.8888888888888888,9,2.8,0.24,4.67,0.46,6.0,0.3,0.6,0.0
Donovan Beard,188.0,185.0,198.1,34.2,0.7777777777777778,9,0.0,0.0,5.77,0.28,0.0,0.0,0.0,0.0
Chad W. Saunders,177.8,170.0,182.9,36.8,0.7777777777777778,9,0.0,0.0,0.0,0.0,0.0,0.0,0.0,0.0
Max Mustaki,182.9,155.0,182.9,36.2,0.6666666666666666,9,8.2,0.5,12.828599999999996,0.45,0.0,0.0,0.0,0.0
Maiju Kujala,177.8,135.0,182.9,37.9,0.6666666666666666,9,2.5,0.4,5.5,0.36,0.0,0.0,0.5,0.0
Richie Santiago,170.2,135.0,170.2,31.2,0.7777777777777778,9,3.87,0.49,4.87,0.42,0.0,0.0,0.25,0.0
Tereza Bleda,175.3,125.0,180.3,22.1,0.7777777777777778,9,2.92,0.51,2.14,0.43,1.72,0.22,0.83,0.7
Fabio Silva,180.3,205.0,182.9,41.8,0.1111111111111111,9,0.09,0.11,5.9,0.38,0.0,0.0,0.0,0.0
Helio Dipp,195.6,185.0,182.9,44.1,0.6666666666666666,9,0.6,0.25,1.8,0.62,0.0,0.0,0.5,0.0
Donte Johnson,172.7,185.0,188.0,24.9,1.0,9,3.36,0.46,2.11,0.61,1.87,1.0,0.76,0.6
Wagner Silva,182.9,170.0,182.9,36.9,0.6666666666666666,9,1.69,0.29,2.87,0.65,0.0,0.0,0.58,0.0
Shonte Barnes,180.3,185.0,193.0,36.9,0.6666666666666666,9,2.32,0.38,1.55,0.67,0.0,0.0,0.6,0.0
Jordan Bailey,175.3,145.0,182.9,36.8,0.6666666666666666,9,1.74,0.4,0.29,0.0,4.35,1.0,0.0,4.3
Izabela Badurek,165.1,115.0,182.9,32.5,0.6666666666666666,9,3.74,0.71,4.9,0.32,1.75,0.12,1.0,0.0
Kailin Curran,162.6,115.0,165.1,32.7,0.4444444444444444,9,3.89,0.43,4.75,0.53,2.0,0.57,0.61,0.6
Cam Nelson,180.3,170.0,182.9,25.4,0.8888888888888888,9,2.73,0.58,2.6,0.5,4.0,0.36,1.0,0.0
Isaac Dulgarian,170.2,145.0,180.3,27.5,0.7777777777777778,9,2.99,0.63,1.65,0.4,4.57,0.5,0.0,1.8
Alexis Dufresne,175.3,135.0,182.9,33.3,0.6666666666666666,9,1.33,0.27,3.33,0.6,1.5,0.5,0.5,0.0
Mariusz Ksiazkiewicz,190.5,185.0,190.5,34.2,0.8888888888888888,9,0.93,0.45,3.4,0.39,4.0,1.0,0.0,2.0
Jason Jackson,185.4,170.0,198.1,33.2,0.7777777777777778,9,2.24,0.48,1.31,0.56,0.0,0.0,0.0,0.0
Mark Vorgeas,177.8,135.0,182.9,36.8,0.5555555555555556,9,3.87,0.32,4.19,0.51,0.0,0.0,0.5,0.8
Chris Avila,177.8,145.0,182.9,31.0,0.5555555555555556,9,2.37,0.3,4.17,0.48,0.0,0.0,0.46,0.0
Boston Salmon,175.3,135.0,175.3,33.1,0.6666666666666666,9,4.13,0.37,7.75,0.59,0.0,0.0,1.0,0.0
Kasib Murdoch,162.6,135.0,165.1,22.6,0.8888888888888888,9,4.17,0.59,1.98,0.48,5.74,0.33,0.0,1.0
Tommy Cuozzi Jr.,175.3,145.0,180.3,24.3,0.8888888888888888,9,2.43,0.17,12.828599999999996,0.34,0.0,0.0,0.0,0.0
Sim Kai Xiong,167.6,135.0,170.2,26.3,0.7777777777777778,9,2.85,0.42,3.64,0.55,3.49,0.25,1.0,0.0
Alexander Trujillo,177.8,125.0,182.9,23.2,1.0,9,0.0,0.0,0.0,0.0,0.0,0.0,0.0,0.0
Jay Cucciniello,170.2,155.0,182.9,37.4,0.8888888888888888,9,0.93,0.21,4.73,0.36,0.0,0.0,0.71,0.0
Arisa Matsuda,160.0,115.0,162.6,29.0,0.8888888888888888,9,1.83,0.51,2.67,0.52,1.5,0.37,0.0,0.5
Lance Benoist,180.3,170.0,182.9,35.3,0.7777777777777778,9,3.68,0.51,2.7,0.56,1.5,0.33,0.61,0.0
Josh Shockman,193.0,235.0,182.9,43.0,0.6666666666666666,9,0.87,0.32,0.87,0.58,0.0,0.0,0.23,0.0
Dominik Humburger,177.8,185.0,182.9,28.0,0.8888888888888888,9,0.0,0.0,0.0,0.0,0.0,0.0,0.0,0.0
Nick Nolte,182.9,170.0,182.9,42.8,0.5555555555555556,9,0.0,0.0,0.0,0.0,0.0,0.0,0.0,0.0
Fiona Muxlow,162.6,145.0,182.9,46.6,0.6666666666666666,9,1.44,0.27,5.45,0.34,0.0,0.0,0.0,0.0
Byron Bloodworth,172.7,135.0,182.9,40.4,0.6666666666666666,9,1.82,0.28,5.18,0.5,0.0,0.0,0.0,0.0
Shana Dobson,167.6,125.0,175.3,34.8,0.4444444444444444,9,3.34,0.37,5.2,0.5,0.84,0.5,0.14,0.0
Joe Merritt,182.9,170.0,182.9,39.8,0.7777777777777778,9,1.53,0.58,0.73,0.66,0.0,0.0,0.68,0.0
Kali Robbins,160.0,115.0,160.0,39.5,0.6666666666666666,9,3.73,0.46,9.4,0.44,2.0,0.33,0.0,0.0
Donavon Frelow,170.2,135.0,182.9,38.9,0.6666666666666666,9,2.4,0.27,3.2,0.52,1.0,1.0,0.26,0.0
Dale Hartt,177.8,155.0,175.3,44.7,0.6666666666666666,9,1.14,0.35,1.55,0.66,1.22,1.0,0.25,2.5
Anshul Jubli,182.9,155.0,175.3,29.0,0.7777777777777778,9,6.42,0.46,5.72,0.5,0.81,0.18,0.63,0.4
Vinicius Cenci,185.4,155.0,188.0,28.1,0.7777777777777778,9,2.9,0.48,2.69,0.62,1.61,0.5,0.0,0.0
Carli Judice,170.2,115.0,172.7,24.8,0.7777777777777778,9,9.008599999999996,0.5,6.6,0.57,0.5,0.25,0.8,0.0
Denzel Freeman,185.4,265.0,195.6,32.1,0.7777777777777778,9,2.45,0.56,3.4,0.5,0.0,0.0,0.5,0.0
Rafael Freitas,177.8,205.0,182.9,36.8,0.3333333333333333,9,2.0,0.29,8.0,0.51,8.49,0.5,0.0,0.0
Daniel Spitz,198.1,245.0,203.2,33.4,0.6666666666666666,9,2.6,0.35,5.3,0.46,0.74,0.66,0.0,0.0
Carter Williams,185.4,265.0,182.9,43.8,0.4444444444444444,9,1.55,0.36,2.32,0.58,2.9,0.33,1.0,0.0
Marcelo Golm,190.5,249.0,190.5,31.3,0.6666666666666666,9,4.27,0.58,4.3,0.45,0.45,0.5,0.87,0.5
Montse Rendon,172.7,135.0,172.7,34.8,0.7777777777777778,9,2.95,0.27,3.65,0.57,1.91,0.37,0.85,0.3
Adam Livingston,185.4,155.0,182.9,22.4,0.8888888888888888,9,4.5,0.36,4.44,0.56,0.0,0.0,0.66,0.0
Lucasz Sudolski,193.0,205.0,190.5,30.5,0.8888888888888888,9,5.7,0.67,4.89,0.28,0.0,0.0,1.0,0.0
Hugo Guillon,193.0,185.0,198.1,26.7,0.7777777777777778,9,6.32,0.6,11.14,0.42,0.0,0.0,0.66,0.0
Tyra Parker,165.1,115.0,182.9,34.3,0.4444444444444444,9,1.5,0.22,9.0,0.14,0.0,0.0,0.0,0.0
Val Woodburn,172.7,170.0,188.0,30.4,0.7777777777777778,9,1.6,0.35,4.93,0.36,1.92,1.0,0.5,0.0
John Kelly,175.3,170.0,182.9,45.4,0.5555555555555556,9,0.0,0.0,0.0,0.0,0.0,0.0,0.0,0.0
Marina Spasic,162.6,115.0,162.6,29.5,0.7777777777777778,9,7.5,0.47,6.0,0.57,0.0,0.0,0.5,0.0
John Richard,177.8,205.0,182.9,41.6,0.3333333333333333,9,0.0,0.0,0.0,0.0,0.0,0.0,0.0,0.0
Rex Richards,195.6,265.0,182.9,43.2,0.7777777777777778,9,9.008599999999996,0.58,5.29,0.72,0.0,0.0,0.0,0.0
Abe Alsaghir,172.7,155.0,180.3,22.5,1.0,9,3.2,0.41,5.47,0.5,0.0,0.0,0.0,1.0
Hayder Hassan,177.8,170.0,182.9,41.2,0.6666666666666666,9,2.11,0.46,3.16,0.48,0.0,0.0,0.25,0.0
Raheam Forest,180.3,170.0,185.4,26.5,0.7777777777777778,9,5.32,0.38,12.15,0.42,0.0,0.0,0.0,0.0
AJ Fonseca,162.6,145.0,182.9,36.8,0.5555555555555556,9,0.0,0.0,0.0,0.0,0.0,0.0,0.0,0.0
Matt Foki,170.2,220.0,182.9,47.8,0.5555555555555556,9,0.0,0.0,3.37,0.56,0.0,0.0,0.0,0.0
Chris Spang,188.0,170.0,182.9,36.1,0.6666666666666666,9,1.83,0.36,1.95,0.6,0.0,0.0,0.5,0.9
Ernie Juarez,172.7,145.0,177.8,26.0,0.8888888888888888,9,4.21,0.51,6.23,0.55,0.0,0.0,0.25,0.0
Tyshawn Williams,167.6,145.0,182.9,27.4,1.0,9,4.53,0.75,1.2,0.71,6.0,0.35,0.0,0.0
Isaac Moreno,177.8,170.0,185.4,26.3,1.0,9,4.4,0.44,1.47,0.51,0.0,0.0,0.33,1.0
Joseph Gigliotti,180.3,185.0,182.9,30.4,0.7777777777777778,9,1.04,0.39,2.92,0.45,1.56,1.0,0.5,0.8
Jeisla Chaves,167.6,115.0,172.7,26.9,0.8888888888888888,9,5.02,0.54,4.49,0.53,1.42,0.37,0.62,0.5
Emilio Quissua,190.5,205.0,198.1,26.7,0.8888888888888888,9,7.53,0.5,7.12,0.57,0.0,0.0,0.0,0.0
Nicholas Galanti,185.4,185.0,190.5,25.5,0.8888888888888888,9,9.008599999999996,0.75,1.71,0.0,0.0,0.0,0.0,0.0
Syuri Kondo,162.6,115.0,167.6,34.9,0.6666666666666666,9,5.4,0.44,7.22,0.58,0.0,0.0,0.83,0.3
Andre Gusmao,182.9,205.0,182.9,46.6,0.6666666666666666,9,2.79,0.43,3.28,0.6,0.0,0.0,0.6,0.0
Nick Aguirre,175.3,135.0,188.0,28.0,0.7777777777777778,9,0.73,0.33,2.89,0.45,1.16,0.2,0.33,0.6
Regina Tarin,170.2,125.0,167.6,21.6,1.0,9,6.37,0.44,5.6,0.54,0.5,0.33,0.83,0.0
Lance Gibson,175.3,185.0,182.9,53.1,0.4444444444444444,9,1.21,0.75,6.44,0.2,0.0,0.0,0.0,0.0
Scott Adams,182.9,225.0,182.9,36.8,0.8888888888888888,9,0.0,0.0,0.0,0.0,0.0,0.0,0.0,0.0
Ilias Bulaid,177.8,145.0,182.9,29.0,1.0,9,0.0,0.0,0.0,0.0,0.0,0.0,0.0,0.0
Gigi Canuto,157.5,115.0,162.6,21.6,0.7777777777777778,9,3.73,0.52,7.07,0.38,4.0,0.57,0.0,1.0
Josh Quinlan,182.9,170.0,182.9,30.9,0.6666666666666666,9,3.57,0.42,6.38,0.53,0.34,0.11,0.71,0.0
Ryan Stonitsch,175.3,170.0,182.9,46.9,0.8888888888888888,9,2.53,0.36,2.53,0.71,0.0,0.0,0.0,0.0
Hugh Pulley,182.9,155.0,182.9,36.8,0.6666666666666666,9,4.47,0.63,3.27,0.57,4.0,0.66,0.69,0.0
Matt Adams,180.3,235.0,190.5,26.3,0.6666666666666666,9,0.0,0.0,12.828599999999996,0.27,0.0,0.0,0.0,0.0
Nick Klein,185.4,185.0,195.6,28.3,0.6666666666666666,9,2.51,0.56,3.41,0.39,5.79,0.35,0.66,1.9
Marcus Buchecha,188.0,255.0,195.6,34.0,0.5555555555555556,9,1.59,0.5,2.15,0.5,2.02,0.16,0.0,0.4
Luke Stewart,180.3,170.0,182.9,36.8,0.6666666666666666,9,3.75,0.56,2.34,0.53,3.75,0.33,0.5,1.9
Ernesta Kareckaite,175.3,125.0,180.3,25.5,0.6666666666666666,9,7.28,0.42,6.47,0.49,0.75,0.6,0.81,0.0
Gabriel Lorenco,188.0,229.0,193.0,24.3,0.8888888888888888,9,9.008599999999996,0.46,3.93,0.46,0.0,0.0,1.0,0.0
Josefine Knutsson,160.0,115.0,160.0,28.0,0.8888888888888888,9,4.24,0.51,2.13,0.54,1.6,0.72,0.35,0.0
Roshan Mainam,177.8,135.0,182.9,36.8,0.6666666666666666,9,0.0,0.0,0.0,0.0,0.0,0.0,0.0,0.0
Amador Ramirez,177.8,135.0,182.9,33.5,0.5555555555555556,9,4.93,0.51,2.07,0.69,1.0,0.33,0.0,0.0
Kody Steele,175.3,155.0,180.3,28.7,0.8888888888888888,9,3.85,0.32,6.2,0.52,1.07,0.25,1.0,0.5
Mando Gutierrez,167.6,135.0,177.8,26.9,0.7777777777777778,9,0.8,0.75,1.33,0.5,1.0,1.0,0.4,1.0
Aleksa Camur,185.4,205.0,188.0,28.3,0.6666666666666666,9,4.73,0.57,4.26,0.54,0.46,0.22,0.5,0.0
James Hammortree,190.5,185.0,182.9,40.1,0.6666666666666666,9,1.93,0.3,4.13,0.44,2.0,0.5,1.0,1.0
Yusaku Kinoshita,182.9,170.0,180.3,23.4,0.6666666666666666,9,4.65,0.5,5.12,0.51,0.0,0.0,0.5,0.0
Colton Loud,172.7,125.0,180.3,23.1,0.7777777777777778,9,7.71,0.47,6.86,0.27,0.0,0.0,0.0,0.0
Wataru Yamauchi,167.6,125.0,172.7,24.5,0.7777777777777778,9,4.01,0.52,3.57,0.62,0.0,0.0,0.66,0.0
Nayara Maia,165.1,125.0,167.6,33.4,0.7777777777777778,9,0.6,0.36,3.33,0.43,1.0,0.33,0.0,1.0
Windri Patilima,167.6,155.0,180.3,30.5,0.8888888888888888,9,0.31,0.5,7.64,0.31,0.0,0.0,0.0,0.0
Sofia Montenegro,167.6,115.0,170.2,24.5,0.6666666666666666,9,5.58,0.38,9.48,0.44,0.62,0.25,1.0,0.0
Lara Procopio,162.6,125.0,170.2,28.1,0.7777777777777778,9,5.64,0.58,6.5,0.47,3.15,0.47,0.5,0.3
Irina Alekseeva,172.7,135.0,170.2,33.5,0.5555555555555556,9,3.42,0.38,5.02,0.45,0.38,0.2,0.5,0.4
Yilizhati Maimaitijiang,193.0,185.0,195.6,24.3,0.7777777777777778,9,1.47,0.52,0.87,0.48,4.0,0.66,0.53,0.0
Timo Feucht,190.5,205.0,200.7,28.0,0.8888888888888888,9,0.0,0.0,0.0,0.0,0.0,0.0,0.0,0.0
Yurij Kiseliov,172.7,185.0,182.9,47.4,0.5555555555555556,9,4.88,0.75,0.0,0.0,0.0,0.0,0.5,0.0
Jimmie Pace,177.8,185.0,182.9,27.7,0.7777777777777778,9,0.0,0.0,0.0,0.0,0.0,0.0,0.0,0.0
Luis Hernandez,175.3,185.0,185.4,27.4,1.0,9,9.008599999999996,0.57,5.45,0.42,4.31,0.5,1.0,6.5
Carlos Calderon,180.3,145.0,180.3,27.9,0.6666666666666666,9,4.85,0.42,4.98,0.33,3.93,0.33,0.0,0.0
Sean Clancy Jr.,185.4,170.0,182.9,21.6,1.0,9,5.73,0.6,1.24,0.66,1.69,1.0,0.0,0.0
Rio Tirto,162.6,125.0,167.6,23.9,0.8888888888888888,9,0.0,0.0,2.11,0.69,0.0,0.0,0.0,0.0
Felix Lee Mitchell,177.8,155.0,182.9,36.8,0.2222222222222222,9,0.0,0.0,0.0,0.0,0.0,0.0,0.0,0.0
Gregory Bouchelaghem,188.0,183.0,182.9,45.8,0.5555555555555556,9,0.27,0.21,1.53,0.36,0.0,0.0,0.5,0.0
Anelya Toktogonova,157.5,115.0,160.0,21.6,0.6666666666666666,9,1.16,0.5,2.03,0.39,0.0,0.0,0.1,2.2
Santiago Luna,175.3,135.0,188.0,21.6,0.8888888888888888,9,4.74,0.53,2.76,0.67,2.3,0.71,0.57,0.9
Callum Connor,182.9,155.0,185.4,24.1,0.8888888888888888,9,9.008599999999996,0.7,12.828599999999996,0.33,0.0,0.0,0.0,0.0
Walter Smith-Cotito,172.7,135.0,182.9,36.8,0.4444444444444444,9,2.95,0.36,3.53,0.68,2.16,0.33,0.57,0.0
Chris Bostick,177.8,155.0,182.9,36.8,0.6666666666666666,9,0.0,0.0,0.0,0.0,0.0,0.0,0.0,0.0
Cole Smith,180.3,135.0,170.2,34.7,0.7777777777777778,9,1.78,0.35,1.96,0.49,1.67,0.33,0.45,1.7
Alvin Hines,188.0,265.0,188.0,32.2,0.7777777777777778,9,5.58,0.32,7.62,0.38,0.9,0.1,0.0,0.0
Josh Clopton,167.6,145.0,182.9,42.5,0.6666666666666666,9,1.6,0.64,2.87,0.5,2.0,0.66,0.75,0.0
Abdellah Er-Ramy,182.9,185.0,188.0,27.3,0.7777777777777778,9,0.0,0.0,8.4,0.0,0.0,0.0,0.0,0.0
Adam Piccolotti,180.3,155.0,182.9,35.2,1.0,9,4.61,0.5,2.83,0.71,2.96,0.6,1.0,3.0
Jorge Oliveira,185.4,205.0,182.9,36.8,0.5555555555555556,9,0.0,0.0,0.0,0.0,0.0,0.0,0.0,0.0
Rodrigo Gracie,182.9,183.0,182.9,48.7,0.6666666666666666,9,1.34,0.51,0.86,0.46,1.49,0.5,0.75,0.4
Rob MacDonald,190.5,205.0,198.1,45.3,0.5555555555555556,9,1.8,0.5,2.04,0.46,7.19,0.8,0.8,5.4
Alex Torres,177.8,145.0,182.9,35.6,0.5555555555555556,9,2.47,0.37,2.73,0.69,2.0,0.22,0.5,0.0
Jose Torres,162.6,125.0,165.1,31.4,0.8888888888888888,9,4.37,0.36,9.84,0.5,1.28,0.33,0.75,0.0
Desmond Torres,167.6,135.0,175.3,27.0,0.7777777777777778,9,4.8,0.64,11.78,0.48,0.0,0.0,1.0,0.0
Oliver Enkamp,182.9,170.0,195.6,32.4,0.7777777777777778,9,2.38,0.36,3.55,0.37,0.87,0.16,0.0,0.0
Coltin Cole,177.8,185.0,182.9,34.7,0.4444444444444444,9,0.0,0.0,0.0,0.0,0.0,0.0,0.0,0.0
Alexander Munoz,175.3,155.0,182.9,33.8,0.7777777777777778,9,3.7,0.42,4.73,0.55,3.0,0.4,1.0,0.0
Ray Sloan,185.4,205.0,182.9,38.5,0.8888888888888888,9,0.0,0.0,0.0,0.0,0.0,0.0,0.0,0.0
So Yul Kim,177.8,115.0,182.9,26.6,0.8888888888888888,9,0.0,0.0,0.0,0.0,0.0,0.0,0.0,0.0
Luc Bondole,188.0,205.0,182.9,36.8,0.5555555555555556,9,3.35,0.51,2.04,0.62,0.0,0.0,0.0,1.8
Alex Zuniga,177.8,145.0,182.9,36.8,0.6666666666666666,9,0.0,0.0,0.0,0.0,0.0,0.0,0.0,0.0
Taiei Kin,180.3,185.0,182.9,53.5,0.6666666666666666,9,2.71,0.6,1.33,0.52,0.0,0.0,0.55,0.0
Theo Haig,188.0,185.0,195.6,27.4,0.7777777777777778,9,0.96,0.35,2.82,0.32,1.92,0.16,0.33,1.0
Zhang Zhenyang,177.8,155.0,182.9,36.8,0.7777777777777778,9,0.0,0.0,0.0,0.0,0.0,0.0,0.0,0.0
Mark Choinski,172.7,155.0,175.3,28.2,0.8888888888888888,9,3.87,0.5,7.33,0.33,2.0,0.18,0.0,0.0
Hamid Amiri,177.8,145.0,182.9,21.6,1.0,9,0.0,0.0,0.0,0.0,0.0,0.0,0.0,0.0
Murtaza Talha,182.9,205.0,188.0,27.5,0.7777777777777778,9,4.29,0.57,7.09,0.31,0.0,0.0,1.0,0.0
Hong Man Choi,198.1,265.0,182.9,43.2,0.4444444444444444,9,1.32,0.26,1.46,0.36,0.71,1.0,0.84,0.0
JP Felty,177.8,170.0,182.9,44.7,0.4444444444444444,9,0.0,0.0,0.0,0.0,0.0,0.0,0.0,0.0
Pearl Gonzalez,162.6,115.0,182.9,37.4,0.6666666666666666,9,2.23,0.37,4.07,0.57,1.04,0.11,0.0,0.5
Magomed Zaynukov,177.8,155.0,172.7,29.0,1.0,9,9.008599999999996,0.59,2.93,0.62,2.0,0.5,0.85,0.0
DongHun Choi,165.1,125.0,167.6,25.0,1.0,9,4.54,0.66,3.13,0.58,0.46,0.14,0.81,0.0
Mario Soto,182.9,145.0,182.9,36.8,0.7777777777777778,9,1.43,0.23,5.23,0.42,0.0,0.0,0.0,0.0
Douglas Henrique Rodrigues,182.9,185.0,188.0,25.0,0.7777777777777778,9,3.46,0.53,2.14,0.55,0.0,0.0,0.33,2.5
Modestino Rodrigues,190.5,185.0,195.6,21.6,0.8888888888888888,9,9.008599999999996,0.42,0.0,0.7985999999999968,0.0,0.0,0.0,0.0
Liam Anderson,190.5,185.0,190.5,29.0,0.6666666666666666,9,3.0,0.52,6.53,0.31,1.0,0.2,0.5,0.0
Jason Fairn,185.4,230.0,182.9,36.8,0.4444444444444444,9,0.0,0.0,0.0,0.0,0.0,0.0,0.0,0.0
Emily Whitmire,165.1,125.0,160.0,32.6,0.4444444444444444,9,2.5,0.31,2.98,0.54,1.9,0.66,0.7,0.5
Cody Chovancek,172.7,135.0,170.2,25.4,1.0,9,2.85,0.5,2.46,0.51,0.0,0.0,0.83,0.0
Jonathan Meunier,190.5,170.0,182.9,36.4,0.8888888888888888,9,3.47,0.5,1.43,0.69,0.58,0.33,0.58,0.0
Mikey Gonzalez,180.3,155.0,188.0,38.4,0.7777777777777778,9,0.91,0.16,12.828599999999996,0.11,0.0,0.0,0.0,0.0
Nick Osipczak,188.0,170.0,193.0,39.0,0.6666666666666666,9,2.83,0.5,3.77,0.5,1.2,0.45,0.71,1.0
Hyeonjong Song,177.8,135.0,182.9,21.7,0.8888888888888888,9,0.0,0.0,0.0,0.0,0.0,0.0,0.0,0.0
Kier Gooch,177.8,155.0,182.9,37.7,0.2222222222222222,9,0.0,0.0,0.0,0.0,0.0,0.0,0.0,0.0
Ren Ozaki,170.2,135.0,172.7,22.0,0.6666666666666666,9,1.2,0.35,1.07,0.55,0.0,0.0,0.36,0.0
Igor Gracie,180.3,170.0,182.9,43.9,0.5555555555555556,9,1.86,0.6,0.99,0.5,3.72,0.5,0.0,3.7
Pavel Andrusca,170.2,145.0,167.6,21.7,1.0,9,3.33,0.47,1.87,0.67,4.0,0.21,0.0,1.0
Marnic Mann,157.5,115.0,162.6,30.8,0.6666666666666666,9,1.47,0.41,5.08,0.31,1.9,0.33,0.25,0.4
Martin Buschkamp,175.3,145.0,182.9,33.0,1.0,9,0.0,0.0,0.0,0.0,0.0,0.0,0.0,0.0
Sako Chivitchian,180.3,155.0,182.9,39.8,0.8888888888888888,9,2.4,0.27,4.8,0.46,0.0,0.0,1.0,0.0
Carls John De Tomas,165.1,125.0,180.3,27.3,0.75,8,1.74,0.37,3.93,0.44,1.37,0.33,0.66,0.0
Mario Mingaj,190.5,185.0,198.1,25.2,0.875,8,1.62,0.33,6.49,0.52,0.0,0.0,0.0,0.0
Eduardo Bustillos,172.7,135.0,182.9,36.6,0.625,8,2.61,0.59,6.22,0.35,0.0,0.0,1.0,0.0
Ramazan Kuramagomedov,185.4,170.0,185.4,27.4,1.0,8,9.008599999999996,0.67,9.13,0.54,1.0,0.14,0.0,0.0
Jesse Strader,170.2,135.0,177.8,32.6,0.625,8,5.03,0.51,5.28,0.47,3.87,0.57,1.0,0.0
Richard Dalton,185.4,205.0,182.9,46.5,0.5,8,1.2,0.69,3.27,0.25,1.0,0.11,0.0,0.0
Lucas Caldas,172.7,155.0,177.8,27.6,0.75,8,4.8,0.41,12.828599999999996,0.39,0.0,0.0,0.0,0.0
Ty Miller,188.0,170.0,195.6,23.6,1.0,8,9.008599999999996,0.46,3.9,0.63,0.0,0.0,0.91,0.0
Ryan Keenan,177.8,170.0,182.9,38.5,0.75,8,0.0,0.0,0.0,0.0,0.0,0.0,0.0,0.0
Waylon Kennell,182.9,185.0,182.9,36.8,0.75,8,0.0,0.0,0.0,0.0,0.0,0.0,0.0,0.0
Ryuho Miyaguchi,177.8,135.0,172.7,25.9,0.875,8,4.56,0.6,6.78,0.45,0.0,0.0,0.53,0.0
Nick Bustamante,175.3,170.0,182.9,36.8,0.625,8,0.0,0.0,0.0,0.0,0.0,0.0,0.0,0.0
Wes Shivers,198.1,155.0,182.9,46.8,0.875,8,0.0,0.0,0.0,0.0,0.0,0.0,0.0,0.0
Michael Byrnes,180.3,155.0,182.9,33.5,0.625,8,0.0,0.0,0.0,0.0,0.0,0.0,0.0,0.0
Santo Curatolo,160.0,125.0,160.0,29.0,0.75,8,1.4,0.39,6.07,0.34,2.0,0.33,1.0,0.0
Jason Tan,177.8,170.0,182.9,42.0,0.625,8,0.69,0.29,7.37,0.18,0.0,0.0,0.0,0.0
Mayana Kellem,165.1,135.0,182.9,42.5,0.875,8,1.94,0.22,2.9,0.62,0.0,0.0,0.0,0.0
Deni Daffa,182.9,155.0,188.0,24.3,0.75,8,3.47,0.38,6.45,0.38,0.0,0.0,0.0,0.0
Augusto Mendes,167.6,135.0,165.1,40.8,0.75,8,2.42,0.34,3.91,0.56,1.75,0.33,0.8,0.0
Nik Theotikos,177.8,185.0,182.9,36.8,0.75,8,0.0,0.0,5.48,0.19,0.0,0.0,0.0,4.8
Ronal Siahaan,170.2,125.0,180.3,27.7,0.875,8,0.63,0.66,6.17,0.25,0.0,0.0,0.25,0.0
Andrew Todhunter,182.9,185.0,182.9,36.1,1.0,8,0.0,0.0,0.0,0.0,0.0,0.0,0.0,0.0
Galore Bofando,180.3,170.0,182.9,41.6,0.625,8,3.63,0.45,3.63,0.54,2.37,1.0,0.5,0.0
Brian McLaughlin,175.3,155.0,182.9,39.6,0.75,8,0.0,0.0,0.0,0.0,0.0,0.0,0.0,0.0
Roshaun Jones,172.7,135.0,182.9,36.8,0.25,8,0.0,0.0,0.0,0.0,0.0,0.0,0.0,0.0
Blake Bowman,188.0,170.0,182.9,36.8,0.25,8,0.0,0.0,0.0,0.0,0.0,0.0,0.0,0.0
Amanda Cooper,160.0,115.0,162.6,32.2,0.375,8,3.55,0.44,3.2,0.51,1.53,0.38,0.28,1.8
Eliezer Kubanza,175.3,170.0,188.0,26.0,0.875,8,2.11,0.5,6.97,0.37,0.0,0.0,1.0,0.0
Adam Meredith,188.0,170.0,182.9,36.8,0.625,8,2.63,0.5,2.11,0.55,7.89,1.0,1.0,6.985999999999967
Steven Ciaccio,182.9,170.0,182.9,36.8,0.5,8,0.0,0.0,0.0,0.0,0.0,0.0,0.0,0.0
Nikolajus Cilkinas,177.8,155.0,182.9,36.8,0.25,8,0.0,0.0,5.88,0.16,0.0,0.0,0.0,0.0
Anna Melisano,162.6,125.0,172.7,26.6,0.75,8,0.49,0.33,1.23,0.28,0.0,0.0,0.5,0.0
Charlie Cleveland,188.0,246.0,190.5,26.0,0.75,8,3.93,0.53,9.84,0.53,0.0,0.0,0.0,0.0
Jacobi Jones,175.3,155.0,182.9,27.6,0.75,8,5.87,0.46,7.6,0.48,0.0,0.0,0.33,0.0
Lauren Mueller,165.1,125.0,170.2,32.1,0.625,8,4.08,0.41,3.77,0.58,0.7,0.5,0.71,0.0
Ben Jones,177.8,185.0,182.9,36.8,0.5,8,0.0,0.0,0.0,0.0,0.0,0.0,0.0,0.0
Aleksandre Topuria,170.2,135.0,172.7,27.9,0.875,8,2.93,0.55,2.57,0.68,1.5,0.33,1.0,0.0
Anthony Torres,172.7,170.0,182.9,45.4,0.625,8,3.54,0.48,7.52,0.45,0.0,0.0,1.0,2.2
Calen Born,172.7,170.0,182.9,35.6,0.875,8,0.0,0.0,0.0,0.0,0.0,0.0,0.0,0.0
Marcos Bonilla,177.8,145.0,182.9,36.8,0.5,8,0.47,0.12,0.47,0.7985999999999968,0.0,0.0,0.0,0.0
Shane Collins,175.3,145.0,180.3,23.8,1.0,8,5.07,0.55,3.87,0.34,0.0,0.0,0.44,3.0
Rose Conceicao,157.5,115.0,165.1,26.6,0.875,8,3.07,0.28,6.73,0.6,0.0,0.0,0.0,0.0
Daniel Jolly,185.4,205.0,190.5,39.3,0.625,8,1.32,0.46,3.39,0.44,2.83,0.33,0.5,0.0
Steve Kozola,177.8,155.0,182.9,36.8,1.0,8,3.9,0.39,4.36,0.5,2.34,1.0,1.0,0.0
Tom Murphy,188.0,227.0,182.9,49.1,1.0,8,2.5,0.71,0.17,0.7985999999999968,7.51,0.85,0.0,2.5
Frank Silva,177.8,125.0,182.9,21.6,0.875,8,0.0,0.0,0.0,0.0,0.0,0.0,0.0,0.0
Simon Biyong,177.8,205.0,182.9,32.7,0.875,8,0.0,0.0,0.0,0.0,0.0,0.0,0.0,0.0
Chad Johnson,188.0,230.0,203.2,37.4,0.75,8,5.92,0.68,7.8,0.4,0.0,0.0,0.0,0.0
Canaan Kawaihae,182.9,145.0,180.3,26.3,0.75,8,2.83,0.51,4.59,0.36,0.0,0.0,1.0,0.0
Gina Carano,172.7,145.0,182.9,41.7,0.875,8,4.5,0.47,2.66,0.64,1.24,0.66,0.85,1.6
Tim Caron,185.4,185.0,182.9,36.4,0.875,8,0.59,0.5,6.9,0.12,0.0,0.0,0.0,0.0
Michelle Montague,175.3,135.0,172.7,30.1,1.0,8,2.77,0.48,2.47,0.41,3.5,0.53,0.0,0.0
Chris Mierzwiak,185.4,185.0,182.9,35.9,0.625,8,1.6,0.61,1.73,0.48,2.0,0.28,0.0,1.0
Jose Montanha,193.0,259.0,193.0,27.4,0.875,8,1.09,0.28,1.64,0.25,8.18,0.5,1.0,6.985999999999967
Bharat Kandare,170.2,135.0,182.9,36.5,0.625,8,0.7,0.1,1.88,0.72,0.0,0.0,0.0,0.0
Nicco Montano,165.1,135.0,165.1,35.0,0.625,8,5.6,0.41,4.43,0.64,2.25,0.54,0.69,0.4
Paulo Cesar Silva,198.1,265.0,182.9,59.08599999999997,0.25,8,0.4,0.15,2.72,0.47,0.42,1.0,0.16,0.4
David Terrell,185.4,185.0,182.9,46.0,0.75,8,2.34,0.63,2.71,0.37,5.54,0.5,0.0,5.5
Lee Brousseau,185.4,205.0,182.9,49.2,0.625,8,0.0,0.0,0.0,0.0,0.0,0.0,0.0,0.0
Bia Mesquita,162.6,135.0,170.2,32.7,1.0,8,4.52,0.57,1.27,0.71,3.57,0.75,0.0,3.6
Miika Mehmet,177.8,205.0,182.9,36.8,0.375,8,0.33,0.12,7.29,0.24,0.0,0.0,0.0,0.0
Icaro Brito,177.8,145.0,182.9,24.8,0.875,8,0.0,0.0,0.0,0.0,0.0,0.0,0.0,0.0
Leonardo Morales,172.7,135.0,182.9,31.0,0.75,8,2.05,0.47,2.05,0.58,0.0,0.0,0.62,0.0
Raul Castillo,180.3,185.0,182.9,36.8,0.875,8,1.47,0.48,3.27,0.6,0.0,0.0,0.0,0.0
Taner Trembley,175.3,145.0,175.3,29.0,0.875,8,9.008599999999996,0.45,12.4,0.46,1.0,0.09,0.0,0.0
David Mgoyan,175.3,145.0,177.8,21.6,0.875,8,5.67,0.44,7.53,0.48,2.0,0.16,1.0,1.0
Patrick Murphy,182.9,170.0,182.9,36.8,0.625,8,3.4,0.66,0.8,0.42,0.0,0.0,0.5,1.0
Guilherme Costa,177.8,155.0,182.9,36.8,0.875,8,0.0,0.0,0.0,0.0,0.0,0.0,0.0,0.0
Peggy Morgan,185.4,135.0,182.9,44.0,0.5,8,2.27,0.23,8.2,0.33,0.0,0.0,0.5,0.0
Jeff Joslin,182.9,170.0,182.9,48.7,0.625,8,2.17,0.39,1.57,0.65,0.5,0.33,0.64,0.5
Zevan Hunt,182.9,170.0,185.4,25.1,0.875,8,5.33,0.36,12.828599999999996,0.37,8.49,1.0,0.0,0.0
Artur Minev,175.3,155.0,175.3,21.6,0.875,8,1.02,0.61,3.57,0.26,0.0,0.0,0.64,0.0
Gabriel Salinas-Jones,185.4,245.0,182.9,39.1,0.625,8,0.0,0.0,0.0,0.0,0.0,0.0,0.0,0.0
Martin Sano,180.3,170.0,190.5,32.6,0.5,8,4.0,0.33,12.0,0.4,0.0,0.0,0.0,0.0
Ashiek Ajim,172.7,135.0,180.3,29.5,0.75,8,5.0,0.4,11.25,0.25,0.0,0.0,0.0,0.0
Andrew Ramm,185.4,160.0,182.9,36.8,0.5,8,0.0,0.0,0.0,0.0,0.0,0.0,0.0,0.0
Arthur Lopes,188.0,234.0,195.6,30.9,0.75,8,9.008599999999996,0.41,12.828599999999996,0.45,0.0,0.0,0.0,0.0
John Garza,170.2,135.0,172.7,21.6,0.75,8,5.47,0.43,5.73,0.35,0.0,0.0,0.77,0.0
Elisha Ellison,182.9,238.0,198.1,26.8,0.625,8,3.61,0.38,12.828599999999996,0.33,0.0,0.0,1.0,0.0
Ezra Elliott,175.3,145.0,182.9,23.6,1.0,8,0.4,0.54,0.47,0.65,8.49,0.66,1.0,3.0
JJ Okanovich,180.3,155.0,193.0,33.2,0.875,8,6.93,0.55,5.27,0.5,0.0,0.0,1.0,0.0
Takayuki Okada,185.4,265.0,182.9,50.7,0.375,8,0.0,0.0,0.0,0.0,0.0,0.0,0.0,0.0
Zarrukh Adashev,165.1,125.0,165.1,31.4,0.5,8,3.65,0.4,3.04,0.64,0.0,0.0,1.0,0.5
Brandon Holmes,185.4,185.0,193.0,26.9,0.75,8,4.35,0.43,10.57,0.52,0.0,0.0,0.5,0.0
Paul Georgieff,188.0,170.0,182.9,41.3,0.75,8,2.55,0.4,2.34,0.35,0.0,0.0,0.0,0.0
Roybert Echeverria,165.1,125.0,170.2,28.4,0.875,8,2.95,0.53,2.52,0.57,0.0,0.0,0.71,2.6
Stoney Hale,182.9,155.0,182.9,44.2,0.625,8,0.0,0.0,0.0,0.0,0.0,0.0,0.0,0.0
Julieta Martinez,157.5,115.0,160.0,21.6,1.0,8,2.53,0.44,3.6,0.41,5.0,0.45,1.0,0.0
Jessamyn Duke,180.3,135.0,185.4,37.5,0.375,8,4.83,0.53,4.43,0.57,1.27,0.36,0.5,1.9
Jose Augusto,190.5,251.0,182.9,31.8,0.75,8,0.0,0.0,0.0,0.0,0.0,0.0,0.0,0.0
Jack Duffy,170.2,125.0,175.3,28.2,0.875,8,5.07,0.69,2.13,0.52,0.0,0.0,0.62,0.0
Juan Adams,195.6,265.0,203.2,32.0,0.625,8,7.09,0.55,4.06,0.34,0.91,0.66,0.57,0.0
Yuneisy Duben,162.6,125.0,165.1,27.5,0.75,8,5.65,0.52,5.31,0.42,1.68,0.5,0.5,0.0
Alex Huddleston,198.1,254.0,182.9,37.4,0.75,8,2.47,0.42,2.59,0.67,0.0,0.0,0.0,0.9
Mark Hughes,175.3,205.0,182.9,50.2,0.75,8,0.9,0.47,0.4,0.42,3.0,0.5,0.0,4.5
Gary Quan,172.7,143.0,182.9,52.7,0.375,8,0.0,0.0,0.0,0.0,0.0,0.0,0.0,0.0
John Adajar,175.3,170.0,190.5,32.5,0.75,8,3.9,0.52,6.28,0.44,0.0,0.0,0.0,0.0
Scott Norton,177.8,170.0,182.9,50.8,0.875,8,0.67,0.3,0.34,0.6,2.52,0.25,0.0,0.0
Jan Nortje,185.4,265.0,182.9,48.7,0.25,8,3.32,0.51,4.5,0.32,0.0,0.0,0.66,2.9
Bryan Humes,177.8,265.0,182.9,36.8,0.75,8,0.0,0.0,0.0,0.0,0.0,0.0,0.0,0.0
Loai Abushaar,177.8,155.0,182.9,27.4,0.875,8,0.0,0.0,0.0,0.0,0.0,0.0,0.0,0.0
Kai Yoshida,175.3,125.0,175.3,24.2,0.75,8,4.32,0.5,4.96,0.54,0.0,0.0,1.0,0.0
Daichi Abe,180.3,170.0,180.3,32.1,0.75,8,3.8,0.33,4.49,0.56,0.33,0.5,0.0,0.0
Elias Garcia,165.1,125.0,170.2,31.3,0.75,8,1.59,0.27,5.05,0.5,0.68,0.14,0.33,1.4
Rostem Akman,177.8,170.0,182.9,32.0,0.75,8,1.8,0.25,3.97,0.57,1.0,0.4,0.87,0.0
Guilherme Pat,198.1,250.0,203.2,29.7,0.75,8,2.8,0.6,2.82,0.46,0.0,0.0,1.0,0.0
Ruel Panales,165.1,125.0,170.2,27.1,0.75,8,2.53,0.51,5.6,0.46,1.0,0.2,0.5,0.0
Mabelly Lima,157.5,135.0,182.9,29.9,0.875,8,3.07,0.63,5.67,0.44,0.0,0.0,1.0,0.0
Damonte Robinson,182.9,155.0,195.6,28.6,0.75,8,0.0,0.0,0.0,0.0,0.0,0.0,0.0,0.0
Nick Fiore,177.8,155.0,182.9,26.1,0.75,8,2.83,0.46,7.93,0.42,2.5,0.45,0.71,0.0
Scott Lighty,188.0,205.0,182.9,45.2,0.75,8,2.91,0.21,4.24,0.49,0.0,0.0,0.0,0.0
Chi Lewis-Parry,198.1,243.0,182.9,40.4,0.875,8,0.0,0.0,0.0,0.0,0.0,0.0,0.0,0.0
Malik Lewis,182.9,155.0,190.5,27.8,0.75,8,4.16,0.45,5.66,0.4,3.98,0.4,0.5,0.0
Christopher Alvidrez,182.9,170.0,188.0,27.0,0.875,8,6.97,0.62,2.11,0.5,0.0,0.0,1.0,0.0
Brandon Lewis,162.6,135.0,177.8,26.4,0.75,8,2.17,0.29,3.63,0.53,1.0,0.15,0.2,0.0
Chris Ewert,182.9,185.0,190.5,30.3,0.875,8,3.4,0.37,4.33,0.5,0.0,0.0,0.42,0.0
Anthony Wint,180.3,231.0,198.1,28.3,1.0,8,3.56,0.66,0.2,0.7985999999999968,2.97,0.33,1.0,3.0
Nick Roehrick,188.0,205.0,182.9,36.5,0.875,8,2.31,0.17,6.92,0.44,0.0,0.0,0.0,0.0
John Franchi,167.6,145.0,170.2,41.5,0.75,8,1.83,0.48,2.59,0.48,2.68,0.8,0.4,0.3
Achilles Estremadura,177.8,155.0,172.7,31.8,0.875,8,3.2,0.43,3.27,0.7,0.0,0.0,0.0,0.0
Gaston Reyno,182.9,145.0,182.9,37.1,0.75,8,7.79,0.62,3.9,0.44,0.0,0.0,0.0,6.985999999999967
Kevin Rosier,193.0,265.0,182.9,36.8,0.25,8,0.0,0.0,0.0,0.0,0.0,0.0,0.0,0.0
Leah Letson,170.2,145.0,180.3,31.4,0.625,8,3.06,0.41,3.84,0.52,0.51,0.5,0.76,0.0
Brock Lesnar,190.5,265.0,203.2,46.5,0.625,8,3.53,0.72,2.11,0.5,3.9,0.55,0.6,0.5
Joey Hart,190.5,170.0,200.7,26.5,0.75,8,4.53,0.34,4.53,0.45,0.0,0.0,0.4,0.0
Anthony Romero,180.3,155.0,177.8,26.8,1.0,8,5.87,0.52,4.0,0.65,2.0,0.22,1.0,0.0
Kaleio Romero,177.8,145.0,175.3,27.7,0.75,8,2.6,0.48,3.27,0.5,1.0,0.08,0.0,1.0
Dylan Lockard,175.3,145.0,182.9,31.6,0.75,8,1.31,0.53,3.31,0.52,2.31,0.4,0.28,1.2
Darian Weeks,180.3,170.0,182.9,30.1,0.625,8,4.49,0.51,4.56,0.51,2.0,0.3,1.0,0.0
Levi Alford,177.8,155.0,182.9,36.8,0.125,8,0.0,0.0,0.0,0.0,0.0,0.0,0.0,0.0
Rubens Xavier,190.5,220.0,182.9,49.3,0.625,8,0.77,0.42,1.82,0.21,2.1,0.4,0.25,1.1
Romie Aram,177.8,170.0,182.9,46.1,0.875,8,1.8,0.35,2.83,0.5,2.5,0.62,0.83,0.0
Michal Martinek,188.0,230.0,182.9,33.7,0.875,8,2.45,0.53,4.29,0.51,0.0,0.0,0.0,0.0
Gilbert Aldana,185.4,250.0,182.9,46.4,0.75,8,2.91,0.54,6.26,0.26,2.57,0.4,0.33,0.0
An Tuan Ho,167.6,125.0,167.6,23.3,0.75,8,1.95,0.35,2.81,0.55,1.72,0.25,0.16,0.0
Eros Baluyot,162.6,125.0,165.1,31.2,0.875,8,2.31,0.75,1.54,0.6,0.0,0.0,0.0,0.0
Tedd Williams,185.4,265.0,182.9,54.0,0.875,8,0.0,0.0,0.0,0.0,0.0,0.0,0.0,0.0
Lemont Davis,172.7,170.0,182.9,36.8,0.25,8,0.87,0.54,1.27,0.55,1.0,0.5,0.0,1.0
Nghiem Van Y,170.2,135.0,172.7,24.6,0.75,8,3.84,0.54,1.83,0.71,0.0,0.0,0.9,0.0
Ryan Madigan,182.9,170.0,182.9,36.8,0.625,8,0.0,0.0,3.35,0.47,0.0,0.0,0.0,0.0
Brando Pericic,195.6,245.0,200.7,29.4,0.875,8,9.008599999999996,0.57,4.26,0.58,0.0,0.0,0.71,0.0
Yusuke Imamura,172.7,220.0,182.9,47.4,0.25,8,0.18,0.5,1.83,0.52,2.75,0.5,0.0,0.0
Phillip Latu,190.5,205.0,193.0,32.9,0.75,8,3.4,0.51,7.07,0.31,0.0,0.0,1.0,0.0
Magno Dias,165.1,135.0,170.2,28.1,0.75,8,2.44,0.45,7.32,0.5,1.41,0.33,0.0,1.4
Ryan Larson,177.8,170.0,182.9,43.0,0.75,8,0.0,0.0,0.0,0.0,0.0,0.0,0.0,0.0
Alice Pereira,172.7,135.0,180.3,21.6,0.875,8,2.83,0.36,3.11,0.66,0.0,0.0,0.75,0.0
Nick Piccininni,167.6,125.0,167.6,27.0,0.875,8,3.2,0.43,6.03,0.42,8.0,0.44,1.0,0.0
Edson Gomez,172.7,170.0,175.3,32.9,0.75,8,2.66,0.32,8.78,0.45,0.0,0.0,0.0,0.0
Kron Gracie,175.3,145.0,177.8,35.5,0.625,8,2.95,0.42,5.73,0.51,0.35,0.25,0.0,0.7
Paddy McCorry,190.5,185.0,185.4,26.1,0.875,8,6.2,0.55,2.47,0.53,1.0,0.5,0.0,0.0
George Staines,177.8,155.0,182.9,23.3,1.0,8,0.0,0.0,0.0,0.0,0.0,0.0,0.0,0.0
Zachary Scroggin,190.5,170.0,188.0,27.8,0.875,8,2.4,0.37,8.8,0.68,0.0,0.0,0.0,0.0
Joey Gomez,177.8,135.0,185.4,37.4,0.75,8,2.44,0.28,4.46,0.55,0.62,1.0,0.5,0.0
Bret Bergmark,175.3,170.0,182.9,50.1,0.75,8,2.78,0.52,2.78,0.37,4.17,1.0,0.5,4.2
Kenneth Bergh,188.0,205.0,188.0,34.5,1.0,8,4.56,0.75,1.27,0.28,0.0,0.0,0.0,0.0
Chris de la Rocha,190.5,250.0,203.2,44.6,0.625,8,4.08,0.45,6.37,0.43,2.02,0.3,0.33,1.0
AJ McKee,177.8,145.0,182.9,36.8,1.0,8,2.75,0.32,0.92,0.7985999999999968,8.49,1.0,1.0,6.985999999999967
Joe Neal,167.6,135.0,182.9,37.4,0.75,8,1.87,0.19,3.8,0.66,0.0,0.0,0.0,0.0
Tom Aaron,177.8,155.0,182.9,45.5,0.625,8,0.0,0.0,0.0,0.0,0.0,0.0,0.0,0.0
Jack Nilson,177.8,155.0,182.9,36.8,0.25,8,0.0,0.0,0.0,0.0,0.0,0.0,0.0,0.0
Daniel Puder,190.5,235.0,182.9,42.2,1.0,8,2.77,0.68,1.17,0.38,1.21,0.5,0.81,6.985999999999967
Cole Province,175.3,145.0,172.7,43.0,0.75,8,1.47,0.44,2.72,0.43,2.4,0.5,0.83,1.0
Alain Van der Merckt,177.8,185.0,182.9,30.6,1.0,8,0.0,0.0,0.0,0.0,0.0,0.0,0.0,0.0
Hector Santiago,165.1,135.0,172.7,30.8,0.875,8,5.1,0.27,5.44,0.45,0.0,0.0,1.0,0.0
Adam Hunter,185.4,185.0,182.9,40.2,0.875,8,0.0,0.0,0.0,0.0,0.0,0.0,0.0,0.0
Djani Barbir,190.5,185.0,200.7,26.4,0.875,8,3.64,0.4,4.55,0.66,0.0,0.0,0.0,0.0
Brent Primus,177.8,155.0,182.9,38.7,1.0,8,1.73,0.39,2.27,0.59,5.0,0.38,0.0,2.0
Max Gimenis,188.0,256.0,190.5,30.7,0.75,8,3.21,0.42,9.64,0.47,0.0,0.0,0.0,0.0
Richard Jacobi,193.0,260.0,190.5,30.3,0.75,8,0.88,0.44,3.94,0.51,3.28,1.0,1.0,0.0
Benjamin Bennett,182.9,170.0,185.4,29.7,0.875,8,4.53,0.54,4.53,0.65,6.0,0.6,0.0,0.0
Anvarbek Daniyalbekov,177.8,185.0,182.9,28.6,1.0,8,0.0,0.0,0.0,0.0,0.0,0.0,0.0,0.0
Hamdy Abdelwahab,188.0,265.0,182.9,30.9,0.875,8,4.27,0.55,3.67,0.51,3.25,0.65,1.0,0.0
Paula Luna,157.5,125.0,160.0,24.5,0.625,8,0.65,0.5,6.2,0.17,0.0,0.0,0.0,0.0
Peter Petties,180.3,145.0,182.9,33.0,0.625,8,2.61,0.29,8.24,0.48,0.0,0.0,0.0,0.0
Brandon Magana,177.8,170.0,182.9,36.8,0.75,8,0.0,0.0,0.0,0.0,0.0,0.0,0.0,0.0
Steve Byrnes,182.9,170.0,182.9,44.4,0.8571428571428571,7,1.2,0.51,2.67,0.27,3.0,0.6,0.0,4.0
Carlos Zevallos,182.9,205.0,182.9,45.3,0.42857142857142855,7,4.36,0.65,2.28,0.68,0.0,0.0,1.0,0.0
Alex Gorgees,188.0,155.0,188.0,28.4,0.8571428571428571,7,0.67,0.32,2.27,0.38,0.0,0.0,0.54,0.0
Michael Graves,177.8,170.0,180.3,33.0,0.8571428571428571,7,1.25,0.54,1.47,0.58,4.8,0.52,0.66,0.4
John Dave Almanza,170.2,125.0,170.2,21.6,0.8571428571428571,7,1.92,0.41,5.75,0.27,0.0,0.0,0.0,0.0
Davi Cabral de Souza,177.8,185.0,182.9,24.8,1.0,7,0.0,0.0,0.0,0.0,0.0,0.0,0.0,0.0
Ralph Gracie,175.3,183.0,182.9,52.6,0.8571428571428571,7,0.86,0.37,1.72,0.31,0.0,0.0,0.25,4.0
Nick Sperling,177.8,135.0,182.9,36.8,0.42857142857142855,7,1.4,0.25,1.4,0.66,0.0,0.0,0.0,0.0
Allen Frye Jr.,195.6,265.0,203.2,25.7,0.8571428571428571,7,2.2,0.38,4.27,0.36,0.0,0.0,0.0,0.0
Roman Gabriel Puga,170.2,145.0,180.3,27.3,0.8571428571428571,7,9.008599999999996,0.53,9.2,0.54,0.0,0.0,0.9,0.0
Luis Francischinelli,177.8,170.0,182.9,27.8,0.8571428571428571,7,0.0,0.0,0.0,0.0,0.0,0.0,0.0,0.0
Ryan Gracie,175.3,200.0,182.9,49.4,0.7142857142857143,7,0.82,0.61,0.5,0.4,2.83,0.75,0.25,0.9
Yunosuke Minami,165.1,135.0,165.1,23.3,0.8571428571428571,7,1.45,0.52,5.38,0.36,0.0,0.0,0.53,0.0
Joey Roberts,188.0,200.0,182.9,46.1,0.5714285714285714,7,0.0,0.0,0.0,0.0,0.0,0.0,0.0,0.0
Terrance Chatman,182.9,265.0,193.0,26.7,0.7142857142857143,7,0.22,0.25,1.12,0.44,0.0,0.0,0.66,3.4
Stevie Lynch,177.8,170.0,182.9,36.8,0.7142857142857143,7,2.47,0.25,7.06,0.41,0.0,0.0,0.0,0.0
Mahamed Aly,188.0,205.0,195.6,30.0,0.7142857142857143,7,5.89,0.59,11.41,0.42,0.0,0.0,0.0,0.0
Donavon Hedrick,180.3,185.0,193.0,26.8,0.8571428571428571,7,2.7,0.47,1.77,0.61,3.12,0.33,0.42,0.0
Igor Zinoviev,185.4,199.0,182.9,57.6,0.5714285714285714,7,0.0,0.0,0.0,0.0,0.0,0.0,0.0,0.0
Jared Chaffee,177.8,155.0,182.9,39.0,0.7142857142857143,7,0.0,0.0,0.0,0.0,0.0,0.0,0.0,0.0
Jaime Alvarez,172.7,125.0,175.3,35.8,0.8571428571428571,7,2.73,0.4,4.53,0.56,1.0,0.33,0.5,0.0
Robbie Ring,175.3,145.0,172.7,23.5,0.8571428571428571,7,5.11,0.38,9.15,0.38,4.04,0.33,0.0,0.0
Sean Alvarez,182.9,235.0,182.9,52.5,0.5714285714285714,7,0.89,0.37,3.25,0.47,0.0,0.0,0.0,0.0
Thomas Longacre,175.3,145.0,182.9,36.8,0.8571428571428571,7,0.0,0.0,0.0,0.0,0.0,0.0,0.0,0.0
Rico Altamirano,177.8,170.0,182.9,36.8,0.5714285714285714,7,0.0,0.0,0.0,0.0,0.0,0.0,0.0,0.0
Matt Ricehouse,177.8,155.0,182.9,36.8,0.8571428571428571,7,3.7,0.44,4.8,0.47,1.0,0.22,0.81,0.0
Sean King III,180.3,145.0,182.9,21.6,1.0,7,9.008599999999996,0.53,5.0,0.5,8.49,1.0,0.0,0.0
Craig Zellner,188.0,205.0,182.9,47.3,0.5714285714285714,7,0.61,0.09,4.65,0.61,0.0,0.0,0.0,0.0
Willie Parks,177.8,185.0,182.9,40.2,0.7142857142857143,7,0.0,0.0,0.0,0.0,0.0,0.0,0.0,0.0
Joel Thomas,177.8,170.0,182.9,36.8,0.7142857142857143,7,0.0,0.0,0.0,0.0,0.0,0.0,0.0,0.0
Stefan Klever,177.8,185.0,182.9,36.8,0.8571428571428571,7,0.82,0.5,3.84,0.58,0.0,0.0,0.0,0.0
Nadia Kassem,165.1,125.0,167.6,28.1,0.7142857142857143,7,3.13,0.41,4.48,0.48,0.46,0.33,0.4,2.8
Jeremy Tavares,177.8,135.0,182.9,36.8,0.14285714285714285,7,0.0,0.0,0.0,0.0,0.0,0.0,0.0,0.0
Yazan Hajeh,175.3,145.0,182.9,31.3,0.8571428571428571,7,1.54,0.25,12.828599999999996,0.44,0.0,0.0,1.0,0.0
Francisco Bueno,175.3,225.0,182.9,51.0,0.7142857142857143,7,0.0,0.0,0.0,0.0,0.0,0.0,0.0,0.0
Lucas Camacho,193.0,265.0,203.2,31.0,0.8571428571428571,7,4.08,0.38,8.16,0.06,0.0,0.0,0.0,0.0
Jonny Goh,180.3,155.0,182.9,36.8,0.42857142857142855,7,0.0,0.0,0.0,0.0,0.0,0.0,0.0,0.0
Phil Caracappa,172.7,135.0,177.8,31.6,0.8571428571428571,7,2.93,0.5,4.07,0.29,1.0,0.08,1.0,1.0
Manuel Gaxhja,172.7,155.0,182.9,26.4,1.0,7,0.0,0.0,0.0,0.0,0.0,0.0,0.0,0.0
Marek Bujlo,193.0,265.0,195.6,31.2,0.8571428571428571,7,2.07,0.38,3.27,0.37,0.0,0.0,0.0,0.0
Matej Penaz,190.5,185.0,203.2,27.2,0.8571428571428571,7,1.28,0.33,2.55,0.33,0.0,0.0,0.0,0.0
Justin Burlinson,185.4,170.0,188.0,26.6,0.8571428571428571,7,1.24,0.4,3.09,0.61,0.0,0.0,1.0,6.985999999999967
Jerron Peoples,182.9,170.0,182.9,41.7,0.5714285714285714,7,0.0,0.0,0.0,0.0,0.0,0.0,0.0,0.0
Joe Giannetti,182.9,155.0,188.0,28.5,0.8571428571428571,7,1.93,0.38,2.8,0.4,1.0,0.16,0.0,0.0
Eperaim Ginting,162.6,135.0,162.6,28.1,0.8571428571428571,7,0.0,0.0,0.0,0.7985999999999968,8.49,1.0,0.0,0.0
Kasey Tanner,170.2,135.0,175.3,32.0,0.8571428571428571,7,6.6,0.5,6.67,0.63,2.0,0.33,0.0,0.0
Rainn Guerrero,167.6,125.0,165.1,31.6,0.7142857142857143,7,0.65,0.33,0.87,0.5,3.27,1.0,0.0,0.0
Dennis Bryant,182.9,205.0,182.9,38.2,0.7142857142857143,7,9.008599999999996,0.59,10.56,0.13,0.0,0.0,0.0,0.0
George Bush,185.4,205.0,182.9,36.8,0.7142857142857143,7,6.35,0.64,2.31,0.55,8.49,0.66,0.0,0.0
Mikey Burnett,167.6,170.0,182.9,49.7,0.7142857142857143,7,0.0,0.0,0.0,0.0,0.0,0.0,0.0,0.0
Cristina Stanciu,160.0,115.0,182.9,29.8,0.7142857142857143,7,2.5,0.5,3.07,0.52,0.85,1.0,0.4,1.7
Karl Reed,190.5,205.0,198.1,35.2,0.8571428571428571,7,2.04,0.44,3.84,0.38,1.06,0.22,0.53,0.0
Andre Galvao,170.2,168.0,182.9,41.3,0.7142857142857143,7,2.34,0.52,1.56,0.58,2.02,0.27,0.0,2.8
Hector Aldana,180.3,170.0,182.9,35.4,0.5714285714285714,7,3.59,0.38,5.08,0.59,0.93,1.0,0.0,0.0
Joel Sutton,180.3,205.0,182.9,54.5,0.2857142857142857,7,0.0,0.0,0.0,0.0,0.0,0.0,0.0,0.0
Daichi Kamiya,172.7,155.0,172.7,24.7,0.8571428571428571,7,1.69,0.53,4.5,0.35,5.07,0.27,1.0,0.0
Horacio Gutierrez,177.8,145.0,182.9,33.3,0.5714285714285714,7,0.86,0.26,2.91,0.46,0.0,0.0,0.5,0.0
Preston La Grange,177.8,185.0,182.9,25.0,0.8571428571428571,7,0.0,0.0,0.0,0.0,0.0,0.0,0.0,0.0
Henrique Da Silva Lopes,177.8,265.0,182.9,38.8,0.7142857142857143,7,0.0,0.0,0.0,0.0,0.0,0.0,0.0,0.0
Steve Ramirez,170.2,125.0,182.9,36.8,0.7142857142857143,7,0.0,0.0,0.0,0.0,0.0,0.0,0.0,0.0
Shawn Teed,195.6,265.0,182.9,31.9,0.7142857142857143,7,1.4,0.42,12.828599999999996,0.21,0.0,0.0,0.0,0.0
Felix Klinkhammer,182.9,170.0,182.9,36.8,1.0,7,0.0,0.0,0.0,0.0,0.0,0.0,0.0,0.0
Gabriel Carrasco,167.6,135.0,182.9,36.8,1.0,7,4.15,0.37,1.53,0.7985999999999968,0.0,0.0,1.0,0.0
David Kaplan,170.2,155.0,182.9,44.1,0.42857142857142855,7,2.88,0.46,4.32,0.67,4.88,0.43,0.0,0.7
Masutatsu Yano,175.3,198.0,182.9,48.5,0.2857142857142857,7,0.0,0.0,0.0,0.0,0.0,0.0,0.0,0.0
Jaden Ortega,182.9,170.0,190.5,21.6,0.8571428571428571,7,5.07,0.56,5.87,0.6,0.0,0.0,0.77,0.0
Antonio Jones,180.3,185.0,182.9,38.7,0.8571428571428571,7,7.5,0.55,12.828599999999996,0.42,0.0,0.0,0.0,0.0
Christophe Leninger,182.9,200.0,182.9,36.8,0.42857142857142855,7,0.0,0.0,0.0,0.0,0.0,0.0,0.0,0.0
Abram Torres,177.8,170.0,182.9,41.2,0.5714285714285714,7,0.0,0.0,0.0,0.0,0.0,0.0,0.0,0.0
Kenyon Jackson,182.9,185.0,182.9,36.8,0.5714285714285714,7,0.0,0.0,0.0,0.0,0.0,0.0,0.0,0.0
Marlon Sims,177.8,170.0,182.9,50.0,0.42857142857142855,7,0.0,0.0,0.0,0.0,0.0,0.0,0.0,0.0
Jorge Interiano,185.4,205.0,182.9,36.8,0.5714285714285714,7,0.0,0.0,0.0,0.0,0.0,0.0,0.0,0.0
Tokimitsu Ishizawa,182.9,185.0,182.9,55.4,0.14285714285714285,7,1.34,0.3,2.99,0.59,2.74,0.18,0.0,0.0
Moti Horenstein,193.0,230.0,182.9,59.08599999999997,0.14285714285714285,7,0.0,0.0,0.0,0.0,0.0,0.0,0.0,0.0
Luke Fernandez,185.4,205.0,193.0,28.5,0.8571428571428571,7,8.14,0.58,10.17,0.36,0.0,0.0,0.0,0.0
James Wallace,177.8,155.0,175.3,31.1,0.7142857142857143,7,0.52,0.28,3.41,0.35,0.0,0.0,0.0,0.0
Otgonbaatar Boldbaatar,165.1,125.0,170.2,21.6,0.8571428571428571,7,3.26,0.29,7.83,0.52,0.0,0.0,0.0,0.0
Pat Schilling,172.7,145.0,182.9,35.3,0.7142857142857143,7,1.87,0.26,8.24,0.52,0.0,0.0,0.0,0.0
Dimitiri Wanderley,177.8,205.0,182.9,36.8,0.7142857142857143,7,0.92,0.25,4.31,0.3,1.16,0.2,0.0,0.0
Minoru Toyonaga,180.3,195.0,182.9,45.6,0.2857142857142857,7,0.0,0.0,0.0,0.0,0.0,0.0,0.0,0.0
Joe Schilling,190.5,185.0,182.9,36.8,0.2857142857142857,7,2.84,0.52,2.64,0.48,0.0,0.0,0.44,0.0
Joseph Larcinese,160.0,125.0,162.6,25.3,0.8571428571428571,7,3.96,0.47,5.62,0.51,1.19,0.28,0.5,0.0
Martin Kozak,193.0,185.0,185.4,21.6,1.0,7,9.008599999999996,0.71,3.98,0.58,0.0,0.0,0.8,0.0
Amaury Bitetti,175.3,185.0,182.9,54.7,0.7142857142857143,7,0.0,0.0,0.0,0.0,0.0,0.0,0.0,0.0
Aaron Ely,172.7,135.0,182.9,34.8,0.7142857142857143,7,0.82,0.15,0.66,0.69,2.47,1.0,0.5,4.9
Joshua Wang-Kim,175.3,135.0,180.3,31.1,0.7142857142857143,7,2.95,0.4,4.43,0.6,1.17,1.0,0.66,0.0
Eli Aronov,177.8,185.0,182.9,27.6,0.8571428571428571,7,8.92,0.68,6.49,0.38,8.49,1.0,0.0,0.0
Ollie Schmid,182.9,145.0,180.3,23.0,0.5714285714285714,7,3.23,0.3,7.9,0.45,0.0,0.0,0.0,0.0
Joey Armstrong,177.8,155.0,182.9,36.8,0.7142857142857143,7,0.0,0.0,0.0,0.0,0.0,0.0,0.0,0.0
Adin Duenas,167.6,145.0,182.9,35.5,0.8571428571428571,7,0.0,0.0,0.0,0.0,0.0,0.0,0.0,0.0
Ben Johnston,193.0,185.0,193.0,33.2,0.7142857142857143,7,1.01,0.75,1.01,0.29,2.54,1.0,1.0,0.0
Dylan Salvador,175.3,155.0,175.3,30.6,0.7142857142857143,7,4.34,0.37,11.57,0.46,0.0,0.0,0.0,0.0
Salvador Becerra,175.3,155.0,182.9,36.8,0.7142857142857143,7,4.57,0.31,3.83,0.58,0.0,0.0,0.66,0.0
Nikk Covert,172.7,185.0,182.9,54.4,0.42857142857142855,7,0.0,0.0,0.0,0.0,0.0,0.0,0.0,0.0
Jerrel Venetiaan,185.4,195.0,182.9,52.8,0.5714285714285714,7,0.81,0.33,1.51,0.67,0.0,0.0,0.6,0.0
Drew Dimanlig,177.8,185.0,182.9,36.8,0.42857142857142855,7,3.7,0.73,3.17,0.2,0.0,0.0,0.0,0.0
Greg Velasco,188.0,265.0,177.8,30.3,0.8571428571428571,7,0.0,0.0,1.52,0.0,0.0,0.0,0.0,0.0
Adama Diop,177.8,155.0,182.9,36.8,0.8571428571428571,7,0.0,0.0,0.0,0.0,0.0,0.0,0.0,0.0
Isis Verbeek,162.6,115.0,162.6,29.0,0.7142857142857143,7,3.13,0.43,3.53,0.53,0.0,0.0,0.66,0.0
Joe Veres,170.2,155.0,182.9,46.1,0.5714285714285714,7,0.0,0.0,5.55,0.27,0.0,0.0,0.0,0.0
Bryan Vetell,190.5,265.0,182.9,46.4,0.5714285714285714,7,2.74,0.6,2.13,0.41,0.0,0.0,0.0,0.0
Armando Villarreal,170.2,135.0,167.6,34.4,0.7142857142857143,7,3.23,0.55,4.3,0.52,3.23,0.25,0.0,0.0
Robert Drysdale,190.5,205.0,182.9,42.2,1.0,7,0.0,0.0,0.0,0.0,7.32,1.0,0.0,6.985999999999967
Shaheen Santana,185.4,155.0,190.5,32.6,0.8571428571428571,7,0.82,0.42,1.65,0.4,0.0,0.0,0.0,2.8
Jonathan Santa Maria,175.3,125.0,182.9,36.8,0.42857142857142855,7,3.6,0.51,2.53,0.74,0.0,0.0,0.8,0.0
Thanh Le,175.3,145.0,188.0,38.3,0.8571428571428571,7,1.97,0.4,1.82,0.7,0.0,0.0,1.0,0.0
Danylo Voievodkin,193.0,265.0,198.1,23.5,1.0,7,9.008599999999996,0.46,0.0,0.7985999999999968,0.0,0.0,0.0,6.985999999999967
Jordan Dowdy,177.8,170.0,182.9,36.8,0.5714285714285714,7,2.11,0.44,2.63,0.5,0.0,0.0,0.0,0.0
Magomed Tuchalov,190.5,205.0,198.1,24.0,1.0,7,2.33,0.43,2.6,0.66,8.0,0.57,1.0,1.0
Clint Coronel,177.8,155.0,182.9,42.5,0.2857142857142857,7,4.93,0.32,5.6,0.66,0.0,0.0,0.66,0.0
Toki Matsui,167.6,125.0,165.1,24.3,0.8571428571428571,7,0.0,0.0,0.0,0.0,0.0,0.0,0.0,0.0
Sean Holden,177.8,170.0,182.9,39.3,0.7142857142857143,7,2.4,0.59,0.6,0.59,5.0,0.83,0.0,2.0
Kyle Dietz,172.7,135.0,182.9,37.7,0.7142857142857143,7,1.82,0.45,2.08,0.62,0.0,0.0,0.0,0.0
Emilio Cuellar,177.8,125.0,182.9,36.8,0.8571428571428571,7,0.0,0.0,0.0,0.0,0.0,0.0,0.0,0.0
Pete Rodriguez,175.3,170.0,180.3,27.1,0.7142857142857143,7,9.008599999999996,0.43,12.828599999999996,0.42,0.0,0.0,1.0,0.0
Yura Naito,182.9,185.0,188.0,27.7,0.8571428571428571,7,1.22,0.44,5.33,0.28,1.67,0.09,0.0,0.0
Chan-Mi Jeon,165.1,115.0,182.9,26.3,0.7142857142857143,7,6.23,0.31,7.77,0.55,0.0,0.0,0.0,0.0
Tim Roman,185.4,170.0,182.9,38.6,0.42857142857142855,7,0.6,0.4,2.4,0.4,1.0,1.0,0.16,0.0
Nolan Ticman,167.6,125.0,182.9,35.6,0.5714285714285714,7,2.57,0.47,2.53,0.67,0.0,0.0,0.6,0.0
Priya Sharma,157.5,115.0,160.0,32.3,0.7142857142857143,7,1.33,0.16,3.2,0.4,0.0,0.0,0.55,0.0
Sean Sharaf,190.5,252.0,195.6,30.5,0.7142857142857143,7,7.5,0.44,12.828599999999996,0.42,0.92,0.11,0.0,0.0
Imanol Rodriguez,162.6,125.0,162.6,24.1,1.0,7,5.71,0.55,2.42,0.58,1.3,0.33,0.0,0.0
Allen Berube,172.7,155.0,182.9,49.4,0.5714285714285714,7,0.92,0.75,0.92,0.33,6.87,1.0,0.0,3.4
Edward Faaloloto,177.8,155.0,177.8,39.5,0.2857142857142857,7,2.28,0.32,6.25,0.44,1.01,0.25,0.33,0.0
Jeremy Umphries,177.8,160.0,182.9,36.8,0.7142857142857143,7,0.0,0.0,0.0,0.0,0.0,0.0,0.0,0.0
Juan Mott,182.9,190.0,182.9,58.1,0.42857142857142855,7,0.0,0.0,0.0,0.0,0.0,0.0,0.0,0.0
Levi Rodrigues Jr.,182.9,205.0,193.0,27.2,0.7142857142857143,7,3.74,0.5,7.27,0.28,0.0,0.0,0.57,0.0
Ron Henderson,177.8,125.0,182.9,36.8,0.5714285714285714,7,2.53,0.25,3.6,0.48,1.0,0.2,0.0,0.0
GwanWoo Lim,188.0,145.0,188.0,22.4,0.7142857142857143,7,0.53,0.42,2.47,0.24,0.0,0.0,0.53,1.0
Billy Brand,167.6,135.0,165.1,27.5,0.7142857142857143,7,2.86,0.25,8.57,0.4,0.0,0.0,0.75,0.0
Aieza Bertolso,177.8,115.0,182.9,22.3,1.0,7,0.0,0.0,0.0,0.0,0.0,0.0,0.0,0.0
Kevin Ferguson,188.0,235.0,195.6,49.9,0.7142857142857143,7,2.3,0.5,3.41,0.38,3.1,0.72,0.36,1.2
Steven Koslow,170.2,135.0,175.3,26.9,0.8571428571428571,7,0.77,0.37,3.73,0.4,5.28,0.55,0.0,1.1
Justin Martin,182.9,185.0,182.9,36.8,0.5714285714285714,7,0.0,0.0,0.0,0.0,0.0,0.0,0.0,0.0
Jamie Moyle,157.5,115.0,165.1,34.8,0.5714285714285714,7,4.51,0.51,4.0,0.65,1.0,0.21,0.5,0.0
Braxton Smith,180.3,257.0,182.9,34.0,0.7142857142857143,7,6.46,0.48,11.54,0.32,0.0,0.0,1.0,0.0
Ian Escuza,177.8,145.0,182.9,27.7,1.0,7,0.0,0.0,0.0,0.0,0.0,0.0,0.0,0.0
Isabela de Padua,160.0,125.0,162.6,32.3,0.7142857142857143,7,1.0,0.35,2.07,0.5,2.0,0.66,0.0,1.0
Nate Smith,167.6,125.0,175.3,28.7,0.8571428571428571,7,1.28,0.38,2.04,0.35,0.0,0.0,0.33,2.3
Hashem Arkhagha,188.0,185.0,190.5,34.3,0.8571428571428571,7,1.84,0.44,8.97,0.43,0.0,0.0,0.5,0.0
Greg Scott,175.3,145.0,182.9,36.8,0.42857142857142855,7,3.9,0.55,7.79,0.37,8.49,1.0,0.0,0.0
Youmin Shin,177.8,135.0,182.9,36.8,0.8571428571428571,7,0.0,0.0,0.0,0.0,0.0,0.0,0.0,0.0
Kristian Rothaermel,182.9,205.0,182.9,51.9,0.5714285714285714,7,0.75,0.5,2.49,0.41,0.0,0.0,0.0,0.0
RJ Clifford,177.8,160.0,182.9,36.8,0.5714285714285714,7,0.0,0.0,0.0,0.0,0.0,0.0,0.0,0.0
Shana Olsen,170.2,145.0,182.9,43.0,0.7142857142857143,7,0.0,0.0,0.0,0.0,0.0,0.0,0.0,0.0
Alex Higley,177.8,145.0,182.9,36.8,0.5714285714285714,7,0.29,0.75,1.74,0.6,0.0,0.0,0.0,0.0
Jair De Oliveira,175.3,205.0,175.3,27.6,0.8571428571428571,7,3.98,0.6,3.45,0.69,0.0,0.0,0.0,0.0
Ilian Bouafia,195.6,185.0,198.1,27.1,1.0,7,2.0,0.47,1.67,0.65,0.0,0.0,1.0,0.0
Tina Lahdemaki,157.5,115.0,182.9,35.6,0.8333333333333334,6,1.93,0.2,4.67,0.57,0.0,0.0,0.16,0.0
Aaron Lanfranco,177.8,155.0,182.9,37.3,0.8333333333333334,6,0.0,0.0,0.0,0.0,0.0,0.0,0.0,0.0
Lionel Lanham,177.8,205.0,182.9,43.3,0.8333333333333334,6,0.0,0.0,0.0,0.0,0.0,0.0,0.0,0.0
Joel Faglier,177.8,155.0,182.9,23.0,1.0,6,0.0,0.0,0.0,0.0,0.0,0.0,0.0,0.0
Mo Miller,172.7,135.0,182.9,31.4,1.0,6,1.87,0.45,1.33,0.6,4.0,0.8,0.0,0.0
Arlind Berisha,198.1,205.0,195.6,23.2,0.8333333333333334,6,2.99,0.6,5.98,0.37,0.0,0.0,0.0,0.0
Ilima Macfarlane,162.6,125.0,182.9,36.8,1.0,6,4.13,0.43,2.93,0.65,0.0,0.0,0.5,1.0
Sherrard Blackledge,180.3,155.0,190.5,30.4,0.8333333333333334,6,3.7,0.49,3.13,0.55,4.0,0.33,0.42,0.0
Keith Berish,182.9,205.0,182.9,38.1,0.8333333333333334,6,3.58,0.36,4.81,0.62,1.76,0.4,0.0,0.0
Yao Zhikui,165.1,125.0,162.6,32.9,0.3333333333333333,6,1.44,0.21,2.82,0.48,0.66,0.16,0.58,0.0
Roger Zapata,180.3,170.0,182.9,37.6,0.6666666666666666,6,2.6,0.51,2.13,0.36,0.0,0.0,0.81,1.4
Mike King,190.5,185.0,182.9,40.4,0.8333333333333334,6,4.44,0.58,1.29,0.72,1.75,0.25,0.4,3.5
Logan Urban,182.9,170.0,182.9,29.7,0.8333333333333334,6,2.55,0.66,12.828599999999996,0.27,0.0,0.0,0.0,0.0
Jason Blackford,177.8,155.0,182.9,36.8,0.5,6,0.0,0.0,0.0,0.0,0.0,0.0,0.0,0.0
Miguel Linares,177.8,155.0,182.9,36.8,0.3333333333333333,6,6.51,0.5,8.84,0.36,0.0,0.0,0.0,0.0
Rene Kronvold,172.7,170.0,182.9,54.0,0.8333333333333334,6,0.82,0.75,2.47,0.6,0.0,0.0,0.66,4.1
Dean Barry,177.8,170.0,182.9,31.5,0.6666666666666666,6,9.008599999999996,0.4,4.66,0.51,0.0,0.0,1.0,0.0
Marvin Maldonado,167.6,135.0,182.9,36.8,0.3333333333333333,6,0.87,0.56,3.47,0.43,0.0,0.0,0.2,0.0
Blake Watkins,177.8,185.0,182.9,36.8,0.8333333333333334,6,5.45,0.62,7.64,0.61,0.0,0.0,0.0,0.0
Maka Watson,177.8,155.0,182.9,39.3,0.6666666666666666,6,0.93,0.37,1.6,0.22,2.0,1.0,0.33,0.0
Christian Lohsen,188.0,155.0,195.6,28.9,0.6666666666666666,6,5.27,0.49,6.93,0.44,0.0,0.0,0.0,2.0
Jeremy Malaterre,180.3,155.0,182.9,36.8,0.6666666666666666,6,0.0,0.0,0.0,0.0,0.0,0.0,0.0,0.0
Eric Wray,182.9,170.0,182.9,36.8,0.8333333333333334,6,1.76,0.48,3.12,0.28,4.07,0.66,0.0,2.0
Ryan Tobar,177.8,155.0,182.9,36.8,0.5,6,0.0,0.0,0.0,0.0,0.0,0.0,0.0,0.0
Logan Woods,177.8,185.0,182.9,29.6,0.8333333333333334,6,0.0,0.0,0.0,0.0,0.0,0.0,0.0,0.0
Carl Toomey,177.8,155.0,182.9,51.8,0.5,6,0.0,0.0,0.0,0.0,0.0,0.0,0.0,0.0
Yoji Anjo,180.3,205.0,182.9,56.8,0.0,6,0.0,0.0,3.13,0.25,0.0,0.0,0.0,0.0
Buck Meredith,188.0,185.0,182.9,41.6,0.5,6,0.0,0.0,0.0,0.0,0.0,0.0,0.0,0.0
Julius Anglickas,190.5,205.0,182.9,32.4,0.8333333333333334,6,4.62,0.75,1.86,0.5,4.47,0.5,0.6,1.1
Damien Anderson,172.7,145.0,175.3,27.0,0.8333333333333334,6,0.47,0.35,0.4,0.45,0.0,0.0,0.33,1.0
Orlando Wiet,177.8,170.0,182.9,58.2,0.16666666666666666,6,0.0,0.0,0.0,0.0,0.0,0.0,0.0,0.0
Melchor Manibusan,165.1,154.0,182.9,47.0,0.3333333333333333,6,1.58,0.54,5.79,0.15,0.0,0.0,0.0,0.0
Nell Ariano,177.8,205.0,182.9,36.8,1.0,6,0.0,0.0,0.0,0.0,0.0,0.0,0.0,0.0
Herdem Alacabek,188.0,205.0,190.5,32.6,0.8333333333333334,6,3.84,0.65,6.66,0.23,2.06,0.5,0.42,0.0
Jimmy Lawson,182.9,265.0,195.6,32.1,0.6666666666666666,6,0.07,0.08,1.6,0.44,0.0,0.0,0.0,0.0
Mohamed Ado,180.3,170.0,193.0,23.7,0.8333333333333334,6,1.66,0.75,0.33,0.75,4.97,0.5,0.5,5.0
Ian Butler,172.7,155.0,182.9,36.8,0.5,6,2.09,0.14,6.69,0.36,0.0,0.0,0.5,0.0
Ricardo Abreu,180.3,185.0,182.9,39.7,0.8333333333333334,6,3.79,0.31,3.98,0.68,2.13,0.42,1.0,0.7
Imani Lee,177.8,155.0,182.9,46.5,0.3333333333333333,6,0.0,0.0,0.94,0.33,0.0,0.0,0.0,0.0
Andre Walker,180.3,205.0,182.9,51.1,0.16666666666666666,6,2.28,0.31,4.36,0.34,0.0,0.0,0.0,0.0
Cheyden Leialoha,172.7,135.0,185.4,29.8,1.0,6,1.87,0.28,3.2,0.53,2.0,0.33,0.71,0.0
Erick Wanderlei,185.4,205.0,182.9,47.5,0.5,6,0.63,0.41,2.66,0.4,3.8,0.66,0.0,1.9
Tadao Yasuda,193.0,265.0,182.9,59.08599999999997,0.3333333333333333,6,2.7,0.73,0.85,0.6,0.75,0.14,0.0,0.0
Taneisha Tennant,170.2,145.0,177.8,34.5,0.8333333333333334,6,5.67,0.55,3.4,0.71,0.0,0.0,1.0,0.0
Matt Arroyo,177.8,170.0,182.9,41.3,0.5,6,1.62,0.47,2.01,0.58,2.12,0.36,1.0,5.3
Marcelo Aguiar,177.8,170.0,182.9,54.9,0.3333333333333333,6,0.0,0.0,0.0,0.0,0.0,0.0,0.0,0.0
Charlie Ward,180.3,170.0,182.9,43.0,0.5,6,1.64,0.19,7.21,0.53,0.0,0.0,0.0,0.0
Giacomo Lemos,190.5,247.0,190.5,34.5,1.0,6,0.0,0.0,0.0,0.0,0.0,0.0,0.0,0.0
Lucas Armand,177.8,264.0,182.9,28.2,1.0,6,0.0,0.0,0.0,0.0,0.0,0.0,0.0,0.0
Merritt Warren,177.8,155.0,182.9,36.8,0.5,6,0.0,0.0,0.0,0.0,0.0,0.0,0.0,0.0
Anton Berzin,188.0,205.0,182.9,34.3,0.8333333333333334,6,4.4,0.46,6.8,0.67,2.0,0.28,0.0,1.0
Neiman Gracie,182.9,170.0,182.9,36.8,1.0,6,0.77,0.75,0.38,0.75,5.77,1.0,0.0,5.8
Theo Rlayang,170.2,145.0,165.1,29.4,0.8333333333333334,6,5.93,0.48,8.4,0.4,2.0,0.4,0.0,0.0
Gary Frazier,182.9,245.0,182.9,35.8,0.5,6,1.5,0.39,2.77,0.46,0.0,0.0,1.0,0.0
Chris Holdsworth,180.3,135.0,182.9,36.2,1.0,6,1.85,0.29,1.94,0.58,3.38,0.62,1.0,2.0
Hilarie Rose,160.0,115.0,160.0,31.1,0.6666666666666666,6,2.33,0.33,6.13,0.44,0.0,0.0,1.0,0.0
Chel Erwin-Davis,182.9,170.0,182.9,36.8,0.8333333333333334,6,4.06,0.54,1.13,0.61,4.25,1.0,0.5,1.4
Juancamilo Ronderos,160.0,125.0,162.6,28.9,0.6666666666666666,6,2.18,0.3,2.18,0.63,2.72,0.33,0.0,0.0
Fazlo Mulabitinovic,177.8,135.0,182.9,36.8,0.6666666666666666,6,0.54,0.16,0.0,0.7985999999999968,0.0,0.0,0.0,6.985999999999967
Summer Onley,177.8,135.0,182.9,36.8,1.0,6,0.0,0.0,0.0,0.0,0.0,0.0,0.0,0.0
Devin Smyth,177.8,170.0,182.9,28.4,0.6666666666666666,6,2.6,0.68,6.73,0.25,4.0,0.26,1.0,0.0
Garrett Mueller,175.3,135.0,182.9,34.9,0.5,6,0.0,0.0,0.0,0.0,0.0,0.0,0.0,0.0
Max Rohskopf,185.4,155.0,180.3,29.3,0.8333333333333334,6,1.7,0.31,5.8,0.42,3.0,0.33,0.0,1.5
Pete Rogers Jr.,182.9,145.0,182.9,36.8,0.3333333333333333,6,0.66,0.15,1.71,0.65,0.0,0.0,0.0,0.0
Shannon Clark,165.1,125.0,162.6,31.5,0.8333333333333334,6,9.008599999999996,0.58,12.828599999999996,0.35,0.0,0.0,0.0,0.0
Scott Ettling,177.8,135.0,182.9,36.8,0.6666666666666666,6,0.0,0.0,0.54,0.7985999999999968,8.04,1.0,0.0,0.0
Chris Herrera,177.8,185.0,182.9,36.8,0.5,6,2.04,0.37,3.35,0.48,1.8,1.0,1.0,0.0
Leslie Hernandez,160.0,115.0,162.6,26.0,0.6666666666666666,6,3.6,0.58,2.53,0.55,0.0,0.0,0.54,0.0
Neal Ewing,177.8,185.0,182.9,38.3,1.0,6,2.27,0.6,1.93,0.48,5.0,0.62,0.0,0.0
TJ Hepburn,170.2,155.0,182.9,36.8,0.6666666666666666,6,0.73,0.37,0.13,0.7985999999999968,2.0,0.4,0.6,0.0
Kelly Faszholz,172.7,135.0,182.9,38.7,0.6666666666666666,6,4.01,0.48,3.61,0.52,0.0,0.0,0.44,0.0
Scott Ferrozzo,180.3,265.0,182.9,58.7,0.6666666666666666,6,0.0,0.0,0.0,0.0,0.0,0.0,0.0,0.0
Jesse Finney,182.9,170.0,182.9,49.5,0.8333333333333334,6,0.0,0.0,0.0,0.0,0.0,0.0,0.0,0.0
Bryanna Fissori,162.6,145.0,182.9,36.8,0.3333333333333333,6,1.4,0.46,1.2,0.57,2.0,0.25,0.5,0.0
Isi Fitikefu,177.8,205.0,182.9,36.8,1.0,6,0.0,0.0,0.0,0.0,0.0,0.0,0.0,0.0
Jonathan Rivera,177.8,155.0,182.9,36.8,0.6666666666666666,6,4.36,0.49,3.9,0.6,0.0,0.0,0.0,0.0
Cyrillo Padilha,180.3,155.0,182.9,45.9,0.5,6,0.0,0.0,0.0,0.0,0.0,0.0,0.0,0.0
Rafael Rios,177.8,150.0,182.9,36.8,0.6666666666666666,6,0.0,0.0,0.0,0.0,0.0,0.0,0.0,0.0
Tim Catalfo,180.3,235.0,182.9,36.8,0.6666666666666666,6,0.39,0.75,0.77,0.33,0.0,0.0,0.0,0.0
Emily Kagan,160.0,115.0,182.9,42.5,0.5,6,2.6,0.36,5.29,0.38,1.86,0.14,0.5,0.0
Farman Hasanov,180.3,170.0,188.0,28.4,1.0,6,1.4,0.51,1.0,0.7,8.49,0.62,0.0,0.0
Kevin Engel,188.0,170.0,182.9,36.8,0.8333333333333334,6,0.0,0.0,0.0,0.0,0.0,0.0,0.0,0.0
Marius Enache,180.3,155.0,182.9,48.2,0.5,6,1.71,0.34,0.66,0.7985999999999968,3.94,1.0,0.0,3.9
David Smith,177.8,155.0,182.9,36.8,0.8333333333333334,6,0.0,0.0,0.0,0.0,0.0,0.0,0.0,0.0
Anthony Do,162.6,125.0,182.9,36.8,0.6666666666666666,6,0.0,0.0,0.0,0.0,0.0,0.0,0.0,0.0
Douglas Da Lapa,177.8,185.0,182.9,24.5,1.0,6,0.0,0.0,0.0,0.0,0.0,0.0,0.0,0.0
Jason Sharp,177.8,205.0,182.9,36.8,0.5,6,0.0,0.0,0.0,0.0,0.0,0.0,0.0,0.0
Louis Jauregui,170.2,170.0,182.9,36.8,0.6666666666666666,6,0.0,0.0,0.0,0.0,0.0,0.0,0.0,0.0
Kevin Jackson,177.8,199.0,182.9,59.08599999999997,0.6666666666666666,6,0.0,0.0,0.0,0.0,0.0,0.0,0.0,0.0
Bailey Schoenfelder,190.5,265.0,193.0,26.3,0.8333333333333334,6,0.0,0.0,9.86,0.53,0.0,0.0,0.0,0.0
Taylor Johnson,182.9,185.0,188.0,33.1,0.8333333333333334,6,5.09,0.6,1.13,0.33,8.49,1.0,1.0,0.0
Hiroshi Izumi,177.8,205.0,182.9,41.5,0.6666666666666666,6,1.95,0.37,2.65,0.66,3.35,0.7,1.0,0.5
Janaina Silva,157.5,115.0,160.0,31.9,0.8333333333333334,6,0.0,0.0,1.5,0.62,0.0,0.0,0.0,0.0
Brandon Sayles,195.6,265.0,182.9,42.7,0.8333333333333334,6,0.0,0.0,0.0,0.0,0.0,0.0,0.0,0.0
Jeff Newton,188.0,205.0,182.9,57.1,0.6666666666666666,6,0.28,0.2,1.41,0.52,0.0,0.0,0.0,6.985999999999967
Shogo Sato,170.2,170.0,167.6,30.6,0.8333333333333334,6,2.14,0.25,12.828599999999996,0.29,0.0,0.0,0.0,0.0
Blood Diamond,180.3,170.0,193.0,35.5,0.5,6,3.12,0.55,2.17,0.48,0.0,0.0,0.73,0.0
Stan Dorsainvil,175.3,155.0,193.0,23.6,1.0,6,8.2,0.41,9.13,0.45,2.0,0.28,0.66,0.0
Marcus Jones,198.1,265.0,182.9,50.4,0.6666666666666666,6,1.94,0.52,2.71,0.58,8.49,0.75,0.0,2.9
Roldan Sangcha'an,162.6,125.0,182.9,33.1,0.6666666666666666,6,2.71,0.46,2.15,0.51,1.94,0.6,0.68,0.0
Jonathan Contrestano,177.8,155.0,182.9,36.8,1.0,6,0.0,0.0,0.0,0.0,0.0,0.0,0.0,0.0
Marcos Conrado Jr.,188.0,220.0,182.9,41.8,0.8333333333333334,6,1.6,0.34,9.69,0.35,1.84,0.14,0.0,0.0
Chris Sanford,180.3,185.0,182.9,55.8,0.8333333333333334,6,0.23,0.5,3.22,0.17,0.0,0.0,0.0,3.5
Talita Nogueira,177.8,145.0,182.9,38.2,1.0,6,0.0,0.0,0.0,0.0,0.0,0.0,0.0,0.0
Raul Sandoval,177.8,130.0,182.9,36.8,0.5,6,0.0,0.0,0.0,0.0,0.0,0.0,0.0,0.0
Hu Yaozong,190.5,185.0,182.9,28.7,0.5,6,3.35,0.48,5.09,0.35,0.0,0.0,0.33,0.4
Kelly Dullanty,172.7,155.0,182.9,46.2,0.6666666666666666,6,0.0,0.0,0.67,0.75,0.0,0.0,0.66,0.0
Olivier Murad,177.8,145.0,182.9,30.0,1.0,6,2.6,0.36,2.2,0.61,1.0,1.0,0.55,0.0
Sean O'Haire,195.6,265.0,182.9,52.8,0.6666666666666666,6,8.28,0.57,12.828599999999996,0.21,0.0,0.0,0.0,0.0
Kaushik Saikumar,177.8,135.0,180.3,26.1,0.8333333333333334,6,0.81,0.28,5.35,0.41,0.0,0.0,0.33,1.2
Rex Holman,190.5,205.0,182.9,36.8,0.6666666666666666,6,2.75,0.34,7.25,0.4,0.0,0.0,1.0,0.0
Xavier Franklin,167.6,135.0,167.6,27.2,0.8333333333333334,6,3.07,0.33,5.27,0.5,0.0,0.0,1.0,0.0
Alton Cunningham,188.0,205.0,195.6,30.5,0.6666666666666666,6,3.33,0.75,4.94,0.2,1.67,0.1,1.0,0.0
Thomas Campbell,177.8,155.0,182.9,36.8,0.5,6,0.0,0.0,0.0,0.0,0.0,0.0,0.0,0.0
Brad Mitchell,180.3,145.0,182.9,49.2,0.6666666666666666,6,1.15,0.33,4.2,0.52,0.0,0.0,1.0,1.9
Travis Calanoc,172.7,145.0,182.9,36.8,0.8333333333333334,6,0.0,0.0,0.0,0.0,0.0,0.0,0.0,0.0
Tony Petarra,180.3,196.0,182.9,57.1,0.3333333333333333,6,0.0,0.0,0.0,0.0,0.0,0.0,0.0,0.0
Bentley Syler,162.6,125.0,182.9,41.0,0.8333333333333334,6,1.3,0.18,1.73,0.79,0.0,0.0,0.75,0.0
Scott Carson,188.0,215.0,182.9,36.8,0.6666666666666666,6,0.62,0.66,6.22,0.23,0.0,0.0,0.0,0.0
Keenan Raymond,177.8,165.0,182.9,36.8,0.5,6,0.0,0.0,0.0,0.0,0.0,0.0,0.0,0.0
Adam Khaliev,182.9,170.0,182.9,39.7,1.0,6,0.0,0.0,0.0,0.0,0.0,0.0,0.0,0.0
Karine Gevorgyan,162.6,125.0,160.0,34.8,0.5,6,1.2,0.2,1.8,0.76,0.0,0.0,0.0,0.0
Eric Steenberg,177.8,155.0,182.9,40.5,0.8333333333333334,6,0.0,0.0,0.0,0.0,0.0,0.0,0.0,0.0
Rafael Pergentino,185.4,205.0,193.0,22.0,0.8333333333333334,6,0.0,0.0,12.828599999999996,0.0,0.0,0.0,0.0,0.0
Justin Gonzales,175.3,145.0,182.9,32.7,1.0,6,6.67,0.75,0.87,0.43,8.49,0.73,1.0,0.0
Paul Capaldo,170.2,135.0,182.9,27.0,1.0,6,0.0,0.0,0.0,0.0,0.0,0.0,0.0,0.0
Ronald Carillo,177.8,125.0,182.9,36.8,0.6666666666666666,6,0.0,0.0,0.0,0.0,0.0,0.0,0.0,0.0
Jinnosuke Kashimura,170.2,155.0,180.3,22.4,0.6666666666666666,6,0.21,0.5,7.37,0.25,3.16,1.0,0.0,6.3
Jessica Rakoczy,170.2,115.0,182.9,46.7,0.16666666666666666,6,2.5,0.44,3.55,0.64,0.75,0.2,0.0,0.8
John Gunther,175.3,155.0,182.9,38.1,0.8333333333333334,6,1.65,0.37,3.72,0.46,7.08,0.42,0.0,0.0
Dave Galera,180.3,135.0,182.9,46.0,0.8333333333333334,6,1.67,0.69,0.53,0.33,0.0,0.0,0.14,2.0
Taylor Callens,177.8,155.0,182.9,32.6,1.0,6,0.0,0.0,0.0,0.0,0.0,0.0,0.0,0.0
RJ Harris,190.5,258.0,198.1,25.3,1.0,6,9.0,0.57,6.6,0.56,0.0,0.0,0.0,0.0
Justin Pennington,162.6,155.0,182.9,36.8,0.5,6,0.0,0.0,0.0,0.0,0.0,0.0,0.0,0.0
Nick Pica,177.8,185.0,182.9,36.8,0.8333333333333334,6,0.0,0.0,0.0,0.0,0.0,0.0,0.0,0.0
Kennedy Freeman,177.8,125.0,182.9,27.1,1.0,6,0.0,0.0,0.0,0.0,0.0,0.0,0.0,0.0
Bubba Pugh,177.8,185.0,182.9,36.8,0.5,6,2.87,0.67,2.6,0.23,4.0,0.57,0.8,0.0
Patryk Grabowski,177.8,205.0,182.9,28.1,0.8333333333333334,6,0.0,0.0,0.0,0.0,0.0,0.0,0.0,0.0
Ronaldo Candido,167.6,125.0,182.9,34.7,1.0,6,1.67,0.42,3.87,0.52,8.0,0.53,0.0,5.0
Lucas Stark,177.8,155.0,182.9,36.8,0.16666666666666666,6,1.6,0.25,3.2,0.66,8.49,1.0,0.0,0.0
Ricky Steele,175.3,135.0,188.0,35.6,1.0,6,4.07,0.7,2.93,0.5,0.0,0.0,0.91,0.0
Jason Glaza,182.9,230.0,182.9,36.8,0.6,5,4.34,0.54,0.43,0.4,4.34,1.0,0.0,4.3
Jerome LeBanner,190.5,265.0,182.9,51.0,0.6,5,0.92,0.35,1.03,0.37,0.0,0.0,0.5,0.0
Rashard Lovelace,177.8,155.0,182.9,36.8,0.8,5,0.0,0.0,0.0,0.0,0.0,0.0,0.0,0.0
Hugo Sandoval,177.8,135.0,182.9,36.8,0.4,5,0.0,0.0,0.0,0.0,0.0,0.0,0.0,0.0
Luis Gomez,170.2,145.0,172.7,28.9,0.8,5,1.57,0.33,4.03,0.55,4.48,0.5,0.33,0.0
John Matua,188.0,265.0,182.9,36.8,0.2,5,0.0,0.0,0.0,0.0,0.0,0.0,0.0,0.0
Rocky Lee,175.3,145.0,182.9,36.7,0.6,5,2.47,0.51,5.33,0.44,1.0,0.1,0.33,0.0
Ivan Gnizditskiy,177.8,205.0,182.9,27.6,1.0,5,0.0,0.0,0.0,0.0,0.0,0.0,0.0,0.0
Damion Douglas,177.8,170.0,182.9,41.4,0.8,5,0.0,0.0,0.0,0.0,0.0,0.0,0.0,0.0
Ronald Humphrey,177.8,170.0,195.6,23.3,1.0,5,7.65,0.68,3.7,0.62,8.49,0.83,0.0,3.7
Kathryn Paprocki,160.0,115.0,160.0,30.7,0.6,5,1.0,0.23,4.27,0.43,0.0,0.0,0.0,0.0
Chris Barnhizer,177.8,155.0,182.9,36.2,0.4,5,0.0,0.0,0.0,0.0,0.0,0.0,0.0,0.0
Yosuke Nishijima,175.3,205.0,182.9,50.6,0.0,5,1.72,0.37,5.59,0.56,0.0,0.0,0.0,0.0
Alivia Bierley,177.8,135.0,182.9,27.3,0.8,5,0.0,0.0,0.0,0.0,0.0,0.0,0.0,0.0
Clayton MacFarlane,177.8,170.0,182.9,36.8,0.8,5,1.33,0.52,1.82,0.55,1.05,0.33,0.37,0.0
Steve Jennum,177.8,215.0,182.9,59.08599999999997,0.4,5,0.0,0.0,0.0,0.0,0.0,0.0,0.0,0.0
Sho Patrick Usami,175.3,155.0,177.8,23.6,0.8,5,0.0,0.0,0.0,0.0,0.0,0.0,0.0,0.0
Josh Jarvis,177.8,155.0,182.9,36.8,0.2,5,0.0,0.0,0.0,0.0,0.0,0.0,0.0,0.0
Kemran Lachinov,177.8,170.0,182.9,36.8,0.6,5,0.0,0.0,0.0,0.0,0.0,0.0,0.0,0.0
Fredy Serrano,160.0,125.0,165.1,44.3,0.6,5,1.58,0.26,1.89,0.61,2.84,0.25,0.84,0.0
Rick Davis,175.3,155.0,182.9,36.8,0.6,5,3.09,0.5,6.19,0.64,0.0,0.0,0.0,0.0
Jack McGlaughlin,177.8,155.0,182.9,36.8,0.2,5,0.0,0.0,0.0,0.0,0.0,0.0,0.0,0.0
Fabiola Pidroni,177.8,115.0,182.9,30.0,1.0,5,0.0,0.0,0.0,0.0,0.0,0.0,0.0,0.0
Joao Pierini,185.4,155.0,182.9,52.1,0.8,5,0.76,0.14,4.56,0.33,0.0,0.0,0.0,0.0
Tommy Petersen,177.8,155.0,182.9,36.8,0.4,5,0.0,0.0,0.0,0.0,0.0,0.0,0.0,0.0
Daniel Schmitt,177.8,185.0,182.9,36.8,0.4,5,0.0,0.0,0.0,0.0,0.0,0.0,0.0,0.0
Pauline Macias,162.6,115.0,162.6,35.5,0.8,5,0.8,0.29,4.6,0.42,2.0,0.18,0.0,0.0
James Gray,175.3,135.0,182.9,36.2,0.8,5,2.61,0.5,12.828599999999996,0.44,0.0,0.0,0.0,0.0
Sam Greco,188.0,205.0,182.9,56.7,0.6,5,2.4,0.75,1.33,0.53,0.0,0.0,0.25,1.0
Fabio Gurgel,182.9,205.0,182.9,54.0,0.6,5,0.0,0.0,0.0,0.0,0.0,0.0,0.0,0.0
Francesco Mazzeo,190.5,205.0,190.5,26.3,0.8,5,1.83,0.44,0.75,0.65,3.23,0.5,0.0,0.0
Lance Lawrence,185.4,145.0,188.0,30.5,0.8,5,5.87,0.5,9.8,0.24,1.0,1.0,0.5,0.0
Michel Batista,190.5,260.0,182.9,39.7,0.8,5,0.0,0.0,4.03,0.4,6.72,0.5,0.0,0.0
Chelsea Hackett,162.6,125.0,167.6,25.4,0.6,5,2.58,0.51,4.85,0.46,0.0,0.0,0.57,0.0
Adli Edwards,177.8,145.0,182.9,34.3,0.8,5,0.0,0.0,0.0,0.0,0.0,0.0,0.0,0.0
Maria Rios,165.1,125.0,182.9,40.6,0.4,5,2.93,0.34,4.13,0.56,2.0,0.5,1.0,0.0
Aleksandra Albu,157.5,115.0,160.0,33.5,0.6,5,4.83,0.47,5.56,0.38,2.27,0.5,0.77,0.4
Alfonso Alcarez,160.0,145.0,182.9,53.6,0.2,5,0.0,0.0,0.0,0.0,0.0,0.0,0.0,0.0
Christian Uflacker,180.3,170.0,182.9,38.4,1.0,5,0.0,0.0,0.0,0.0,0.0,0.0,0.0,0.0
Brady Fink,182.9,183.0,182.9,42.6,0.4,5,1.69,0.41,1.69,0.61,3.63,0.25,0.0,3.6
Janay Harding,177.8,135.0,182.9,36.8,0.4,5,0.0,0.0,0.0,0.0,0.0,0.0,0.0,0.0
Karl Willis,177.8,155.0,182.9,36.8,0.0,5,0.0,0.0,0.0,0.0,0.0,0.0,0.0,0.0
Greg Wilson,177.8,155.0,182.9,35.2,0.4,5,0.0,0.0,0.0,0.0,0.0,0.0,0.0,0.0
Gerry Harris,198.1,265.0,182.9,36.8,0.2,5,0.0,0.0,0.0,0.0,0.0,0.0,0.0,0.0
Anthony Alves,177.8,155.0,182.9,36.8,0.2,5,0.0,0.0,0.0,0.0,0.0,0.0,0.0,0.0
David Rasouri,170.2,155.0,182.9,36.8,0.4,5,0.0,0.0,0.0,0.0,0.0,0.0,0.0,0.0
Royce Alger,177.8,199.0,182.9,58.8,0.6,5,0.0,0.0,0.0,0.0,0.0,0.0,0.0,0.0
Jose Palacios,175.3,145.0,182.9,41.1,0.6,5,2.67,0.7,1.0,0.79,0.0,0.0,0.5,1.7
Tomohiko Hashimoto,182.9,250.0,182.9,46.4,0.2,5,0.0,0.0,11.67,0.3,0.0,0.0,0.0,0.0
Troy Mandaloniz,175.3,170.0,182.9,43.9,0.6,5,3.52,0.56,4.71,0.63,3.1,0.66,0.57,0.0
Daniel Allen,182.9,155.0,190.5,31.4,1.0,5,7.6,0.51,5.87,0.53,2.0,0.66,1.0,0.0
Mike Altman,177.8,185.0,182.9,36.8,0.2,5,1.56,0.2,2.08,0.75,0.0,0.0,0.0,0.0
Liu Ce,190.5,205.0,195.6,27.3,0.8,5,9.008599999999996,0.71,6.32,0.5,0.0,0.0,1.0,0.0
Bea Malecki,175.3,135.0,188.0,32.4,0.8,5,6.84,0.46,6.96,0.62,0.0,0.0,0.78,1.1
Kurt Osiander,177.8,185.0,182.9,36.8,0.8,5,0.0,0.0,0.0,0.0,0.0,0.0,0.0,0.0
Brett Albee,177.8,225.0,182.9,36.8,0.6,5,0.0,0.0,0.0,0.0,0.0,0.0,0.0,0.0
Anna Elmose,160.0,115.0,182.9,39.2,0.6,5,3.68,0.49,4.64,0.56,0.0,0.0,0.33,0.0
Sora Rakhmonova,177.8,125.0,182.9,25.5,0.8,5,0.0,0.0,0.0,0.0,0.0,0.0,0.0,0.0
Jesse Gillespie,177.8,185.0,182.9,36.8,0.6,5,0.0,0.0,0.0,0.0,0.0,0.0,0.0,0.0
Joey Gilbert,180.3,155.0,182.9,47.6,0.4,5,0.61,0.42,4.44,0.31,0.0,0.0,0.0,0.0
Drew Pendleton,177.8,145.0,182.9,40.1,1.0,5,0.0,0.0,0.0,0.0,0.0,0.0,0.0,0.0
Roberta Rovel,172.7,145.0,182.9,36.8,0.8,5,0.87,0.46,3.0,0.26,0.0,0.0,1.0,0.0
Zach Rosol,177.8,243.0,182.9,36.8,0.6,5,0.0,0.0,12.828599999999996,0.25,0.0,0.0,0.0,0.0
Reza Arianto,177.8,155.0,182.9,36.8,1.0,5,0.0,0.0,0.0,0.0,0.0,0.0,0.0,0.0
Jimmy Quinlan,182.9,185.0,182.9,37.6,0.6,5,2.08,0.7,5.94,0.16,4.46,0.25,0.0,0.0
Kailan Hill,185.4,185.0,195.6,29.1,0.8,5,2.6,0.53,4.8,0.37,3.0,0.42,0.0,0.0
Royston Wee,170.2,135.0,170.2,37.1,0.8,5,1.1,0.6,2.45,0.49,3.38,0.81,0.0,0.0
Hussain Rasouli,167.6,135.0,182.9,36.8,0.4,5,0.0,0.0,0.0,0.0,0.0,0.0,0.0,0.0
Alex Apodaca,170.2,135.0,180.3,29.5,0.8,5,3.2,0.38,2.0,0.61,0.0,0.0,0.83,0.0
Chibwikem Onyenegecha,190.5,185.0,182.9,29.7,1.0,5,5.6,0.55,3.4,0.52,0.0,0.0,1.0,0.0
Angelo Antonio,177.8,205.0,182.9,25.2,0.2,5,1.09,0.5,7.64,0.5,0.0,0.0,0.0,0.0
Javad Mahjoub,177.8,155.0,182.9,31.6,1.0,5,0.0,0.0,0.0,0.0,0.0,0.0,0.0,0.0
Cesar Marscucci,177.8,155.0,182.9,36.8,0.6,5,0.0,0.0,0.0,0.0,0.0,0.0,0.0,0.0
Sarah Payant,162.6,115.0,182.9,36.8,0.2,5,0.29,0.16,2.06,0.3,0.0,0.0,0.0,0.0
Steve White,180.3,175.0,182.9,36.8,0.2,5,0.0,0.0,0.0,0.0,0.0,0.0,0.0,0.0
Matt Ramirez,165.1,125.0,182.9,36.8,0.4,5,3.03,0.5,0.67,0.75,2.53,0.16,1.0,0.0
Eugenio Tadeu,172.7,160.0,182.9,59.08599999999997,0.4,5,0.0,0.0,0.0,0.0,0.0,0.0,0.0,0.0
Cameron Church,180.3,155.0,182.9,33.3,0.8,5,4.0,0.4,4.93,0.5,0.0,0.0,0.6,1.0
Jeff Terry,188.0,205.0,182.9,36.8,0.4,5,1.09,0.5,9.27,0.19,0.0,0.0,1.0,0.0
Frederick Brown,182.9,235.0,182.9,36.8,0.6,5,0.0,0.0,0.0,0.0,0.0,0.0,0.0,0.0
Aline Silva Pereira,177.8,135.0,182.9,33.2,0.6,5,0.0,0.0,0.0,0.0,0.0,0.0,0.0,0.0
Frank Caracci,177.8,155.0,182.9,53.9,0.4,5,0.0,0.0,0.0,0.0,0.0,0.0,0.0,0.0
Edgar Cardenas,177.8,145.0,182.9,36.8,0.8,5,0.0,0.0,0.0,0.0,0.0,0.0,0.0,0.0
Carlton Jones,185.4,225.0,182.9,36.8,0.2,5,2.32,0.41,3.58,0.56,4.02,0.5,0.57,2.7
Gable Steveson,180.3,249.0,188.0,23.6,0.8,5,9.008599999999996,0.71,5.89,0.58,0.0,0.0,0.0,0.0
Marcus Kowal,177.8,135.0,182.9,46.8,0.6,5,0.0,0.0,0.0,0.0,0.0,0.0,0.0,0.0
Sokun Koh,185.4,205.0,182.9,36.8,0.8,5,0.0,0.0,0.0,0.0,0.0,0.0,0.0,0.0
Keith Mielke,172.7,185.0,182.9,36.8,0.0,5,0.0,0.0,0.0,0.0,0.0,0.0,0.0,0.0
JR Coughran,167.6,145.0,182.9,29.6,0.8,5,9.008599999999996,0.57,6.8,0.45,0.0,0.0,0.75,0.0
Josh Stuart,175.3,160.0,182.9,36.8,0.2,5,0.0,0.0,0.0,0.0,0.0,0.0,0.0,0.0
Richie Smullen,175.3,155.0,172.7,32.4,0.6,5,1.98,0.75,2.26,0.65,8.49,0.66,0.0,0.0
Chad Corvin,195.6,255.0,182.9,36.8,1.0,5,0.0,0.0,0.0,0.0,0.0,0.0,0.0,0.0
Bob Cook,175.3,170.0,182.9,36.8,1.0,5,0.0,0.0,0.0,0.0,0.0,0.0,0.0,0.0
Eric Castile,172.7,145.0,182.9,36.8,0.6,5,0.0,0.0,0.0,0.0,0.0,0.0,0.0,0.0
Rich Bouphanouvong,170.2,170.0,182.9,36.8,0.2,5,0.0,0.0,0.0,0.0,0.0,0.0,0.0,0.0
Jess Bouscal,177.8,155.0,182.9,36.8,0.6,5,0.0,0.0,0.0,0.0,0.0,0.0,0.0,0.0
Dustin Joynson,198.1,244.0,198.1,38.2,1.0,5,3.28,0.53,5.63,0.47,0.0,0.0,0.0,0.0
Dwight Joseph,167.6,135.0,182.9,34.4,1.0,5,2.6,0.52,2.87,0.55,1.0,0.2,0.2,1.0
Michael Cora,185.4,170.0,195.6,34.4,0.8,5,0.8,0.28,0.13,0.66,0.0,0.0,0.25,0.0
Frank Megallon,177.8,185.0,182.9,36.8,0.4,5,1.14,0.21,5.32,0.54,0.0,0.0,0.0,0.0
Everett Sims,195.6,260.0,195.6,35.3,0.8,5,0.81,0.66,2.19,0.3,0.0,0.0,0.42,1.2
Jorgen Kruth,188.0,205.0,182.9,49.7,1.0,5,0.0,0.0,0.0,0.0,0.0,0.0,0.0,0.0
Todd Butler,185.4,200.0,182.9,36.8,0.2,5,0.0,0.0,0.0,0.0,0.0,0.0,0.0,0.0
Slim Trabelsi,190.5,235.0,182.9,30.6,1.0,5,0.0,0.0,0.0,0.0,0.0,0.0,0.0,0.0
Goldman Butler,177.8,155.0,182.9,36.8,0.2,5,0.0,0.0,0.0,0.0,0.0,0.0,0.0,0.0
Yoshihiro Takayama,195.6,265.0,182.9,55.3,0.2,5,3.4,0.54,5.69,0.29,0.67,0.33,0.55,0.0
Mitchell Sipe,188.0,245.0,182.9,27.7,0.8,5,5.5,0.56,9.98,0.46,1.53,0.2,0.0,0.0
Keigo Kunihara,182.9,235.0,182.9,36.8,0.6,5,0.17,0.1,1.99,0.57,4.97,0.4,1.0,2.5
Jamie Colleen,160.0,115.0,165.1,38.2,0.8,5,3.11,0.61,5.66,0.33,0.52,0.33,0.5,1.6
Ivan Cole,175.3,135.0,182.9,33.1,0.4,5,2.68,0.36,4.69,0.46,0.0,0.0,0.0,0.0
Bella Mir,170.2,135.0,167.6,21.6,0.8,5,2.0,0.38,3.2,0.61,1.0,0.16,0.0,0.0
Casey Huffman,190.5,185.0,182.9,36.8,0.75,4,0.0,0.0,0.0,0.0,0.0,0.0,0.0,0.0
Enrique Watson,177.8,185.0,182.9,36.8,0.75,4,0.0,0.0,0.0,0.0,0.0,0.0,0.0,0.0
Johnny Sampaio,172.7,170.0,182.9,48.3,0.75,4,1.32,0.4,2.64,0.5,8.49,0.5,0.0,6.985999999999967
Amber Tackett,177.8,115.0,182.9,36.8,0.25,4,0.0,0.0,0.0,0.0,0.0,0.0,0.0,0.0
Victor Jones,177.8,145.0,182.9,36.8,0.25,4,0.0,0.0,0.0,0.0,0.0,0.0,0.0,0.0
Jeri Sitzes,165.1,125.0,182.9,36.8,0.75,4,0.0,0.0,0.0,0.0,0.0,0.0,0.0,0.0
Salhahuddin Everett,177.8,185.0,182.9,36.8,1.0,4,0.0,0.0,0.0,0.0,0.0,0.0,0.0,0.0
Marcus Bossett,185.4,215.0,182.9,36.8,0.25,4,0.0,0.0,0.0,0.0,0.0,0.0,0.0,0.0
Stephanie Webber,167.6,135.0,182.9,36.8,0.5,4,0.91,0.75,3.85,0.15,6.79,0.4,0.0,0.0
Ozzy Martin,177.8,170.0,182.9,21.6,1.0,4,0.0,0.0,0.0,0.0,0.0,0.0,0.0,0.0
Harold Howard,188.0,240.0,182.9,36.8,0.25,4,0.0,0.0,0.0,0.0,0.0,0.0,0.0,0.0
Veta Arteaga,170.2,125.0,182.9,36.8,0.75,4,3.2,0.36,1.92,0.65,0.0,0.0,0.4,0.0
Islem Masraf,182.9,205.0,188.0,27.6,0.75,4,0.68,0.2,3.88,0.15,0.0,0.0,1.0,0.0
Andy Ologun,182.9,154.0,182.9,40.6,0.75,4,2.36,0.57,0.32,0.7985999999999968,0.68,1.0,0.8,0.0
Sam Watford,177.8,155.0,182.9,36.8,0.5,4,0.13,0.18,0.73,0.62,2.0,0.4,0.6,1.0
Alex Dunworth,172.7,155.0,182.9,36.8,0.5,4,1.94,0.31,8.71,0.35,0.0,0.0,0.5,0.0
Zachary Borrego,188.0,185.0,198.1,27.5,0.75,4,0.0,0.0,1.94,0.33,0.0,0.0,0.0,0.0
Kain Royer,177.8,185.0,182.9,36.8,0.5,4,0.0,0.0,1.63,0.14,0.0,0.0,0.0,4.1
Sovannahry Em,162.6,135.0,182.9,31.5,0.75,4,0.0,0.0,0.0,0.0,0.0,0.0,0.0,0.0
David Hood,182.9,200.0,182.9,36.8,0.25,4,0.0,0.0,0.0,0.0,0.0,0.0,0.0,0.0
Paul Song,177.8,185.0,182.9,36.9,0.5,4,0.0,0.0,0.0,0.0,0.0,0.0,0.0,0.0
John Paul Elias,193.0,205.0,182.9,36.8,0.75,4,0.0,0.0,0.0,0.0,0.0,0.0,0.0,0.0
Zaurbek Sabanov,177.8,255.0,182.9,25.5,1.0,4,0.0,0.0,0.0,0.0,0.0,0.0,0.0,0.0
Ben Holscher,180.3,155.0,182.9,36.8,1.0,4,0.0,0.0,0.0,0.0,0.0,0.0,0.0,0.0
Joe Son,162.6,236.0,182.9,53.1,0.0,4,0.0,0.0,0.0,0.0,0.0,0.0,0.0,0.0
David Levicki,195.6,265.0,182.9,36.8,0.25,4,0.0,0.0,0.0,0.0,0.0,0.0,0.0,0.0
Cory Hendricks,190.5,205.0,182.9,35.6,0.75,4,3.13,0.39,4.07,0.42,0.0,0.0,1.0,0.0
Chad Sutton,185.4,185.0,182.9,41.4,0.5,4,0.0,0.0,0.0,0.0,0.0,0.0,0.0,0.0
Keith Hackney,180.3,200.0,182.9,59.08599999999997,0.5,4,0.0,0.0,0.0,0.0,0.0,0.0,0.0,0.0
Akihito Tanaka,177.8,155.0,182.9,40.8,0.5,4,0.19,0.5,2.05,0.38,5.59,0.66,0.0,0.0
Takashi Sugiura,180.3,225.0,182.9,53.6,0.25,4,1.37,0.4,2.08,0.53,1.33,0.66,0.0,0.0
Anthony Guarascio,188.0,233.0,182.9,29.8,0.75,4,7.5,0.28,12.828599999999996,0.35,0.0,0.0,0.0,0.0
Derrick Burnsed,177.8,155.0,182.9,43.6,0.25,4,0.0,0.0,0.0,0.0,0.0,0.0,0.0,0.0
John Polakowski,177.8,155.0,182.9,42.5,0.5,4,2.6,0.26,2.83,0.5,0.0,0.0,0.87,0.7
Gerard Gordeau,195.6,216.0,182.9,59.08599999999997,0.5,4,0.0,0.0,0.0,0.0,0.0,0.0,0.0,0.0
Tebaris Gordon,185.4,265.0,182.9,35.5,0.75,4,3.53,0.16,12.828599999999996,0.22,0.0,0.0,0.0,0.0
Charlene Gellner,157.5,125.0,182.9,36.8,0.0,4,2.01,0.42,3.24,0.43,0.0,0.0,0.0,1.7
Jin Oh Kim,175.3,205.0,182.9,44.1,0.0,4,5.06,0.25,8.43,0.5,0.0,0.0,0.66,0.0
Crosley Gracie,175.3,190.0,182.9,44.5,0.5,4,1.69,0.37,1.54,0.6,3.46,0.85,0.5,0.6
Osamu Tachihikari,195.6,265.0,182.9,59.08599999999997,0.0,4,0.0,0.0,0.0,0.0,0.0,0.0,0.0,0.0
Scott Graham,193.0,185.0,182.9,36.8,0.75,4,0.91,0.42,2.27,0.28,0.0,0.0,0.0,0.0
Ralek Gracie,188.0,210.0,182.9,38.2,0.75,4,1.61,0.46,1.05,0.55,2.5,0.75,0.0,1.7
George Zuniga,175.3,185.0,182.9,36.8,0.75,4,7.64,0.38,5.45,0.37,0.0,0.0,1.0,0.0
Dino Pezao,177.8,205.0,182.9,36.8,0.25,4,0.66,0.3,3.28,0.31,0.0,0.0,0.0,0.0
Matt Pedro,177.8,155.0,182.9,36.8,0.75,4,0.0,0.0,0.0,0.0,0.0,0.0,0.0,0.0
Andre Pederneiras,172.7,155.0,182.9,56.8,0.25,4,0.0,0.0,0.0,0.0,0.0,0.0,0.0,0.0
Anvar Boynazarov,175.3,145.0,182.9,35.0,0.75,4,0.0,0.0,7.83,0.29,0.0,0.0,0.0,0.0
Trevor Harris,167.6,145.0,182.9,36.8,0.5,4,1.73,0.5,0.43,0.75,0.0,0.0,0.5,6.5
Elisha Helsper,167.6,135.0,182.9,40.9,0.0,4,0.0,0.0,0.0,0.0,0.0,0.0,0.0,0.0
Joe Moreira,180.3,195.0,182.9,59.08599999999997,0.5,4,0.0,0.0,0.0,0.0,0.0,0.0,0.0,0.0
Bu-Kyung Jung,170.2,154.0,182.9,45.6,0.0,4,0.63,0.36,1.85,0.56,1.1,0.75,0.0,1.5
Terrell Brown,177.8,185.0,182.9,40.7,0.75,4,0.0,0.0,0.0,0.0,0.0,0.0,0.0,0.0
Shah Kamali,177.8,265.0,182.9,25.2,1.0,4,0.0,0.0,0.0,0.0,0.0,0.0,0.0,0.0
Herman Renting,182.9,215.0,182.9,55.0,0.25,4,0.0,0.0,0.0,0.0,0.0,0.0,0.0,0.0
Jesse Fujarczyk,193.0,225.0,182.9,40.9,0.5,4,1.03,0.33,4.91,0.38,0.0,0.0,0.25,0.0
Ewerton Teixeira,185.4,242.0,182.9,41.9,0.75,4,2.0,0.39,3.22,0.35,0.0,0.0,0.33,0.0
Gilbert Rael,172.7,155.0,182.9,36.8,0.25,4,0.0,0.0,7.46,0.37,4.86,1.0,0.0,0.0
Quentin Pasley,193.0,205.0,198.1,22.2,1.0,4,5.98,0.62,2.99,0.39,3.2,1.0,1.0,0.0
Billy Miles,177.8,170.0,182.9,45.7,0.5,4,0.0,0.0,1.25,0.33,0.0,0.0,0.0,0.0
Anthony Taylor,170.2,145.0,182.9,36.8,0.25,4,0.0,0.0,0.0,0.0,0.0,0.0,0.0,0.0
Javi Alanis,167.6,135.0,182.9,36.8,0.0,4,0.0,0.0,0.0,0.0,0.0,0.0,0.0,0.0
Vernon Ramos Ho,167.6,170.0,182.9,31.6,0.75,4,4.0,0.25,8.0,0.55,0.0,0.0,0.0,0.0
Tony Halme,190.5,265.0,182.9,59.08599999999997,0.0,4,0.0,0.0,0.0,0.0,0.0,0.0,0.0,0.0
Rafael Carino,198.1,245.0,182.9,36.8,0.5,4,0.0,0.0,0.0,0.0,0.0,0.0,0.0,0.0
Duda Santana,170.2,145.0,185.4,28.0,0.75,4,6.01,0.39,2.72,0.73,6.44,0.6,0.0,0.0
Yuhi Sano,180.3,243.0,182.9,58.9,0.0,4,0.0,0.0,0.0,0.0,0.0,0.0,0.0,0.0
Ray Sefo,182.9,240.0,182.9,52.9,0.5,4,0.86,0.31,1.71,0.72,0.0,0.0,0.66,0.0
Elias Urbina,190.5,185.0,195.6,30.2,0.75,4,3.85,0.37,6.17,0.5,0.0,0.0,0.0,0.0
Paul Creighton,167.6,155.0,182.9,53.6,0.75,4,0.72,0.75,4.65,0.3,5.37,0.37,0.0,0.0
Bryce Mejia,185.4,170.0,182.9,36.8,0.75,4,3.49,0.62,6.98,0.5,0.0,0.0,0.0,0.0
Dan Barrera,175.3,170.0,182.9,43.0,0.75,4,0.8,0.7,1.2,0.28,1.0,0.08,0.0,0.0
Freddy Vidal,190.5,205.0,203.2,29.7,1.0,4,2.7,0.66,2.65,0.26,0.0,0.0,0.6,0.8
Trent Jenkins,188.0,185.0,182.9,36.8,0.0,4,0.0,0.0,0.0,0.0,0.0,0.0,0.0,0.0
John Donaldson,172.7,145.0,182.9,31.5,0.5,4,1.21,0.23,4.22,0.51,0.0,0.0,0.0,0.0
Ricardo Barros,185.4,205.0,182.9,47.8,0.5,4,0.0,0.0,8.22,0.31,0.0,0.0,1.0,0.0
Sean Bassett,177.8,155.0,182.9,36.8,0.0,4,0.0,0.0,0.0,0.0,0.0,0.0,0.0,0.0
Brandon Sene,180.3,205.0,182.9,42.6,0.5,4,0.0,0.0,0.0,0.0,0.0,0.0,0.0,0.0
Dashawn Boatwright,182.9,205.0,182.9,35.8,0.75,4,0.0,0.0,12.828599999999996,0.12,0.0,0.0,0.0,0.0
Matty Iann,177.8,135.0,182.9,23.2,1.0,4,0.0,0.0,0.0,0.0,0.0,0.0,0.0,0.0
Jarrod Kwitty,172.7,185.0,182.9,36.8,0.5,4,0.53,0.5,4.4,0.32,8.0,0.5,0.0,2.0
Bobby McAndrews,177.8,155.0,182.9,36.8,0.25,4,2.56,0.75,1.03,0.5,0.0,0.0,0.33,6.985999999999967
Greg Nagy,185.4,210.0,182.9,40.2,0.25,4,0.41,0.5,2.69,0.37,0.0,0.0,0.0,1.2
DeMarco Villalona,175.3,185.0,182.9,36.8,0.25,4,0.0,0.0,0.0,0.0,0.0,0.0,0.0,0.0
Artem Vakhitov,185.4,205.0,190.5,32.7,0.75,4,3.88,0.75,0.68,0.7985999999999968,0.0,0.0,1.0,0.0
Ralph Dillon,188.0,205.0,182.9,36.8,0.0,3,0.34,0.14,0.69,0.6,0.0,0.0,0.0,0.0
Michael Diaz,177.8,260.0,182.9,36.8,0.3333333333333333,3,0.0,0.0,0.0,0.0,0.0,0.0,0.0,0.0
Lee Higgins,177.8,155.0,182.9,43.5,0.6666666666666666,3,1.02,0.26,3.68,0.4,0.0,0.0,0.0,0.0
Dean Hancock,177.8,155.0,182.9,36.8,0.6666666666666666,3,7.97,0.63,1.94,0.67,1.71,0.33,0.75,1.7
Ilya Kotau,177.8,170.0,182.9,36.8,0.3333333333333333,3,3.94,0.4,4.38,0.44,6.57,1.0,1.0,6.6
Masanori Tonooka,172.7,185.0,182.9,50.6,0.3333333333333333,3,0.16,0.05,1.09,0.36,0.0,0.0,0.0,0.0
Rudyard Moncayo,177.8,195.0,182.9,50.6,0.0,3,0.0,0.0,0.0,0.0,0.0,0.0,0.0,0.0
Juan Alcain,177.8,155.0,182.9,36.8,0.3333333333333333,3,0.0,0.0,0.0,0.0,0.0,0.0,0.0,0.0
Koji Kitao,198.1,265.0,182.9,59.08599999999997,0.3333333333333333,3,0.0,0.0,0.0,0.0,0.0,0.0,0.0,0.0
Brandon Hester,185.4,205.0,182.9,36.8,1.0,3,3.53,0.53,0.4,0.68,4.0,0.8,0.0,0.0
Michael Mangan,177.8,155.0,182.9,36.8,0.0,3,1.94,0.33,4.52,0.46,8.49,0.5,1.0,0.0
Emmanuel Yarborough,198.1,265.0,182.9,59.08599999999997,0.3333333333333333,3,0.0,0.0,0.0,0.0,0.0,0.0,0.0,0.0
Jesse Jones,175.3,170.0,182.9,36.8,0.6666666666666666,3,0.0,0.0,0.0,0.0,0.0,0.0,0.0,0.0
Israel Albuquerque,177.8,185.0,182.9,36.8,0.0,3,0.32,0.13,3.34,0.25,0.0,0.0,0.0,0.0
Dewey Cooper,177.8,205.0,182.9,49.1,0.6666666666666666,3,0.0,0.0,0.0,0.0,0.0,0.0,0.0,0.0
Jules Bruchez,182.9,205.0,182.9,46.4,0.3333333333333333,3,0.69,0.5,5.52,0.46,0.0,0.0,0.0,0.0
Todd Lally,170.2,145.0,182.9,36.8,0.6666666666666666,3,0.0,0.0,0.0,0.0,0.0,0.0,0.0,0.0
John Kuhner,177.8,170.0,182.9,41.2,0.3333333333333333,3,0.0,0.0,0.0,0.0,0.0,0.0,0.0,0.0
Steve Nelmark,182.9,240.0,182.9,36.8,0.6666666666666666,3,0.0,0.0,0.0,0.0,0.0,0.0,0.0,0.0
Jack Morrison,180.3,205.0,182.9,36.8,0.0,3,0.0,0.0,12.828599999999996,0.4,0.0,0.0,0.0,0.0
Yohan Banks,177.8,155.0,182.9,36.8,0.6666666666666666,3,0.0,0.0,0.0,0.0,0.0,0.0,0.0,0.0
Patrick Kaase,175.3,185.0,182.9,36.8,0.3333333333333333,3,4.4,0.67,0.53,0.5,0.0,0.0,0.5,0.0
Tom Tuggle,188.0,250.0,182.9,36.8,0.0,3,0.0,0.0,2.14,0.0,8.49,1.0,0.0,0.0
Rhadi Ferguson,170.2,205.0,182.9,36.8,1.0,3,0.0,0.0,0.0,0.0,0.0,0.0,0.0,0.0
Craig Oxley,175.3,155.0,182.9,50.9,0.0,3,0.0,0.0,0.0,0.0,0.0,0.0,0.0,0.0
Mike Bencic,182.9,215.0,182.9,57.5,0.3333333333333333,3,0.0,0.0,3.32,0.53,0.0,0.0,0.0,0.0
Johnny Rhodes,182.9,210.0,182.9,36.8,0.6666666666666666,3,0.0,0.0,0.0,0.0,0.0,0.0,0.0,0.0
Miles McDonald,170.2,115.0,182.9,32.4,0.6666666666666666,3,5.1,0.45,4.0,0.43,0.0,0.0,1.0,1.0
Kyle Levinton,177.8,155.0,182.9,36.8,0.0,3,0.0,0.0,0.0,0.0,0.0,0.0,0.0,0.0
Crezio de Souza,177.8,170.0,182.9,36.8,0.3333333333333333,3,0.0,0.0,0.0,0.0,0.0,0.0,0.0,0.0
Kelly Velasco,175.3,135.0,182.9,28.6,0.6666666666666666,3,2.27,0.35,5.67,0.47,0.0,0.0,1.0,0.0
Baru Harn,177.8,265.0,182.9,46.2,0.3333333333333333,3,0.0,0.0,0.0,0.0,0.0,0.0,0.0,0.0
Ken Kaneko,182.9,161.0,182.9,47.2,0.0,3,0.0,0.0,0.94,0.42,0.0,0.0,0.0,3.5
Onassis Parungao,180.3,200.0,182.9,36.8,0.6666666666666666,3,0.0,0.0,0.0,0.0,0.0,0.0,0.0,0.0
Mike Jackson,188.0,170.0,188.0,38.8,0.3333333333333333,3,4.49,0.57,3.73,0.62,0.71,0.33,0.88,0.0
Iony Razafiarison,160.0,145.0,182.9,39.0,0.6666666666666666,3,1.2,0.42,1.4,0.53,2.0,0.5,0.75,0.0
Valeri Ignatov,175.3,170.0,182.9,36.8,0.3333333333333333,3,0.0,0.0,0.0,0.0,0.0,0.0,0.0,0.0
Sean Gannon,190.5,265.0,182.9,36.8,0.6666666666666666,3,0.0,0.0,6.38,0.28,0.0,0.0,0.5,0.0
Michelle Maher,177.8,145.0,182.9,36.8,0.3333333333333333,3,0.0,0.0,0.0,0.0,0.0,0.0,0.0,0.0
Andy Waters,182.9,170.0,182.9,38.9,0.3333333333333333,3,0.0,0.0,0.0,0.0,0.0,0.0,0.0,0.0
Ray Routh,172.7,185.0,182.9,36.8,0.6666666666666666,3,0.54,0.21,3.22,0.28,2.69,0.33,0.0,0.0
Jamie Houston,177.8,185.0,182.9,36.8,1.0,3,0.0,0.0,0.0,0.0,0.0,0.0,0.0,0.0
Clay Mitchell,188.0,185.0,182.9,36.8,0.3333333333333333,3,1.63,0.75,0.0,0.0,0.0,0.0,1.0,4.1
Christian Ocon,172.7,135.0,175.3,27.9,0.6666666666666666,3,1.73,0.53,5.27,0.34,0.0,0.0,0.63,0.0
Bill Cooper,177.8,155.0,182.9,39.7,0.6666666666666666,3,0.0,0.0,0.0,0.0,0.0,0.0,0.0,0.0
Bill Duvall,188.0,185.0,182.9,36.8,0.3333333333333333,3,0.0,0.0,2.4,0.4,0.0,0.0,0.0,0.0
Gokhan Saki,182.9,205.0,185.4,40.2,0.3333333333333333,3,7.09,0.58,4.57,0.53,0.0,0.0,1.0,0.0
Courtney Turner,188.0,170.0,182.9,36.8,0.0,3,0.0,0.0,0.0,0.0,0.0,0.0,0.0,0.0
Tae Hyun Lee,198.1,265.0,182.9,49.0,0.3333333333333333,3,1.37,0.31,3.89,0.54,5.15,1.0,0.0,0.0
Devin Johnson,177.8,155.0,182.9,36.8,0.3333333333333333,3,0.0,0.0,0.0,0.0,0.0,0.0,0.0,0.0
David Avellan,175.3,185.0,182.9,42.5,0.6666666666666666,3,3.33,0.25,10.0,0.57,0.0,0.0,0.0,0.0
Vinicius Magalhaes,177.8,145.0,182.9,52.4,0.6666666666666666,3,0.0,0.0,0.0,0.0,0.0,0.0,0.0,0.0
Houston Dorr,185.4,210.0,182.9,36.8,0.3333333333333333,3,0.0,0.0,0.0,0.0,0.0,0.0,0.0,0.0
Tiffany Masters,160.0,115.0,165.1,29.4,0.6666666666666666,3,3.53,0.62,2.58,0.5,3.06,0.6,0.0,0.0
Paulo Santos,177.8,155.0,182.9,36.8,0.0,3,0.0,0.0,0.0,0.0,0.0,0.0,0.0,0.0
Cory Peterson,198.1,265.0,182.9,44.9,0.6666666666666666,3,2.17,0.6,6.51,0.4,0.0,0.0,0.0,0.0
AJ Siscoe,170.2,135.0,182.9,36.8,0.3333333333333333,3,0.0,0.0,0.0,0.0,0.0,0.0,0.0,0.0
Steven Graham,185.4,265.0,182.9,36.8,0.6666666666666666,3,0.0,0.0,0.0,0.0,0.0,0.0,0.0,0.0
Charles McTorry,177.8,155.0,182.9,36.8,1.0,3,0.0,0.0,0.0,0.0,0.0,0.0,0.0,0.0
Lina Kvokov,175.3,135.0,182.9,36.8,0.0,3,2.31,0.3,12.12,0.19,0.0,0.0,0.0,0.0
David Gomez,177.8,155.0,182.9,40.4,0.3333333333333333,3,0.0,0.0,0.0,0.0,0.0,0.0,0.0,0.0
Fabian Gonzalez,177.8,135.0,182.9,36.8,0.6666666666666666,3,3.9,0.48,4.39,0.51,0.0,0.0,0.66,0.0
Adam Smith,177.8,155.0,182.9,36.8,0.0,3,0.0,0.0,0.0,0.0,0.0,0.0,0.0,0.0
He-Man Gipson,177.8,155.0,182.9,36.8,0.3333333333333333,3,0.0,0.0,0.0,0.0,0.0,0.0,0.0,0.0
Alexandre Dantas,188.0,238.0,182.9,44.8,0.0,3,0.21,0.25,1.87,0.6,0.0,0.0,0.0,3.1
Steve Hadsel,172.7,170.0,182.9,36.8,1.0,3,0.0,0.0,0.0,0.0,0.0,0.0,0.0,0.0
Brad Royster,177.8,135.0,182.9,36.8,0.3333333333333333,3,0.0,0.0,0.0,0.0,0.0,0.0,0.0,0.0
Nick Gibbons,177.8,155.0,182.9,36.8,0.6666666666666666,3,0.0,0.0,0.0,0.0,0.0,0.0,0.0,0.0
Dieusel Berto,175.3,200.0,182.9,36.8,0.0,3,0.0,0.0,0.0,0.0,0.0,0.0,0.0,0.0
Stefan Leko,188.0,215.0,182.9,49.6,0.0,3,2.4,0.43,6.17,0.68,0.0,0.0,0.0,0.0
Anying Wang,182.9,170.0,182.9,32.7,0.6666666666666666,3,1.32,0.26,1.63,0.44,0.0,0.0,0.33,0.0
Scott Morris,177.8,210.0,182.9,36.8,0.6666666666666666,3,0.0,0.0,0.0,0.0,0.0,0.0,0.0,0.0
Tsuyoshi Tamakairiki,182.9,220.0,182.9,57.5,0.0,3,0.0,0.0,12.828599999999996,0.5,0.0,0.0,0.0,0.0
Brandon Lowe,177.8,155.0,182.9,36.8,0.6666666666666666,3,0.0,0.0,0.0,0.0,0.0,0.0,0.0,0.0
Danyelle Wolf,180.3,145.0,177.8,40.3,0.5,2,2.37,0.25,4.57,0.47,0.0,0.0,0.77,0.5
Yuji Nagata,182.9,225.0,182.9,55.7,0.0,2,1.45,0.4,12.828599999999996,0.04,0.0,0.0,0.0,0.0
Dustin Moore,162.6,125.0,182.9,36.8,0.0,2,0.0,0.0,0.0,0.0,0.0,0.0,0.0,0.0
Dwayne Cason,177.8,212.0,182.9,36.8,0.5,2,0.0,0.0,0.0,0.0,0.0,0.0,0.0,0.0
Sean Daugherty,182.9,175.0,182.9,48.1,0.0,2,0.0,0.0,0.0,0.0,0.0,0.0,0.0,0.0
Mason Fowler,180.3,170.0,182.9,36.8,1.0,2,0.0,0.0,0.0,0.0,0.0,0.0,0.0,0.0
Sanford Alton Meeks,195.6,265.0,190.5,29.7,0.5,2,0.71,0.42,4.47,0.38,7.06,0.25,0.0,0.0
Yoshiaki Yatsu,185.4,165.0,182.9,59.08599999999997,0.0,2,0.0,0.0,5.57,0.48,0.0,0.0,0.0,0.0
Larry Cureton,188.0,240.0,182.9,36.8,0.0,2,0.0,0.0,0.0,0.0,0.0,0.0,0.0,0.0
Smilla Sundell,177.8,135.0,182.9,21.6,1.0,2,0.0,0.0,0.0,0.0,0.0,0.0,0.0,0.0
Cody Floyd,177.8,155.0,182.9,35.5,1.0,2,0.0,0.0,0.0,0.0,0.0,0.0,0.0,0.0
Steve Judson,180.3,230.0,182.9,36.8,0.0,2,0.0,0.0,0.0,0.0,0.0,0.0,0.0,0.0
Brian Schwartz,190.5,170.0,182.9,36.8,0.5,2,1.27,0.44,0.87,0.45,0.0,0.0,0.5,1.0
Marko Damiani,182.9,170.0,182.9,36.8,0.0,2,0.0,0.0,0.0,0.0,0.0,0.0,0.0,0.0
Nicholas Sergiacomi,177.8,170.0,182.9,36.8,0.5,2,4.38,0.55,3.94,0.59,0.0,0.0,0.0,0.0
Leiticia Pestova,167.6,135.0,182.9,40.0,0.0,2,0.0,0.0,12.828599999999996,0.44,0.0,0.0,0.0,0.0
Eddy Millis,185.4,185.0,182.9,56.4,0.0,2,0.0,0.0,3.36,0.22,0.0,0.0,0.0,6.985999999999967
David Blanco,170.2,145.0,182.9,36.8,1.0,2,0.0,0.0,0.0,0.0,0.0,0.0,0.0,0.0
Eric Schwartz,177.8,205.0,182.9,36.8,1.0,2,0.0,0.0,0.0,0.0,0.0,0.0,0.0,0.0
Sam Fulton,177.8,155.0,182.9,36.8,0.0,2,0.0,0.0,0.0,0.0,0.0,0.0,0.0,0.0
Dhafir Harris,177.8,257.0,182.9,46.4,1.0,2,0.0,0.0,0.0,0.0,0.0,0.0,0.0,0.0
Mike Polchlopek,193.0,265.0,182.9,58.0,0.5,2,2.0,0.38,1.33,0.57,0.0,0.0,0.0,0.0
Katsuaki Furuki,182.9,168.0,182.9,43.1,0.5,2,0.27,0.1,2.67,0.39,0.0,0.0,0.0,3.0
Mark Schultz,175.3,200.0,182.9,59.08599999999997,0.5,2,0.0,0.0,0.0,0.0,0.0,0.0,0.0,0.0
Rony Sefo,175.3,225.0,182.9,51.7,0.0,2,0.0,0.0,0.43,0.0,0.0,0.0,0.0,0.0
Eric Magana,177.8,155.0,182.9,36.8,0.5,2,0.0,0.0,0.0,0.0,0.0,0.0,0.0,0.0
Bronson Mohika,177.8,135.0,182.9,36.8,0.5,2,0.0,0.0,0.0,0.0,0.0,0.0,0.0,0.0
Brandon Polcare,177.8,125.0,182.9,36.8,0.5,2,0.43,0.5,0.0,0.0,0.0,0.0,0.0,0.0
Jeff Crotty,177.8,155.0,182.9,36.8,0.5,2,0.93,0.35,3.33,0.54,5.0,0.38,0.0,1.0
Alan Gomez,177.8,155.0,182.9,36.8,1.0,2,0.0,0.0,0.0,0.0,0.0,0.0,0.0,0.0
Israel Delgado,177.8,155.0,182.9,36.8,0.0,2,0.0,0.0,0.0,0.0,0.0,0.0,0.0,0.0
Nick Sanzo,175.3,190.0,182.9,59.08599999999997,0.5,2,0.0,0.0,0.0,0.0,0.0,0.0,0.0,0.0
Rainy Martinez,182.9,199.0,182.9,36.8,0.0,2,0.0,0.0,0.0,0.0,0.0,0.0,0.0,0.0
Branko Cikatic,185.4,215.0,182.9,59.08599999999997,0.0,2,0.0,0.0,0.0,0.0,0.0,0.0,0.0,0.0
Paul Herrera,177.8,185.0,182.9,59.08599999999997,0.5,2,0.0,0.0,0.0,0.0,0.0,0.0,0.0,0.0
Tai Bowden,180.3,230.0,182.9,36.8,0.5,2,0.0,0.0,0.0,0.0,0.0,0.0,0.0,0.0
Fred Ettish,182.9,180.0,182.9,59.08599999999997,0.5,2,0.0,0.0,0.0,0.0,0.0,0.0,0.0,0.0
Jeremy Boczulak,177.8,155.0,182.9,36.8,0.0,2,0.0,0.0,0.0,0.0,0.0,0.0,0.0,0.0
Jon Hess,198.1,265.0,182.9,36.8,0.5,2,0.0,0.0,0.0,0.0,0.0,0.0,0.0,0.0
John Clarke,177.8,170.0,182.9,46.4,0.5,2,0.0,0.0,0.0,0.0,0.0,0.0,0.0,0.0
Dave Martin,182.9,205.0,182.9,36.8,0.0,2,0.0,0.0,0.0,0.0,0.0,0.0,0.0,0.0
Kerry Vera,170.2,135.0,182.9,36.8,1.0,2,0.0,0.0,0.0,0.0,0.0,0.0,0.0,0.0
Jim Mullen,185.4,215.0,182.9,36.8,0.0,2,0.0,0.0,0.0,0.0,0.0,0.0,0.0,0.0
Ion Cherdivara,177.8,205.0,182.9,36.8,0.5,2,0.0,0.0,0.0,0.0,0.0,0.0,0.0,0.0
Ian Murphy,185.4,185.0,182.9,38.5,0.5,2,0.0,0.0,1.93,0.3,4.13,1.0,0.0,0.0
Joao Paulo Faria,175.3,155.0,182.9,36.8,0.5,2,6.69,0.64,2.09,0.7985999999999968,1.25,0.5,0.0,1.2
Eric Smith,177.8,155.0,182.9,36.8,0.5,2,0.0,0.0,0.0,0.0,0.0,0.0,0.0,0.0
Eddie Ruiz,170.2,155.0,182.9,56.6,0.5,2,0.2,0.25,1.4,0.47,2.0,0.12,0.0,0.0
Igor Borisov,182.9,235.0,182.9,59.08599999999997,0.5,2,0.0,0.0,0.0,0.0,0.0,0.0,0.0,0.0
John Elam,177.8,155.0,182.9,36.8,1.0,2,0.0,0.0,0.0,0.0,0.0,0.0,0.0,0.0
Michiyoshi Ohara,177.8,205.0,182.9,56.1,0.0,2,0.28,0.29,3.13,0.48,0.0,0.0,0.33,0.0
Gilles Arsene,175.3,190.0,182.9,53.0,0.5,2,0.06,0.1,2.45,0.32,0.0,0.0,0.0,0.0
Max Martyniouk,177.8,155.0,182.9,36.8,0.5,2,0.0,0.0,0.0,0.0,0.0,0.0,0.0,0.0
Herschel Walker,185.4,215.0,182.9,59.08599999999997,1.0,2,3.42,0.67,0.45,0.46,1.94,1.0,1.0,0.0
Cedric Doumbe,177.8,170.0,182.9,31.4,1.0,2,0.0,0.0,0.0,0.0,0.0,0.0,0.0,0.0
Scott Baker,182.9,210.0,182.9,36.8,0.5,2,0.0,0.0,0.0,0.0,0.0,0.0,0.0,0.0
Alex Hunter,175.3,226.0,182.9,36.8,1.0,2,0.0,0.0,0.0,0.0,0.0,0.0,0.0,0.0
Townsend Saunders,165.1,170.0,182.9,36.8,0.0,2,0.0,0.0,0.0,0.0,0.0,0.0,0.0,0.0
Logan Nail,177.8,185.0,182.9,34.5,0.5,2,1.93,0.51,2.27,0.39,0.0,0.0,0.37,0.0
Matt Helm,177.8,155.0,182.9,36.8,0.5,2,0.0,0.0,0.0,0.0,0.0,0.0,0.0,0.0
Yuki Ishikawa,180.3,205.0,182.9,56.9,0.0,2,1.07,0.28,8.57,0.11,0.0,0.0,0.5,0.0
Bertrand Amoussou,172.7,190.0,182.9,57.6,0.5,2,6.75,0.39,2.01,0.7985999999999968,0.0,0.0,0.0,0.0
Chris Amarante,177.8,185.0,182.9,36.8,1.0,2,0.0,0.0,0.0,0.0,0.0,0.0,0.0,0.0
Alex Crispin,177.8,155.0,182.9,36.8,0.0,1,0.0,0.0,0.0,0.0,0.0,0.0,0.0,0.0
Robert Lucarelli,188.0,245.0,182.9,36.8,0.0,1,0.0,0.0,0.0,0.0,0.0,0.0,0.0,0.0
Nathan Jones,198.1,265.0,182.9,53.4,0.0,1,0.0,0.0,0.0,0.0,0.0,0.0,0.0,0.0
Travis Johnson,177.8,205.0,182.9,36.8,0.0,1,0.0,0.0,0.0,0.0,0.0,0.0,0.0,0.0
Jose Barreto,177.8,185.0,182.9,36.8,0.0,1,0.0,0.0,0.0,0.0,0.0,0.0,0.0,0.0
Raymond Daniels,188.0,185.0,182.9,43.7,0.0,1,0.0,0.0,2.61,0.38,0.0,0.0,0.33,3.0
Minoki Ichihara,170.2,178.0,182.9,55.5,0.0,1,0.0,0.0,0.0,0.0,0.0,0.0,0.0,0.0
Mack Brewer,177.8,205.0,182.9,36.8,0.0,1,0.0,0.0,6.67,0.36,0.0,0.0,0.0,0.0
Brooke Mayo,170.2,125.0,182.9,36.8,0.0,1,1.92,0.34,3.2,0.63,3.2,0.6,0.0,2.1
Jose Perez,177.8,155.0,182.9,36.8,1.0,1,0.0,0.0,0.0,0.0,0.0,0.0,0.0,0.0
Shingo Kohara,167.6,135.0,182.9,36.8,1.0,1,0.0,0.0,0.0,0.0,0.0,0.0,0.0,0.0
Scott Shaffer,170.2,145.0,182.9,36.8,0.0,1,2.4,0.67,0.53,0.5,0.0,0.0,0.72,3.0
Scott Fiedler,193.0,235.0,182.9,36.8,0.0,1,0.0,0.0,0.0,0.0,0.0,0.0,0.0,0.0
Han Ten Yun,180.3,220.0,182.9,36.8,0.0,1,0.0,0.0,0.0,0.0,0.0,0.0,0.0,0.0
Kyle Sturgeon,190.5,225.0,182.9,59.08599999999997,0.0,1,0.0,0.0,0.0,0.0,0.0,0.0,0.0,0.0
Demetrius Gioulacos,180.3,185.0,182.9,36.8,0.0,1,0.0,0.0,0.0,0.0,0.0,0.0,0.0,0.0
Jason Thacker,177.8,185.0,182.9,36.8,0.0,1,0.0,0.0,0.0,0.0,0.0,0.0,0.0,0.0
Krishaun Gilmore,177.8,155.0,182.9,36.8,0.0,1,0.0,0.0,0.0,0.0,0.0,0.0,0.0,0.0
John Campetella,175.3,235.0,182.9,36.8,0.0,1,0.0,0.0,0.0,0.0,0.0,0.0,0.0,0.0
Asbel Cancio,177.8,225.0,182.9,36.8,0.0,1,0.0,0.0,0.0,0.0,0.0,0.0,0.0,0.0
Gennaro Strangis,177.8,155.0,182.9,36.8,0.0,1,0.0,0.0,0.0,0.0,0.0,0.0,0.0,0.0
Lee Kwan Bum,188.0,265.0,182.9,37.2,0.0,1,0.71,0.14,0.0,0.7985999999999968,0.0,0.0,0.0,0.0
CM Punk,185.4,170.0,185.4,45.2,0.0,1,1.1,0.23,4.87,0.4,0.87,0.11,0.0,0.0
Jenna Castillo,157.5,125.0,182.9,41.7,1.0,1,3.24,0.56,2.01,0.57,1.68,1.0,1.0,0.0
Spencer Hearns,180.3,185.0,182.9,36.8,1.0,1,0.0,0.0,0.0,0.0,0.0,0.0,0.0,0.0
Matt Skelton,190.5,265.0,182.9,56.9,0.0,1,0.0,0.0,0.54,0.0,0.0,0.0,0.66,0.0
Chris Inman,177.8,155.0,182.9,36.8,1.0,1,0.0,0.0,0.0,0.0,0.0,0.0,0.0,0.0
Yuri Vaulin,193.0,197.0,182.9,59.08599999999997,0.0,1,0.0,0.0,0.0,0.0,0.0,0.0,0.0,0.0
Cesar Gracie,177.8,181.0,182.9,36.8,0.0,1,0.0,0.0,12.828599999999996,0.5,0.0,0.0,0.0,0.0
Marcelo Mello,170.2,170.0,182.9,36.8,1.0,1,0.0,0.0,0.0,0.0,0.0,0.0,0.0,0.0
Tatsuya Iwasaki,175.3,205.0,182.9,54.5,0.0,1,0.79,0.75,8.68,0.38,0.0,0.0,0.0,0.0
Adriano Santos,177.8,155.0,182.9,36.8,0.0,1,0.0,0.0,0.0,0.0,0.0,0.0,0.0,0.0
Donnie Chappell,180.3,178.0,182.9,36.8,0.0,1,0.0,0.0,0.0,0.0,0.0,0.0,0.0,0.0
Thaddeus Luster,190.5,210.0,182.9,36.8,0.0,1,0.0,0.0,0.0,0.0,0.0,0.0,0.0,0.0
Errol Zimmerman,190.5,185.0,182.9,37.7,0.0,1,2.95,0.42,0.0,0.0,0.0,0.0,0.0,0.0
Art Jimmerson,185.4,196.0,182.9,59.08599999999997,0.0,1,0.0,0.0,0.0,0.0,0.0,0.0,0.0,0.0
Chris Condo,182.9,265.0,182.9,36.8,0.0,1,0.0,0.0,0.0,0.0,0.0,0.0,0.0,0.0
Yokthai Sithoar,170.2,143.0,182.9,49.0,0.0,1,0.0,0.0,0.0,0.0,0.0,0.0,0.0,0.0
Luis Mendoza,177.8,155.0,182.9,36.8,0.0,1,0.0,0.0,0.0,0.0,0.0,0.0,0.0,0.0
Hugo Govea,177.8,155.0,182.9,36.8,0.0,1,0.0,0.0,0.0,0.0,0.0,0.0,0.0,0.0
John Dowdy,177.8,155.0,182.9,36.8,0.0,1,0.0,0.0,0.0,0.0,0.0,0.0,0.0,0.0
Chris Drumm,172.7,145.0,182.9,36.8,0.0,1,0.0,0.0,0.0,0.0,0.0,0.0,0.0,0.0
Jong Won Kim,170.2,139.0,182.9,47.1,0.0,1,0.84,0.15,3.28,0.63,2.81,1.0,0.0,0.0
Julian Sanchez,190.5,265.0,182.9,36.8,0.0,1,0.0,0.0,0.0,0.0,0.0,0.0,0.0,0.0
Francesco Maturi,177.8,155.0,182.9,36.8,0.0,1,0.0,0.0,0.0,0.0,0.0,0.0,0.0,0.0
Aaron Trujillo,165.1,125.0,182.9,36.8,0.0,1,0.0,0.0,0.0,0.0,0.0,0.0,0.0,0.0
Jackie Lee,177.8,155.0,182.9,36.8,0.0,1,0.0,0.0,0.0,0.0,0.0,0.0,0.0,0.0
Saeed Hosseini,177.8,155.0,182.9,36.8,0.0,1,0.0,0.0,0.0,0.0,0.0,0.0,0.0,0.0
OJ Dominguez,177.8,155.0,182.9,36.8,0.0,1,0.0,0.0,0.0,0.0,0.0,0.0,0.0,0.0
Jason Suttie,182.9,210.0,182.9,50.4,0.0,1,2.07,0.75,4.97,0.36,0.0,0.0,0.0,0.0
Jose Canseco,193.0,240.0,182.9,59.08599999999997,0.0,1,0.78,0.1,4.68,0.62,0.0,0.0,0.0,0.0
Roman Bravo-Young,177.8,205.0,182.9,36.8,0.0,1,0.0,0.0,0.0,0.0,0.0,0.0,0.0,0.0
Rulon Gardner,190.5,265.0,182.9,52.4,1.0,1,2.05,0.25,1.45,0.6,0.75,1.0,1.0,0.0
Aliev Makhmud,167.6,195.0,182.9,53.9,0.0,1,1.12,0.3,2.24,0.36,2.1,0.5,0.0,0.0
Reza Nasri,180.3,205.0,182.9,36.8,0.0,1,0.0,0.0,0.0,0.0,0.0,0.0,0.0,0.0
Pro Escobedo,177.8,205.0,182.9,36.8,1.0,1,0.0,0.0,0.0,0.0,0.0,0.0,0.0,0.0
Frank Hamaker,177.8,155.0,182.9,36.8,1.0,1,0.0,0.0,0.0,0.0,0.0,0.0,0.0,0.0
James Toney,175.3,220.0,182.9,55.4,0.0,1,0.0,0.0,2.41,0.27,0.0,0.0,0.0,0.0
Rubin Williams,185.4,185.0,182.9,47.7,0.0,1,0.0,0.0,1.39,0.6,0.0,0.0,0.0,0.0
Raou Raou,172.7,195.0,182.9,36.8,0.0,1,2.01,0.16,6.75,0.6,0.0,0.0,0.0,0.0
Lloyd Van Dams,185.4,240.0,182.9,51.8,0.0,1,0.0,0.0,3.01,0.15,0.0,0.0,0.0,0.0
Eric Martin,177.8,155.0,182.9,36.8,0.0,1,0.0,0.0,0.0,0.0,0.0,0.0,0.0,0.0
Francois Botha,188.0,260.0,182.9,55.3,0.0,1,0.0,0.0,1.05,0.77,0.0,0.0,0.0,0.0
Sione Latu,182.9,215.0,182.9,36.8,1.0,1,0.0,0.0,0.0,0.0,0.0,0.0,0.0,0.0
Wes Albritton,177.8,188.0,182.9,36.8,0.0,1,0.0,0.0,0.0,0.0,0.0,0.0,0.0,0.0
Dmitri Stepanov,190.5,217.0,182.9,36.8,0.0,1,0.0,0.0,0.0,0.0,0.0,0.0,0.0,0.0
Eldari Kurtanidze,167.6,235.0,182.9,51.7,0.0,1,0.47,0.2,3.72,0.6,0.0,0.0,0.0,0.0
Xue Do Won,170.2,165.0,182.9,36.8,0.0,1,0.0,0.0,0.0,0.0,0.0,0.0,0.0,0.0
Eldo Xavier Dias,180.3,180.0,182.9,59.08599999999997,0.0,1,0.0,0.0,0.0,0.0,0.0,0.0,0.0,0.0
Mark Robinson,182.9,265.0,182.9,36.8,1.0,1,0.0,0.0,5.8,0.13,0.0,0.0,0.0,0.0
Pedro Rocha,177.8,155.0,182.9,36.8,1.0,1,0.0,0.0,0.0,0.0,0.0,0.0,0.0,0.0
Ryan Parker,190.5,235.0,182.9,36.8,0.0,1,0.0,0.0,0.0,0.0,0.0,0.0,0.0,0.0
Melton Bowen,182.9,225.0,182.9,54.5,0.0,1,0.0,0.0,0.0,0.0,0.0,0.0,0.0,0.0
Ron van Clief,177.8,190.0,182.9,59.08599999999997,0.0,1,0.0,0.0,0.0,0.0,0.0,0.0,0.0,0.0
Luke Hartwig,177.8,155.0,182.9,36.8,0.0,1,0.0,0.0,0.0,0.0,0.0,0.0,0.0,0.0
Thomas Ramirez,185.4,265.0,182.9,36.8,0.0,1,0.0,0.0,0.0,0.0,0.0,0.0,0.0,0.0
Sergey Ignatov,175.3,210.0,182.9,52.2,0.0,1,0.35,0.5,3.25,0.42,0.0,0.0,0.0,0.0
Teila Tuli,182.9,265.0,182.9,54.5,0.0,1,0.0,0.0,0.0,0.0,0.0,0.0,0.0,0.0
John Yoo,177.8,135.0,182.9,36.8,0.0,1,0.0,0.0,0.0,0.0,0.0,0.0,0.0,0.0
Greg Stott,170.2,220.0,182.9,36.8,0.0,1,0.0,0.0,0.0,0.0,0.0,0.0,0.0,0.0
Ernie Verdicia,180.3,199.0,182.9,36.8,0.0,1,0.0,0.0,0.0,0.0,0.0,0.0,0.0,0.0
Adam Steele,177.8,170.0,182.9,36.8,0.0,1,0.0,0.0,0.0,0.0,0.0,0.0,0.0,0.0
Dave Berry,177.8,155.0,182.9,36.8,0.0,1,0.0,0.0,0.0,0.0,0.0,0.0,0.0,0.0
Andy Anderson,167.6,240.0,182.9,49.5,0.0,1,0.0,0.0,0.0,0.0,0.0,0.0,0.0,0.0
Alberta Cerra Leon,172.7,238.0,182.9,36.8,0.0,1,0.0,0.0,0.0,0.0,0.0,0.0,0.0,0.0
Kazuhisa Watanabe,167.6,139.0,182.9,40.6,0.0,1,0.62,0.5,0.94,0.0,0.0,0.0,0.14,0.0
Colley Bradford,170.2,145.0,182.9,36.8,0.0,1,0.43,0.25,1.73,0.5,8.49,0.5,1.0,0.0
Michael Lerma,177.8,155.0,182.9,50.1,0.0,1,0.0,0.0,6.47,0.45,0.0,0.0,0.0,0.0
Lowell Anderson,167.6,160.0,182.9,36.8,0.0,1,0.0,0.0,0.0,0.0,0.0,0.0,0.0,0.0
Roland Payne,175.3,205.0,182.9,36.8,0.0,1,0.0,0.0,0.0,0.0,0.0,0.0,0.0,0.0
JW Wright,177.8,130.0,182.9,48.0,1.0,1,0.0,0.0,0.0,0.0,0.0,0.0,0.0,0.0
Ray Wizard,177.8,155.0,182.9,36.8,0.0,1,0.0,0.0,0.0,0.0,0.0,0.0,0.0,0.0
Joe Hernandez,177.8,155.0,182.9,36.8,0.0,1,0.0,0.0,0.0,0.0,0.0,0.0,0.0,0.0
Scott McDonald,177.8,155.0,182.9,36.8,1.0,1,0.0,0.0,0.0,0.0,0.0,0.0,0.0,0.0
Fellipe Andrew,177.8,155.0,182.9,29.2,0.6923076923076923,1,0.0,0.0,0.0,0.0,0.0,0.0,0.0,0.0
Chris Solomon,180.3,155.0,182.9,36.8,0.6923076923076923,1,0.0,0.0,2.8,0.37,0.0,0.0,0.33,0.0
Mike Minniger,177.8,155.0,182.9,36.8,0.6923076923076923,1,0.0,0.0,0.0,0.0,0.0,0.0,0.0,0.0
Felipe Pena,177.8,155.0,182.9,32.2,0.6923076923076923,1,0.0,0.0,0.0,0.0,0.0,0.0,0.0,0.0
Emily Fernandez,177.8,155.0,182.9,36.8,0.6923076923076923,1,0.0,0.0,0.0,0.0,0.0,0.0,0.0,0.0
Eric Galvan,177.8,155.0,182.9,36.8,0.6923076923076923,1,0.0,0.0,0.0,0.0,0.0,0.0,0.0,0.0
Brett Tillis,177.8,145.0,182.9,36.8,0.6923076923076923,1,0.0,0.0,0.0,0.0,0.0,0.0,0.0,0.0
Jordan Goodwin,177.8,155.0,182.9,36.8,0.6923076923076923,1,0.0,0.0,0.0,0.0,0.0,0.0,0.0,0.0
Dillon Smith,182.9,170.0,182.9,40.0,0.6923076923076923,1,0.0,0.0,0.0,0.0,0.0,0.0,0.0,0.0
Craig Jones,177.8,205.0,182.9,32.5,0.6923076923076923,1,0.0,0.0,0.0,0.0,0.0,0.0,0.0,0.0
Nick Meregali,177.8,155.0,182.9,36.8,0.6923076923076923,1,0.0,0.0,0.0,0.0,0.0,0.0,0.0,0.0
Gabriel Arges,177.8,170.0,182.9,30.9,0.6923076923076923,1,0.0,0.0,0.0,0.0,0.0,0.0,0.0,0.0
Dan Manasoiu,177.8,155.0,182.9,36.8,0.6923076923076923,1,0.0,0.0,0.0,0.0,0.0,0.0,0.0,0.0
Haisam Rida,177.8,155.0,182.9,30.4,0.6923076923076923,1,0.0,0.0,0.0,0.0,0.0,0.0,0.0,0.0
Helena Crevar,177.8,155.0,182.9,36.8,0.6923076923076923,1,0.0,0.0,0.0,0.0,0.0,0.0,0.0,0.0
Fedor Nikolov,177.8,155.0,182.9,36.8,0.6923076923076923,1,0.0,0.0,0.0,0.0,0.0,0.0,0.0,0.0
Cyborg Abreu,177.8,155.0,182.9,43.0,0.6923076923076923,1,0.0,0.0,0.0,0.0,0.0,0.0,0.0,0.0
Doug Kay,177.8,155.0,182.9,36.8,0.6923076923076923,1,0.0,0.0,0.0,0.0,0.0,0.0,0.0,0.0
Haven Torres,177.8,125.0,182.9,36.8,0.6923076923076923,1,0.0,0.0,0.0,0.0,0.0,0.0,0.0,0.0
